Num_Acc;an;mois;jour;hrmn;lum;agg;atm;col;dep
201400000001;14;5;7;2015;1;2;1;3;59
201400000002;14;5;31;430;1;2;1;6;59
201400000003;14;8;23;1800;1;2;1;3;59
201400000004;14;6;12;1700;1;2;1;1;59
201400000005;14;6;23;500;2;1;1;1;59
201400000006;14;10;11;630;5;1;2;2;59
201400000007;14;10;11;1445;1;2;1;7;59
201400000008;14;10;16;1200;1;2;1;6;59
201400000009;14;11;2;1100;1;1;1;1;59
201400000010;14;11;30;1930;5;2;8;6;59
201400000011;14;5;2;500;3;1;1;1;59
201400000012;14;6;3;1315;1;1;1;3;59
201400000013;14;11;21;845;1;1;1;6;59
201400000014;14;12;2;930;1;1;8;3;59
201400000015;14;12;19;930;1;1;2;5;59
201400000016;14;1;12;730;2;1;9;6;59
201400000017;14;1;26;1915;3;1;2;3;59
201400000018;14;2;22;945;1;1;7;2;59
201400000019;14;3;14;1500;1;2;1;3;59
201400000020;14;4;18;1630;1;1;1;7;59
201400000021;14;7;2;1400;1;1;1;3;59
201400000022;14;7;14;1915;1;2;1;1;59
201400000023;14;1;13;1415;1;1;1;3;59
201400000024;14;3;11;1100;1;1;1;1;59
201400000025;14;6;4;1400;1;1;1;1;59
201400000026;14;6;19;1330;1;1;1;1;59
201400000027;14;6;19;1530;1;1;1;7;59
201400000028;14;9;5;1345;1;1;1;3;59
201400000029;14;9;17;1245;1;1;1;2;59
201400000030;14;2;6;1100;1;1;1;3;59
201400000031;14;2;21;1445;1;2;1;6;59
201400000032;14;6;12;1815;1;2;7;6;59
201400000033;14;8;5;930;1;2;1;3;59
201400000034;14;9;28;1915;1;1;1;6;59
201400000035;14;10;31;1100;1;2;1;3;59
201400000036;14;12;2;845;2;2;1;6;59
201400000037;14;4;16;1300;1;1;1;6;59
201400000038;14;5;24;45;3;1;1;3;59
201400000039;14;6;15;1630;1;2;1;6;59
201400000040;14;7;10;2230;3;1;1;6;59
201400000041;14;8;1;1715;1;1;1;2;59
201400000042;14;8;14;1015;1;2;1;6;59
201400000043;14;10;7;915;1;2;2;6;59
201400000044;14;10;19;1000;1;1;1;7;59
201400000045;14;11;3;2000;5;1;3;7;59
201400000046;14;3;11;1730;1;2;1;1;59
201400000047;14;6;23;1545;1;1;1;3;59
201400000048;14;12;1;715;3;1;1;5;59
201400000049;14;12;8;430;3;1;9;7;59
201400000050;14;1;8;1800;5;2;2;6;59
201400000051;14;4;5;1515;1;1;7;3;59
201400000052;14;5;28;2000;1;1;1;6;59
201400000053;14;10;21;1115;1;2;3;1;59
201400000054;14;11;12;1000;1;2;1;3;59
201400000055;14;6;10;1245;1;2;1;3;59
201400000056;14;6;14;615;1;1;1;7;59
201400000057;14;6;16;1630;1;1;1;3;59
201400000058;14;6;30;930;1;2;1;7;59
201400000059;14;7;25;1115;1;1;1;6;59
201400000060;14;10;11;1045;1;1;1;1;59
201400000061;14;11;3;845;1;2;2;3;59
201400000062;14;11;15;1530;1;1;8;3;59
201400000063;14;1;4;1815;2;1;2;6;59
201400000064;14;1;11;1945;5;2;1;6;59
201400000065;14;2;23;1015;1;2;1;6;59
201400000066;14;3;3;1600;1;1;1;1;59
201400000067;14;3;23;445;3;1;1;7;59
201400000068;14;4;1;1245;1;1;1;1;59
201400000069;14;5;23;2015;1;1;1;1;59
201400000070;14;7;16;645;1;1;1;3;59
201400000071;14;7;16;800;1;1;1;5;59
201400000072;14;8;22;2045;1;1;1;3;59
201400000073;14;9;6;2145;3;1;1;6;59
201400000074;14;9;13;1700;1;2;1;7;59
201400000075;14;9;14;1100;1;2;1;6;59
201400000076;14;10;26;1730;2;1;1;1;59
201400000077;14;11;1;1815;3;1;1;1;59
201400000078;14;11;3;1845;2;1;8;2;59
201400000079;14;7;4;1545;1;2;1;3;59
201400000080;14;12;10;1600;1;1;1;7;59
201400000081;14;12;23;1445;1;2;1;3;59
201400000082;14;4;5;1815;1;1;1;3;59
201400000083;14;4;18;1815;1;2;1;6;59
201400000084;14;8;15;330;5;2;1;6;59
201400000085;14;9;7;1945;1;1;1;3;59
201400000086;14;10;22;345;3;1;1;6;59
201400000087;14;1;6;830;2;1;1;6;59
201400000088;14;1;17;745;5;1;1;6;59
201400000089;14;2;16;2100;5;1;1;6;59
201400000090;14;3;10;900;1;1;7;7;59
201400000091;14;6;26;950;1;2;1;3;59
201400000092;14;9;11;1000;1;1;1;6;59
201400000093;14;10;6;1115;1;1;1;6;59
201400000094;14;11;4;1415;1;1;1;3;59
201400000095;14;4;30;1415;1;2;1;3;59
201400000096;14;6;15;2230;2;1;1;3;59
201400000097;14;10;15;1815;1;2;2;1;59
201400000098;14;2;26;1445;1;1;1;2;59
201400000099;14;4;20;1945;1;1;1;6;59
201400000100;14;5;5;1645;1;1;1;6;59
201400000101;14;6;11;1215;1;1;1;6;59
201400000102;14;6;23;1615;1;2;1;6;59
201400000103;14;8;2;1030;1;2;1;6;59
201400000104;14;9;1;2015;1;2;1;7;59
201400000105;14;10;10;1115;1;2;1;7;59
201400000106;14;10;28;2330;3;1;1;6;59
201400000107;14;11;13;945;1;1;1;6;59
201400000108;14;12;9;1600;1;1;8;1;59
201400000109;14;2;2;1645;1;2;1;3;59
201400000110;14;2;18;1845;5;2;3;6;59
201400000111;14;5;22;1145;1;2;1;6;59
201400000112;14;5;25;1915;1;1;7;2;59
201400000113;14;6;12;900;1;2;1;1;59
201400000114;14;7;26;215;3;1;1;6;59
201400000115;14;10;18;300;5;2;1;6;59
201400000116;14;6;2;215;3;1;1;6;59
201400000117;14;7;4;1700;1;2;1;6;59
201400000118;14;7;5;1800;1;1;2;6;59
201400000119;14;5;1;1200;1;2;1;6;59
201400000120;14;4;30;2100;3;1;1;1;59
201400000121;14;7;18;1900;1;2;1;3;59
201400000122;14;8;9;1245;1;2;1;1;59
201400000123;14;3;11;1145;1;1;1;3;59
201400000124;14;4;5;1515;1;2;1;6;59
201400000125;14;4;23;1730;1;1;1;3;59
201400000126;14;11;27;2100;5;2;1;6;59
201400000127;14;11;29;1145;1;1;1;7;59
201400000128;14;12;27;900;2;1;6;6;59
201400000129;14;1;29;1330;1;1;1;1;59
201400000130;14;4;16;1030;1;1;1;1;59
201400000131;14;5;21;1615;1;2;1;5;59
201400000132;14;9;6;1700;1;2;1;1;59
201400000133;14;9;26;1700;1;2;1;6;59
201400000134;14;12;13;1030;1;1;2;1;59
201400000135;14;12;17;1715;5;2;1;6;59
201400000136;14;1;13;2000;5;2;2;6;59
201400000137;14;1;28;1815;5;2;2;6;59
201400000138;14;2;22;300;3;1;2;7;59
201400000139;14;2;23;2245;3;1;1;6;59
201400000140;14;3;6;1130;1;2;1;6;59
201400000141;14;3;26;815;1;2;1;3;59
201400000142;14;6;21;1500;1;2;1;6;59
201400000143;14;7;22;1015;1;2;2;6;59
201400000144;14;9;10;1700;1;2;1;2;59
201400000145;14;9;17;945;1;2;1;1;59
201400000146;14;3;15;1430;1;2;1;6;59
201400000147;14;3;25;1530;1;2;1;6;59
201400000148;14;11;22;515;3;1;1;6;59
201400000149;14;1;22;1830;2;1;1;3;59
201400000150;14;4;5;1115;1;1;1;3;59
201400000151;14;6;25;15;3;1;1;6;59
201400000152;14;9;1;1645;1;1;1;4;59
201400000153;14;9;2;1845;1;1;1;1;59
201400000154;14;11;27;1745;3;1;1;6;59
201400000155;14;2;3;1045;1;2;7;6;59
201400000156;14;9;20;1015;1;2;1;2;59
201400000157;14;10;22;830;2;1;1;7;59
201400000158;14;11;4;1315;1;2;1;1;59
201400000159;14;11;18;1145;1;2;1;1;59
201400000160;14;12;15;2130;3;1;2;1;59
201400000161;14;1;17;1600;1;1;3;1;59
201400000162;14;4;27;430;3;1;1;6;59
201400000163;14;9;19;730;1;1;1;6;59
201400000164;14;12;13;415;3;1;1;7;59
201400000165;14;12;19;1800;2;2;1;6;59
201400000166;14;6;7;1945;1;2;1;2;59
201400000167;14;6;12;1800;1;1;1;3;59
201400000168;14;1;17;1430;1;2;2;3;59
201400000169;14;2;8;1945;3;1;1;1;59
201400000170;14;5;1;2145;2;1;1;1;59
201400000171;14;10;3;2245;5;2;1;3;59
201400000172;14;10;19;1600;1;2;1;3;59
201400000173;14;10;20;900;1;2;1;2;59
201400000174;14;3;15;845;1;2;1;7;59
201400000175;14;10;29;1645;1;1;1;3;59
201400000176;14;1;14;1745;5;2;9;1;59
201400000177;14;7;13;1030;1;2;3;3;59
201400000178;14;7;30;900;1;2;1;6;59
201400000179;14;9;25;1430;1;2;1;6;59
201400000180;14;2;9;1415;1;1;4;6;62
201400000181;14;2;15;1030;1;1;1;6;62
201400000182;14;3;1;545;3;1;1;6;62
201400000183;14;4;18;1830;1;1;1;4;62
201400000184;14;4;27;2100;2;1;9;6;62
201400000185;14;7;8;930;1;1;1;2;62
201400000186;14;9;1;1415;1;1;1;7;62
201400000187;14;1;7;1800;1;1;1;5;62
201400000188;14;2;7;1500;1;1;8;3;62
201400000189;14;3;6;2145;3;1;1;6;62
201400000190;14;4;3;1615;1;1;1;1;62
201400000191;14;4;27;1330;1;2;2;3;62
201400000192;14;6;13;1700;1;1;1;1;62
201400000193;14;12;11;1615;1;1;2;1;62
201400000194;14;1;22;1745;5;2;2;6;62
201400000195;14;4;19;2030;3;1;1;6;62
201400000196;14;7;8;1345;1;1;1;7;62
201400000197;14;12;6;845;1;1;8;7;62
201400000198;14;12;28;2300;3;1;9;7;62
201400000199;14;11;19;1745;2;1;1;6;62
201400000200;14;3;12;1145;1;1;1;3;62
201400000201;14;1;10;1915;3;1;1;3;62
201400000202;14;1;11;1645;1;1;1;3;62
201400000203;14;1;16;1000;1;1;3;1;62
201400000204;14;1;22;1845;5;2;2;4;62
201400000205;14;2;2;2000;3;1;1;6;62
201400000206;14;5;2;915;1;2;1;6;62
201400000207;14;6;29;2000;1;2;1;6;62
201400000208;14;7;25;245;3;1;1;1;62
201400000209;14;8;2;1045;1;1;1;1;62
201400000210;14;8;27;1400;1;1;1;6;62
201400000211;14;8;28;1330;1;1;1;1;62
201400000212;14;10;4;800;1;1;1;7;62
201400000213;14;10;28;745;2;1;1;1;62
201400000214;14;12;3;1715;2;2;1;3;62
201400000215;14;12;24;1530;1;1;2;7;62
201400000216;14;9;2;1715;1;1;1;3;62
201400000217;14;10;15;945;1;2;1;3;62
201400000218;14;1;7;15;3;1;1;6;62
201400000219;14;3;6;1415;1;2;1;5;62
201400000220;14;3;30;930;1;2;1;6;62
201400000221;14;5;29;1500;1;2;1;3;62
201400000222;14;10;27;1730;2;2;1;3;62
201400000223;14;1;18;1230;1;1;8;7;62
201400000224;14;2;21;1845;4;1;1;6;62
201400000225;14;3;21;1045;1;1;2;7;62
201400000226;14;3;23;30;5;1;1;6;62
201400000227;14;5;5;1330;1;2;1;6;62
201400000228;14;5;14;2000;1;1;1;3;62
201400000229;14;5;17;1815;1;1;1;6;62
201400000230;14;5;21;1845;1;1;1;3;62
201400000231;14;6;25;745;1;1;1;2;62
201400000232;14;8;6;700;2;2;2;3;62
201400000233;14;9;20;1230;1;2;1;1;62
201400000234;14;11;7;1630;1;1;8;6;62
201400000235;14;12;9;1730;3;1;1;6;62
201400000236;14;1;6;730;2;1;1;1;62
201400000237;14;7;4;1000;1;2;1;7;62
201400000238;14;8;10;545;5;2;1;6;62
201400000239;14;8;23;200;3;1;1;6;62
201400000240;14;9;8;1745;1;2;1;6;62
201400000241;14;9;12;1915;1;1;1;3;62
201400000242;14;10;12;2215;3;1;3;7;62
201400000243;14;12;13;1330;1;2;1;3;62
201400000244;14;12;20;1045;1;2;1;6;62
201400000245;14;1;11;1400;1;1;1;1;62
201400000246;14;3;21;830;1;1;2;3;62
201400000247;14;2;3;1945;3;2;1;6;62
201400000248;14;4;8;1645;1;2;1;6;62
201400000249;14;9;12;1745;1;1;1;4;62
201400000250;14;11;30;1845;5;2;1;3;62
201400000251;14;6;14;430;3;1;1;7;62
201400000252;14;10;19;1630;1;1;1;1;62
201400000253;14;11;8;1415;1;1;1;1;62
201400000254;14;7;14;945;1;2;1;1;62
201400000255;14;7;19;1100;1;1;1;6;62
201400000256;14;9;13;915;1;2;1;3;62
201400000257;14;9;18;1315;1;2;1;6;62
201400000258;14;11;3;1045;1;1;3;3;62
201400000259;14;11;28;815;1;1;1;6;62
201400000260;14;12;7;1345;1;1;3;7;62
201400000261;14;2;4;2115;5;2;1;1;62
201400000262;14;4;17;1045;1;2;1;3;62
201400000263;14;4;16;445;3;1;1;6;62
201400000264;14;5;26;1745;1;2;2;3;62
201400000265;14;6;4;1430;1;1;1;3;62
201400000266;14;7;12;1645;1;1;1;7;62
201400000267;14;8;29;2300;3;2;1;6;62
201400000268;14;9;29;1415;1;2;1;6;62
201400000269;14;10;12;1630;1;2;1;6;62
201400000270;14;10;17;2315;3;2;1;1;62
201400000271;14;5;23;1745;1;1;1;6;62
201400000272;14;6;14;1215;1;2;1;3;62
201400000273;14;6;22;1200;1;2;1;3;62
201400000274;14;9;16;2015;2;1;1;6;62
201400000275;14;8;22;1600;1;2;1;3;62
201400000276;14;10;4;1430;1;2;1;6;62
201400000277;14;11;6;245;3;2;1;6;62
201400000278;14;11;22;1815;5;2;1;6;62
201400000279;14;11;27;415;5;2;1;1;62
201400000280;14;3;16;2045;3;2;1;6;62
201400000281;14;9;7;1215;1;1;1;6;62
201400000282;14;9;11;2230;3;1;1;3;62
201400000283;14;12;23;1915;3;1;8;5;62
201400000284;14;7;29;1715;1;1;1;3;62
201400000285;14;9;5;1730;1;1;1;3;62
201400000286;14;9;23;745;1;1;1;2;62
201400000287;14;10;2;2015;2;2;1;3;62
201400000288;14;11;1;2130;3;1;1;6;62
201400000289;14;8;5;1700;1;1;1;3;62
201400000290;14;8;15;600;2;1;8;3;62
201400000291;14;9;21;1330;1;1;1;3;62
201400000292;14;10;26;1645;2;2;1;6;62
201400000293;14;11;14;1845;3;2;1;6;62
201400000294;14;11;14;1845;3;1;2;1;62
201400000295;14;1;9;845;1;1;1;6;62
201400000296;14;2;23;545;3;1;1;6;62
201400000297;14;3;13;1915;3;1;5;3;62
201400000298;14;3;19;1700;1;1;1;1;62
201400000299;14;4;27;1545;1;1;1;1;62
201400000300;14;7;9;1945;2;1;3;6;62
201400000301;14;7;13;1100;1;1;2;6;62
201400000302;14;10;3;1715;1;2;1;3;62
201400000303;14;10;7;2100;3;1;2;3;62
201400000304;14;5;16;845;1;2;1;6;62
201400000305;14;5;16;1745;1;2;1;3;62
201400000306;14;10;27;1615;1;1;1;7;62
201400000307;14;12;15;2045;3;1;8;5;62
201400000308;14;8;23;1830;1;2;8;3;62
201400000309;14;9;30;1015;1;1;1;2;80
201400000310;14;3;14;300;3;1;5;7;80
201400000311;14;12;11;1945;3;1;3;6;80
201400000312;14;3;30;1230;1;1;1;6;80
201400000313;14;1;6;1815;3;1;2;7;80
201400000314;14;1;27;1730;2;1;1;7;80
201400000315;14;4;13;1815;1;1;1;1;80
201400000316;14;1;30;1330;1;2;1;6;80
201400000317;14;7;18;830;1;1;1;1;80
201400000318;14;10;3;1215;1;2;1;6;80
201400000319;14;10;19;1300;1;1;1;6;80
201400000320;14;12;11;1730;5;2;3;6;80
201400000321;14;12;12;1700;5;2;2;6;80
201400000322;14;12;21;1545;1;2;1;3;80
201400000323;14;1;18;1030;1;1;1;3;80
201400000324;14;9;26;1300;1;2;1;1;80
201400000325;14;9;27;1730;1;1;1;3;80
201400000326;14;2;2;445;5;2;1;6;20
201400000327;14;3;22;2000;4;1;1;3;20
201400000328;14;5;5;1830;1;1;1;3;20
201400000329;14;8;23;1900;1;2;1;6;20
201400000330;14;3;30;100;5;2;1;6;20
201400000331;14;9;15;915;1;1;1;3;20
201400000332;14;10;9;115;3;1;2;6;20
201400000333;14;10;9;1700;1;1;1;6;20
201400000334;14;11;18;1100;1;1;1;3;20
201400000335;14;11;21;1645;2;1;1;6;20
201400000336;14;12;28;715;5;2;1;6;20
201400000337;14;1;24;1855;3;1;1;1;20
201400000338;14;1;23;1815;2;1;2;1;20
201400000339;14;1;24;525;3;1;9;2;20
201400000340;14;7;27;1700;1;2;1;6;20
201400000341;14;8;30;1130;1;1;1;6;20
201400000342;14;10;7;830;1;2;1;1;20
201400000343;14;1;19;615;3;1;1;5;20
201400000344;14;4;23;1700;1;2;1;3;20
201400000345;14;10;20;1645;1;2;1;1;20
201400000346;14;1;18;1645;2;2;1;3;20
201400000347;14;3;23;445;5;2;1;6;20
201400000348;14;4;12;1300;1;2;1;1;20
201400000349;14;7;5;1400;1;1;1;7;20
201400000350;14;9;25;2045;3;2;1;6;20
201400000351;14;10;15;730;1;1;1;1;20
201400000352;14;5;21;910;1;1;8;3;20
201400000353;14;7;3;1215;1;2;1;1;20
201400000354;14;6;17;2100;1;2;1;6;20
201400000355;14;9;14;1630;1;1;1;1;20
201400000356;14;12;22;1900;3;1;1;6;20
201400000357;14;3;14;1915;2;2;1;6;20
201400000358;14;6;29;2115;2;1;9;6;20
201400000359;14;7;11;1045;1;1;1;6;20
201400000360;14;8;10;1900;2;1;1;6;20
201400000361;14;8;13;500;3;1;5;6;20
201400000362;14;10;31;2300;5;1;1;6;20
201400000363;14;7;26;1700;1;2;1;6;20
201400000364;14;9;6;2145;3;1;1;7;20
201400000365;14;8;31;1815;1;2;1;1;20
201400000366;14;1;24;740;3;1;9;1;20
201400000367;14;3;29;1645;1;1;1;6;20
201400000368;14;4;29;745;1;2;1;6;20
201400000369;14;5;13;2115;3;1;1;7;20
201400000370;14;6;6;1830;1;1;1;3;20
201400000371;14;9;18;715;1;1;1;1;20
201400000372;14;2;21;1645;1;2;1;6;20
201400000373;14;8;12;1600;1;1;1;6;20
201400000374;14;9;6;2145;3;1;1;7;20
201400000375;14;9;10;715;1;1;1;3;20
201400000376;14;9;10;1715;1;1;1;6;20
201400000377;14;11;7;1900;2;1;1;7;20
201400000378;14;7;2;1215;1;1;1;2;20
201400000379;14;7;17;800;1;1;1;4;20
201400000380;14;3;22;1835;2;2;1;7;20
201400000381;14;4;18;1530;1;1;1;1;20
201400000382;14;7;18;2015;1;2;1;3;20
201400000383;14;9;29;1115;1;1;2;1;20
201400000384;14;11;12;1700;2;1;1;7;20
201400000385;14;2;12;815;1;1;1;7;20
201400000386;14;3;15;940;1;1;1;4;20
201400000387;14;3;28;1400;1;1;1;1;20
201400000388;14;6;10;930;1;1;1;3;20
201400000389;14;6;17;1845;1;1;1;1;20
201400000390;14;6;15;1700;1;1;1;1;20
201400000391;14;10;25;600;2;1;2;6;20
201400000392;14;12;5;2100;3;1;1;2;20
201400000393;14;12;19;1830;2;2;1;3;20
201400000394;14;3;27;400;3;2;9;6;20
201400000395;14;7;3;2115;1;1;1;1;20
201400000396;14;4;5;2115;5;2;1;1;20
201400000397;14;6;6;1445;1;2;7;1;20
201400000398;14;7;2;1745;1;2;7;1;20
201400000399;14;7;12;1200;1;1;1;2;20
201400000400;14;10;22;1845;2;1;1;3;20
201400000401;14;1;18;2015;5;2;1;2;60
201400000402;14;3;3;1915;2;1;2;3;60
201400000403;14;5;3;2115;5;2;1;6;60
201400000404;14;6;26;1630;1;2;1;6;60
201400000405;14;8;23;2345;5;2;1;3;60
201400000406;14;2;22;900;1;1;8;6;60
201400000407;14;6;23;745;1;1;7;1;60
201400000408;14;8;28;1045;1;2;3;3;60
201400000409;14;11;23;2215;3;1;2;6;60
201400000410;14;12;17;1300;1;2;2;6;60
201400000411;14;3;25;800;1;1;2;3;60
201400000412;14;4;18;715;2;1;1;5;60
201400000413;14;5;12;715;1;1;1;3;60
201400000414;14;5;15;930;1;1;1;3;60
201400000415;14;8;7;1130;1;2;3;6;60
201400000416;14;9;29;1730;1;1;2;1;60
201400000417;14;10;26;1430;1;1;1;3;60
201400000418;14;11;23;1730;2;1;1;7;60
201400000419;14;3;15;1745;1;1;1;3;60
201400000420;14;3;15;1200;1;2;1;6;60
201400000421;14;3;27;645;2;1;1;1;60
201400000422;14;7;13;545;2;1;2;6;60
201400000423;14;11;20;1645;2;1;5;7;60
201400000424;14;12;6;730;3;1;9;6;60
201400000425;14;12;7;2315;3;1;2;6;60
201400000426;14;9;15;2000;2;1;1;3;60
201400000427;14;1;16;1415;1;1;1;5;60
201400000428;14;1;17;1145;1;1;3;1;60
201400000429;14;1;28;730;2;2;1;6;60
201400000430;14;2;22;2230;3;1;1;6;60
201400000431;14;4;18;1600;1;2;1;6;60
201400000432;14;5;6;900;1;2;2;6;60
201400000433;14;5;14;1915;1;1;1;1;60
201400000434;14;9;12;730;1;2;1;1;60
201400000435;14;10;4;1530;1;1;1;6;60
201400000436;14;10;5;1630;1;2;1;6;60
201400000437;14;11;8;1830;5;2;1;7;60
201400000438;14;11;9;2330;3;1;1;1;60
201400000439;14;12;7;1915;3;1;2;5;60
201400000440;14;12;4;1700;2;2;1;6;60
201400000441;14;2;2;1945;3;1;1;7;60
201400000442;14;4;4;515;3;1;1;6;60
201400000443;14;7;26;1600;1;1;9;3;60
201400000444;14;11;7;1845;2;1;1;3;60
201400000445;14;11;21;1830;3;1;1;3;60
201400000446;14;1;11;2000;3;1;1;6;60
201400000447;14;8;6;815;1;2;1;3;60
201400000448;14;8;25;1800;1;1;3;4;60
201400000449;14;11;27;1930;5;2;2;6;60
201400000450;14;12;9;800;1;1;1;3;60
201400000451;14;1;20;1645;1;2;1;1;60
201400000452;14;3;8;1530;1;1;7;3;60
201400000453;14;4;21;1130;1;1;2;1;60
201400000454;14;4;29;1845;1;1;1;3;60
201400000455;14;5;5;1445;1;2;1;3;60
201400000456;14;6;20;845;1;1;1;2;60
201400000457;14;7;29;1645;1;1;2;3;60
201400000458;14;1;17;1445;1;1;2;1;60
201400000459;14;7;3;1900;1;1;1;1;60
201400000460;14;7;19;1415;1;1;1;3;60
201400000461;14;12;14;615;3;1;5;6;60
201400000462;14;2;14;745;2;1;1;4;60
201400000463;14;3;24;1700;1;2;1;3;60
201400000464;14;7;31;1700;1;2;1;3;60
201400000465;14;9;23;1815;1;1;1;7;60
201400000466;14;11;5;1830;3;1;8;1;60
201400000467;14;1;1;1245;1;1;2;5;60
201400000468;14;1;12;115;5;2;5;7;60
201400000469;14;2;26;1130;1;1;1;5;60
201400000470;14;4;3;1545;1;1;1;3;60
201400000471;14;10;17;830;1;1;1;1;60
201400000472;14;11;25;715;2;1;8;3;60
201400000473;14;2;22;1600;1;2;1;1;60
201400000474;14;1;20;815;2;2;2;3;60
201400000475;14;2;16;1130;1;2;1;7;60
201400000476;14;5;15;2115;1;1;1;1;60
201400000477;14;5;16;2000;1;1;1;1;60
201400000478;14;5;22;615;2;1;1;7;60
201400000479;14;5;25;1600;1;2;1;3;60
201400000480;14;7;16;1145;1;1;1;1;60
201400000481;14;8;3;1700;1;2;1;1;60
201400000482;14;8;23;145;3;1;1;1;60
201400000483;14;11;6;1915;3;1;1;1;60
201400000484;14;12;18;730;2;2;2;6;60
201400000485;14;1;17;700;5;2;1;6;57
201400000486;14;5;24;1230;1;1;1;3;57
201400000487;14;6;21;1730;1;1;1;3;57
201400000488;14;6;23;945;1;1;1;7;57
201400000489;14;8;31;1645;1;1;1;1;57
201400000490;14;9;3;1015;1;1;1;6;57
201400000491;14;9;16;1915;1;1;1;1;57
201400000492;14;10;6;1200;1;2;1;6;57
201400000493;14;10;19;1445;1;2;1;3;57
201400000494;14;10;27;1815;5;2;1;6;57
201400000495;14;11;2;715;2;1;5;6;57
201400000496;14;11;29;1515;1;1;1;1;57
201400000497;14;1;21;715;5;2;9;6;60
201400000498;14;4;11;2200;4;2;1;3;60
201400000499;14;5;16;1530;1;1;1;2;60
201400000500;14;9;7;630;3;1;1;6;60
201400000501;14;10;31;1830;5;2;1;1;60
201400000502;14;11;8;1100;1;1;1;1;60
201400000503;14;11;22;2015;3;1;1;2;60
201400000504;14;11;24;1545;1;2;2;1;60
201400000505;14;5;22;1300;1;2;1;6;60
201400000506;14;7;19;1830;1;1;1;1;60
201400000507;14;8;3;330;3;1;1;3;60
201400000508;14;11;14;930;1;1;1;6;60
201400000509;14;2;18;1630;1;2;2;6;60
201400000510;14;2;22;230;3;1;1;6;60
201400000511;14;4;13;1800;1;2;1;3;60
201400000512;14;4;16;1715;1;2;1;3;60
201400000513;14;6;3;1515;1;1;1;3;60
201400000514;14;7;3;1000;1;2;1;6;60
201400000515;14;8;27;1715;1;2;1;1;60
201400000516;14;9;2;2045;2;2;1;3;60
201400000517;14;2;19;745;2;2;2;3;60
201400000518;14;3;29;2115;5;2;1;1;60
201400000519;14;4;13;1;4;2;1;6;60
201400000520;14;4;7;1215;1;2;1;3;60
201400000521;14;4;18;1645;1;2;1;6;60
201400000522;14;3;5;1245;1;1;1;3;60
201400000523;14;5;4;215;3;1;1;6;60
201400000524;14;6;30;1330;1;1;1;3;60
201400000525;14;11;28;1600;2;1;1;6;60
201400000526;14;4;30;2000;2;1;2;7;60
201400000527;14;6;28;1000;1;1;2;6;60
201400000528;14;7;2;700;1;1;1;1;60
201400000529;14;8;26;1300;1;1;2;5;60
201400000530;14;9;5;1600;1;1;1;4;60
201400000531;14;11;3;1945;3;1;3;5;60
201400000532;14;1;10;1815;5;2;1;4;60
201400000533;14;4;19;1945;3;1;2;1;60
201400000534;14;4;22;1045;1;1;1;6;60
201400000535;14;6;8;300;3;1;3;6;60
201400000536;14;7;10;1230;1;2;8;4;60
201400000537;14;12;17;1830;3;1;8;7;60
201400000538;14;2;12;730;2;1;9;5;76
201400000539;14;3;26;1315;1;1;1;1;76
201400000540;14;6;18;15;5;2;1;6;76
201400000541;14;6;6;1900;1;1;3;7;76
201400000542;14;11;20;1815;3;1;1;1;76
201400000543;14;11;21;845;1;1;1;3;76
201400000544;14;2;23;1145;1;1;1;3;76
201400000545;14;2;27;1115;1;2;2;6;76
201400000546;14;10;21;1900;2;1;6;3;76
201400000547;14;10;23;1815;1;1;1;1;76
201400000548;14;10;27;1545;1;1;7;3;76
201400000549;14;11;12;715;1;1;1;7;76
201400000550;14;11;14;1545;1;1;1;6;76
201400000551;14;12;27;1730;2;1;1;7;76
201400000552;14;4;9;1845;1;1;7;2;76
201400000553;14;5;16;1930;1;1;7;7;76
201400000554;14;5;22;1745;1;1;1;1;76
201400000555;14;5;31;1830;1;2;1;6;76
201400000556;14;6;25;1200;1;1;1;3;76
201400000557;14;10;12;315;5;2;1;1;76
201400000558;14;12;15;1700;5;2;2;6;76
201400000559;14;3;10;1400;1;2;1;7;76
201400000560;14;10;26;1400;1;2;1;3;76
201400000561;14;2;22;1145;1;1;1;3;76
201400000562;14;7;13;1245;1;1;2;1;76
201400000563;14;2;12;815;1;1;9;1;76
201400000564;14;4;2;1445;1;1;1;6;76
201400000565;14;7;27;230;5;2;1;6;76
201400000566;14;8;19;1600;1;1;1;3;76
201400000567;14;8;30;1900;1;1;1;1;76
201400000568;14;9;16;1400;1;1;1;7;76
201400000569;14;9;20;1345;1;1;3;6;76
201400000570;14;10;14;1900;3;1;1;3;76
201400000571;14;10;15;1830;1;1;2;7;76
201400000572;14;11;20;1900;3;1;1;3;76
201400000573;14;2;14;730;5;2;2;6;76
201400000574;14;2;19;730;2;1;1;7;76
201400000575;14;3;25;1615;1;1;2;5;76
201400000576;14;3;28;2345;3;1;1;7;76
201400000577;14;4;9;1545;1;1;1;1;76
201400000578;14;6;22;2115;1;1;1;1;76
201400000579;14;6;27;1500;1;2;8;3;76
201400000580;14;8;12;700;1;1;7;6;76
201400000581;14;8;29;2000;1;1;1;1;76
201400000582;14;9;9;800;1;1;1;5;76
201400000583;14;9;25;1700;1;2;1;6;76
201400000584;14;9;28;1830;1;1;1;1;76
201400000585;14;10;18;845;1;1;1;7;76