Num_Acc;an;mois;jour;hrmn;lum;agg;atm;col;dep
201400001172;14;1;17;2100;3;1;8;6;29
201400001173;14;1;24;1215;1;2;2;6;29
201400001174;14;2;22;1630;1;2;1;3;29
201400001175;14;3;5;1715;1;1;7;1;29
201400001176;14;3;10;1030;1;1;1;3;29
201400001177;14;5;31;1830;1;1;1;1;29
201400001178;14;6;17;1700;1;2;1;3;29
201400001179;14;8;25;1000;1;1;3;6;29
201400001180;14;9;12;1330;1;1;1;1;29
201400001181;14;9;16;2015;1;1;1;3;29
201400001182;14;9;23;1645;1;1;1;3;29
201400001183;14;9;27;2030;3;1;1;6;29
201400001184;14;11;25;1345;1;1;1;7;29
201400001185;14;7;8;1015;1;1;1;4;56
201400001186;14;1;24;300;3;1;2;6;56
201400001187;14;1;27;2045;3;1;1;7;56
201400001188;14;1;30;615;3;1;2;1;56
201400001189;14;2;1;1730;1;1;1;7;56
201400001190;14;3;4;930;1;1;1;1;56
201400001191;14;5;15;2030;1;1;1;1;56
201400001192;14;5;28;1315;1;2;1;6;56
201400001193;14;7;1;730;1;1;8;3;56
201400001194;14;7;2;1430;1;2;1;3;56
201400001195;14;7;6;2045;1;1;1;1;56
201400001196;14;10;17;700;3;1;8;1;56
201400001197;14;11;20;945;1;1;1;3;56
201400001198;14;12;27;630;3;1;1;6;56
201400001199;14;1;23;1715;1;2;8;6;56
201400001200;14;1;25;1600;1;1;7;6;56
201400001201;14;3;6;45;3;1;1;6;56
201400001202;14;4;10;1800;1;1;1;2;56
201400001203;14;4;19;1615;1;2;1;6;56
201400001204;14;5;23;1230;1;1;1;6;56
201400001205;14;6;1;130;3;1;1;6;56
201400001206;14;6;21;515;2;1;1;6;56
201400001207;14;7;4;1445;1;1;6;3;56
201400001208;14;12;29;1630;1;1;1;7;56
201400001209;14;1;9;1015;1;1;1;1;56
201400001210;14;1;14;530;3;1;1;7;56
201400001211;14;2;24;1245;1;1;1;3;56
201400001212;14;2;28;1145;1;1;1;1;56
201400001213;14;7;27;1630;1;2;1;6;56
201400001214;14;1;1;1230;1;1;6;6;56
201400001215;14;1;6;1600;1;1;8;5;56
201400001216;14;2;18;1030;1;1;1;3;56
201400001217;14;4;25;800;1;1;1;1;56
201400001218;14;6;27;1945;1;1;1;4;56
201400001219;14;6;28;200;3;1;1;7;56
201400001220;14;7;17;2030;1;2;8;7;56
201400001221;14;9;22;1645;1;1;1;1;56
201400001222;14;10;11;915;1;1;1;3;56
201400001223;14;11;21;800;2;2;5;3;56
201400001224;14;1;20;745;5;2;1;1;56
201400001225;14;1;25;1045;1;2;1;6;56
201400001226;14;2;23;2000;1;2;1;7;56
201400001227;14;3;21;1945;5;2;1;6;56
201400001228;14;3;28;1600;1;2;1;3;56
201400001229;14;7;9;1830;1;1;1;4;56
201400001230;14;8;31;445;3;1;1;7;56
201400001231;14;9;19;715;1;2;1;3;56
201400001232;14;10;20;100;3;1;1;7;56
201400001233;14;11;8;2115;5;2;1;6;56
201400001234;14;11;13;2000;3;1;8;1;56
201400001235;14;11;22;1630;1;1;1;5;56
201400001236;14;1;9;1545;2;1;8;1;56
201400001237;14;3;6;1700;5;2;1;3;56
201400001238;14;7;26;1100;1;2;1;3;56
201400001239;14;8;16;1115;1;2;1;6;56
201400001240;14;1;10;1945;4;2;3;6;56
201400001241;14;8;14;1145;1;1;1;3;56
201400001242;14;9;9;2300;5;2;1;7;56
201400001243;14;11;12;1500;1;1;3;1;56
201400001244;14;11;17;945;1;2;1;3;56
201400001245;14;1;20;815;2;2;5;6;56
201400001246;14;2;11;2000;3;1;8;1;56
201400001247;14;3;4;845;2;1;7;7;56
201400001248;14;3;2;1215;1;2;2;2;56
201400001249;14;8;17;1900;1;1;1;1;56
201400001250;14;9;3;1715;1;1;1;2;56
201400001251;14;9;26;2030;4;2;1;7;56
201400001252;14;10;13;1800;1;1;1;3;56
201400001253;14;10;9;1300;1;1;1;7;56
201400001254;14;10;19;1815;1;1;1;1;56
201400001255;14;12;31;1845;3;1;1;6;56
201400001256;14;2;9;2120;3;1;2;7;56
201400001257;14;2;14;1;3;1;2;6;56
201400001258;14;5;14;1845;1;2;1;3;56
201400001259;14;8;1;1730;1;1;1;3;56
201400001260;14;9;12;1645;1;2;1;6;56
201400001261;14;10;4;1715;1;1;8;3;56
201400001262;14;10;16;845;1;1;8;1;56
201400001263;14;1;10;1315;1;1;1;6;56
201400001264;14;1;12;1130;1;1;1;6;56
201400001265;14;3;16;1830;1;1;1;1;56
201400001266;14;3;16;1845;1;1;7;2;56
201400001267;14;4;7;645;2;1;2;6;56
201400001268;14;5;9;1900;1;1;1;6;56
201400001269;14;5;20;1515;2;1;1;1;56
201400001270;14;6;9;200;3;1;1;6;56
201400001271;14;6;16;1130;1;1;7;6;56
201400001272;14;7;6;1600;1;1;2;1;56
201400001273;14;7;6;2130;1;2;1;6;56
201400001274;14;7;24;1400;1;1;1;1;56
201400001275;14;9;5;1745;1;1;1;7;56
201400001276;14;2;26;1615;1;1;1;5;56
201400001277;14;8;6;1600;1;1;1;1;56
201400001278;14;10;5;1000;1;1;1;6;56
201400001279;14;11;3;1700;2;1;2;2;56
201400001280;14;11;28;945;1;1;1;1;56
201400001281;14;1;16;745;3;1;8;1;56
201400001282;14;2;4;1430;1;2;1;6;56
201400001283;14;3;14;100;3;1;1;6;56
201400001284;14;3;15;1830;1;2;1;6;56
201400001285;14;3;16;1415;1;2;1;1;56
201400001286;14;4;24;930;1;1;1;7;56
201400001287;14;5;26;900;1;1;1;7;56
201400001288;14;5;31;1815;1;1;1;3;56
201400001289;14;6;18;745;1;1;1;1;56
201400001290;14;7;2;2145;1;1;1;1;56
201400001291;14;7;25;2000;2;2;7;1;56
201400001292;14;9;2;1615;1;2;7;6;56
201400001293;14;12;19;845;2;1;2;1;56
201400001294;14;3;12;1415;1;1;1;2;56
201400001295;14;4;26;1245;1;1;8;1;56
201400001296;14;5;1;1400;1;1;8;1;56
201400001297;14;7;21;715;1;1;1;3;56
201400001298;14;10;28;1630;1;1;1;6;56
201400001299;14;11;18;1800;3;1;1;5;56
201400001300;14;10;24;1245;1;1;1;3;14
201400001301;14;12;31;700;3;1;8;1;14
201400001302;14;1;10;2230;3;1;1;6;14
201400001303;14;4;24;735;1;1;1;3;14
201400001305;14;11;29;1220;1;1;1;7;14
201400001306;14;12;28;230;3;1;6;6;14
201400001307;14;1;9;800;2;1;8;6;14
201400001308;14;1;16;1845;3;1;1;1;14
201400001310;14;3;4;745;2;1;1;3;14
201400001311;14;3;18;815;1;1;1;3;14
201400001312;14;5;11;45;4;2;1;6;14
201400001313;14;5;25;1730;1;1;3;3;14
201400001314;14;5;28;1800;1;1;8;1;14
201400001315;14;11;10;530;3;1;1;3;14
201400001316;14;1;1;1800;5;2;3;6;14
201400001317;14;1;13;1630;1;2;1;3;14
201400001318;14;2;12;715;2;1;8;1;14
201400001319;14;3;13;530;3;1;5;6;14
201400001320;14;4;1;1800;1;1;1;1;14
201400001321;14;4;24;830;1;1;1;1;14
201400001322;14;5;8;445;3;1;1;6;14
201400001323;14;5;14;1645;1;1;1;2;14
201400001324;14;6;13;1415;1;2;1;1;14
201400001325;14;6;15;1800;1;1;1;3;14
201400001326;14;6;25;2100;1;1;1;1;14
201400001328;14;9;14;915;1;1;1;3;14
201400001329;14;9;17;1945;1;2;1;1;14
201400001330;14;11;3;750;1;1;2;3;14
201400001331;14;12;1;745;5;2;1;1;14
201400001332;14;12;7;15;1;1;1;6;14
201400001333;14;12;25;900;4;2;1;6;14
201400001334;14;1;7;1830;5;2;1;3;14
201400001335;14;3;10;1800;1;2;1;3;14
201400001336;14;3;11;2100;5;2;1;6;14
201400001337;14;6;12;1205;1;1;1;3;14
201400001338;14;8;17;2055;2;2;2;6;14
201400001341;14;11;22;1545;1;2;1;3;14
201400001342;14;11;28;1830;5;2;1;1;14
201400001343;14;12;1;1130;1;1;8;1;14
201400001344;14;1;11;1145;1;2;1;6;14
201400001345;14;4;5;1525;1;1;1;7;14
201400001346;14;4;9;755;1;1;5;3;14
201400001347;14;5;2;2230;3;1;1;1;14
201400001348;14;8;23;2330;3;2;1;6;14
201400001349;14;9;4;1230;1;2;1;7;14
201400001350;14;10;14;2245;3;1;1;6;14
201400001351;14;4;18;1445;1;2;1;6;14
201400001356;14;12;2;1830;3;1;3;1;14
201400001357;14;6;17;1055;1;1;1;7;14
201400001359;14;3;15;150;3;1;1;6;14
201400001360;14;4;25;1400;1;1;1;6;14
201400001361;14;6;27;915;1;2;1;3;14
201400001362;14;7;26;1945;1;1;1;7;14
201400001363;14;8;21;1300;1;1;1;4;14
201400001364;14;9;5;1830;1;1;1;5;14
201400001365;14;3;28;2100;3;1;8;6;14
201400001366;14;6;20;845;2;2;1;6;14
201400001367;14;7;3;330;3;1;1;6;14
201400001369;14;11;5;1545;1;1;1;1;14
201400001370;14;11;6;900;1;1;1;6;14
201400001371;14;11;22;1455;1;1;1;3;14
201400001372;14;1;17;1630;1;1;2;3;14
201400001373;14;1;19;1100;1;1;1;1;14
201400001376;14;11;17;838;2;2;2;3;14
201400001377;14;12;1;900;1;1;1;7;14
201400001378;14;12;25;1345;1;1;1;3;14
201400001379;14;1;25;1900;3;1;1;3;14
201400001380;14;2;7;830;1;1;6;3;14
201400001381;14;10;22;1500;1;1;1;1;14
201400001382;14;11;29;2000;3;2;1;6;14
201400001383;14;1;31;1900;3;1;3;1;14
201400001384;14;2;28;1900;3;1;3;6;14
201400001385;14;3;1;1145;1;1;1;6;14
201400001386;14;3;10;1845;2;2;1;3;14
201400001387;14;3;16;1315;1;1;1;3;14
201400001388;14;6;9;1415;1;1;1;6;14
201400001389;14;7;29;900;1;1;2;7;14
201400001390;14;8;27;1830;1;1;1;1;14
201400001391;14;8;30;1630;1;1;8;3;14
201400001392;14;9;28;1015;1;1;1;3;14
201400001393;14;9;28;1635;1;1;1;3;14
201400001394;14;10;16;2245;3;1;3;1;14
201400001396;14;11;22;1605;2;1;1;1;14
201400001397;14;12;25;1300;1;1;8;6;14
201400001398;14;1;13;815;2;1;1;6;14
201400001399;14;1;17;745;5;2;2;6;14
201400001400;14;4;11;1130;1;2;1;6;14
201400001401;14;5;3;1915;1;2;1;6;14
201400001402;14;8;28;2115;3;1;3;7;50
201400001403;14;10;13;1615;1;2;1;6;50
201400001404;14;11;5;850;2;1;7;3;50
201400001405;14;1;15;1615;1;1;8;6;50
201400001406;14;3;19;1615;1;1;1;3;50
201400001407;14;4;5;1225;1;1;1;1;50
201400001408;14;7;23;1600;1;1;1;3;50
201400001409;14;7;26;1200;1;1;1;1;50
201400001410;14;10;1;2315;3;1;2;6;50
201400001411;14;2;5;1330;1;2;2;6;50
201400001412;14;3;1;1900;2;1;1;3;94
201400001413;14;4;11;1615;1;1;1;3;94
201400001414;14;5;25;1100;1;1;1;1;50
201400001415;14;6;24;1830;1;2;1;3;94
201400001418;14;3;9;1545;1;1;1;2;94
201400001419;14;5;16;2200;2;1;1;6;94
201400001420;14;5;19;2000;1;2;1;3;94
201400001421;14;9;10;945;1;1;1;6;94
201400001422;14;9;17;1200;1;1;1;1;94
201400001423;14;2;22;2030;3;1;1;1;94
201400001424;14;4;6;500;3;1;1;6;94
201400001425;14;10;6;1600;1;1;2;1;94
201400001426;14;5;23;630;2;1;1;1;50
201400001427;14;9;6;1230;1;1;1;1;50
201400001428;14;1;20;1032;1;1;1;1;50
201400001429;14;3;5;900;1;1;1;4;50
201400001430;14;1;12;1215;1;1;1;3;50
201400001431;14;4;17;815;2;1;7;3;50
201400001432;14;4;9;1835;1;1;1;4;50
201400001433;14;5;6;2040;2;1;2;7;50
201400001434;14;7;10;2015;2;1;2;7;50
201400001435;14;8;11;125;5;1;8;5;50
201400001436;14;9;18;2130;5;1;1;2;50
201400001437;14;10;8;1415;1;1;1;6;50
201400001438;14;10;11;2255;5;1;1;4;50
201400001439;14;10;14;1215;1;1;1;2;50
201400001440;14;10;23;2205;5;1;1;6;50
201400001441;14;11;8;545;5;2;1;3;50
201400001442;14;4;29;1630;1;1;1;5;50
201400001443;14;7;26;1545;1;2;1;1;50
201400001444;14;9;14;700;2;2;1;6;50
201400001445;14;9;22;2200;3;1;1;6;50
201400001446;14;11;14;915;1;2;8;6;50
201400001447;14;3;6;1530;1;1;1;3;50
201400001448;14;3;29;1415;1;1;1;3;50
201400001449;14;7;20;1300;1;1;1;1;50
201400001450;14;8;14;1800;1;2;1;6;50
201400001451;14;9;24;1945;1;2;1;1;50
201400001452;14;10;25;1145;1;2;1;6;50
201400001453;14;12;23;2245;5;2;1;6;50
201400001454;14;1;13;1430;1;1;8;1;50
201400001455;14;4;25;1245;1;1;1;6;50
201400001456;14;5;30;1700;1;1;1;2;50
201400001457;14;6;6;1630;1;1;1;2;50
201400001458;14;6;25;1100;1;2;1;3;50
201400001459;14;7;12;2330;3;1;1;1;50
201400001460;14;7;28;215;3;1;1;3;50
201400001461;14;8;18;1815;1;1;1;6;50
201400001462;14;8;28;1500;1;1;2;1;50
201400001463;14;9;1;1815;1;1;1;1;50
201400001464;14;9;20;1015;2;2;1;6;50
201400001465;14;10;13;1345;1;1;8;3;50
201400001466;14;11;8;1045;1;1;1;1;50
201400001467;14;12;5;130;3;1;8;6;50
201400001468;14;12;14;1800;3;1;1;3;50
201400001469;14;6;18;1415;1;1;1;3;50
201400001470;14;7;14;1715;1;1;1;1;50
201400001471;14;8;10;1615;1;1;1;3;50
201400001472;14;12;6;730;3;1;1;6;50
201400001473;14;12;7;730;5;2;2;3;50
201400001474;14;5;2;1545;1;1;1;1;50
201400001475;14;5;20;1230;1;2;8;1;50
201400001476;14;10;17;1300;1;1;1;6;50
201400001477;14;11;6;1030;1;1;1;3;50
201400001478;14;12;19;2045;3;1;2;3;50
201400001479;14;2;20;545;3;1;2;1;50
201400001480;14;2;18;1930;3;1;1;3;50
201400001481;14;3;22;1800;1;1;1;6;50
201400001482;14;6;19;1400;1;1;1;3;50
201400001483;14;7;7;815;1;1;7;3;50
201400001484;14;10;27;1345;1;1;1;6;50
201400001485;14;1;11;1130;1;1;8;3;50
201400001486;14;2;9;1145;1;1;8;1;50
201400001487;14;4;25;1730;1;2;1;6;50
201400001488;14;5;31;1100;1;1;1;2;50
201400001489;14;6;8;1800;1;1;1;1;50
201400001490;14;6;9;1600;1;1;1;1;50
201400001491;14;7;31;1230;1;1;1;1;50
201400001492;14;11;1;1515;1;2;1;3;50
201400001493;14;11;22;2000;5;2;2;6;50
201400001494;14;12;17;2300;3;1;5;6;50
201400001495;14;2;6;1300;1;2;2;7;50
201400001496;14;4;28;1130;1;1;8;6;50
201400001497;14;7;4;700;1;1;1;6;50
201400001498;14;7;20;1300;1;2;1;7;50
201400001499;14;10;23;1130;1;1;1;5;50
201400001500;14;4;13;1145;1;1;1;7;50
201400001501;14;6;15;1915;1;1;1;3;50
201400001502;14;6;22;500;2;1;1;6;50
201400001503;14;8;14;900;1;1;1;3;50
201400001504;14;9;21;1530;1;2;1;5;50
201400001505;14;11;1;1830;2;1;8;3;50
201400001506;14;12;29;1645;2;2;1;6;50
201400001507;14;3;31;1615;1;1;7;3;50
201400001508;14;5;14;1645;1;1;1;1;50
201400001509;14;5;28;1845;1;1;1;2;50
201400001510;14;6;26;845;1;1;1;3;50
201400001511;14;7;10;830;1;1;1;3;50
201400001512;14;8;3;1845;1;1;1;6;50
201400001513;14;10;7;1600;1;1;3;7;50
201400001514;14;11;18;530;3;1;5;7;50
201400001515;14;1;20;1830;3;1;1;2;50
201400001516;14;1;24;845;2;1;2;1;50
201400001517;14;2;15;1;3;1;8;6;50
201400001518;14;3;2;645;3;1;1;6;50
201400001519;14;4;9;1715;1;1;1;2;50
201400001520;14;6;7;1745;1;2;1;3;50
201400001521;14;6;22;1930;1;1;1;3;50
201400001522;14;7;12;330;3;1;1;6;50
201400001523;14;11;8;1600;1;1;8;3;50
201400001524;14;11;11;1315;1;1;1;6;50
201400001525;14;11;14;1215;1;1;1;7;50
201400001526;14;12;2;1245;1;1;2;2;50
201400001527;14;1;7;1845;3;2;3;6;50
201400001528;14;1;18;430;4;2;1;6;50
201400001529;14;1;31;1745;3;1;3;3;50
201400001530;14;2;4;1345;1;1;1;1;50
201400001531;14;2;6;745;2;1;3;2;50
201400001532;14;4;28;1130;1;2;2;2;50
201400001533;14;4;27;1815;1;2;3;1;50
201400001534;14;6;13;2330;3;1;1;3;50
201400001535;14;6;16;1715;1;2;1;6;10
201400001536;14;9;20;2045;2;2;1;3;10
201400001537;14;9;12;1800;1;2;1;6;10
201400001538;14;10;4;2015;5;2;1;6;10
201400001539;14;10;5;1430;1;1;1;6;10
201400001540;14;10;11;1430;1;1;1;2;10
201400001541;14;10;18;1515;1;1;1;7;10
201400001542;14;12;11;1745;5;2;2;6;10
201400001543;14;12;16;1400;1;2;1;3;10
201400001544;14;1;25;1815;3;1;8;7;10
201400001545;14;4;26;1545;1;1;1;1;10
201400001546;14;5;15;1215;1;1;1;1;10
201400001547;14;5;16;1745;1;2;1;3;10
201400001548;14;5;15;1830;1;1;1;1;10
201400001549;14;5;17;1415;1;1;1;3;10
201400001550;14;10;15;945;1;2;1;6;10
201400001551;14;1;6;2105;3;1;8;3;10
201400001553;14;1;8;1745;3;1;1;2;10
201400001554;14;1;26;1325;1;2;1;3;10
201400001558;14;2;22;1450;1;2;1;3;10
201400001560;14;3;1;2145;5;2;1;3;10
201400001561;14;3;15;1930;5;2;1;1;10
201400001563;14;3;21;1135;1;2;1;4;10
201400001564;14;4;12;2335;3;1;1;6;10
201400001565;14;4;22;1630;1;1;1;3;10
201400001566;14;5;2;1110;1;2;2;6;10
201400001567;14;5;2;905;1;2;2;6;10
201400001569;14;5;19;735;1;1;1;5;10
201400001570;14;5;24;2025;1;2;1;4;10
201400001571;14;5;28;945;1;2;1;3;10
201400001572;14;6;2;1109;1;2;1;3;61
201400001574;14;6;12;1510;1;2;7;3;61
201400001576;14;6;18;1520;1;1;1;6;61
201400001577;14;6;23;1750;1;2;1;2;61
201400001579;14;6;25;2020;1;1;1;1;61
201400001580;14;6;26;930;1;1;1;3;61
201400001581;14;6;28;1825;1;2;8;6;61
201400001582;14;7;1;800;1;2;1;6;61
201400001583;14;7;1;1000;1;1;1;4;61
201400001585;14;7;5;50;5;2;2;6;61
201400001586;14;7;6;340;5;2;1;3;61
201400001588;14;7;11;845;1;2;2;6;61
201400001591;14;8;1;1400;1;2;1;1;61
201400001592;14;8;15;1425;1;2;1;3;61
201400001598;14;10;3;1730;1;2;7;6;61
201400001601;14;10;24;1915;3;1;1;4;61
201400001605;14;11;16;1920;5;2;2;5;61
201400001606;14;11;22;1655;1;2;1;2;61
201400001607;14;11;26;635;5;2;2;3;61
201400001608;14;11;26;1725;5;1;2;3;61
201400001609;14;11;26;2010;3;1;5;3;61
201400001610;14;12;2;1720;5;2;2;2;61
201400001614;14;12;19;810;1;2;5;6;61
201400001616;14;2;5;1700;1;1;2;6;61
201400001617;14;1;15;815;2;2;2;2;61
201400001618;14;2;13;1415;1;1;2;7;61
201400001619;14;4;21;600;3;1;1;6;61
201400001620;14;6;7;2100;1;1;1;7;61
201400001621;14;6;16;2015;3;1;1;6;61
201400001622;14;7;11;1730;1;1;1;3;61
201400001623;14;11;6;1745;3;2;1;3;61
201400001624;14;11;7;1830;3;1;1;1;61
201400001625;14;12;9;1745;3;1;1;3;61
201400001626;14;1;16;1015;1;1;8;3;61
201400001627;14;1;19;300;3;1;8;6;61
201400001628;14;2;7;545;3;1;6;6;61
201400001629;14;2;12;1815;3;1;3;3;61
201400001630;14;3;16;1700;1;1;1;6;61
201400001631;14;6;7;1945;1;1;7;3;61
201400001632;14;6;10;1900;1;2;1;3;61
201400001633;14;6;15;1615;1;2;1;3;61
201400001634;14;6;22;1915;1;1;1;6;61
201400001635;14;7;14;1130;1;2;1;6;61
201400001636;14;9;27;1830;1;2;1;3;61
201400001637;14;10;10;1200;1;1;1;1;61
201400001638;14;10;18;1015;1;1;1;6;61
201400001639;14;2;27;1200;1;1;6;6;61
201400001640;14;5;1;1500;1;2;2;3;61
201400001641;14;8;31;700;2;1;1;6;44
201400001642;14;9;10;1505;1;1;1;3;44
201400001643;14;9;15;1800;1;1;1;6;44
201400001644;14;10;6;1630;1;1;2;1;44
201400001645;14;11;22;1800;3;1;2;6;44
201400001646;14;12;24;2000;3;1;1;1;44
201400001647;14;1;25;1745;2;1;1;7;44
201400001648;14;7;24;1200;1;2;1;6;44
201400001649;14;10;25;1130;1;1;1;5;44
201400001650;14;11;8;1815;5;2;2;6;44
201400001651;14;11;11;1745;5;2;2;6;44
201400001652;14;5;18;1645;1;2;1;6;44
201400001653;14;6;8;330;4;2;1;3;44
201400001654;14;6;13;730;1;2;7;6;44
201400001655;14;6;14;2000;1;1;1;3;44
201400001656;14;7;10;1345;1;1;1;1;44
201400001657;14;9;27;1115;1;1;1;7;44
201400001658;14;3;13;1520;1;2;1;3;44
201400001659;14;3;16;2030;3;1;1;7;44
201400001660;14;5;15;830;1;2;1;3;44
201400001661;14;7;12;1130;1;1;2;7;44
201400001662;14;7;13;1130;1;2;1;6;44
201400001663;14;8;27;1545;1;2;1;3;44
201400001664;14;10;9;1645;1;2;1;3;44
201400001665;14;10;26;1730;1;1;1;6;44
201400001666;14;10;31;1200;1;2;1;6;44
201400001667;14;11;12;1645;1;1;1;1;44
201400001668;14;9;8;745;1;1;1;3;44
201400001669;14;7;19;1745;1;1;1;1;44
201400001670;14;10;26;1615;1;1;1;1;44
201400001671;14;1;13;1230;1;1;1;1;44
201400001672;14;1;17;1830;5;2;2;6;44
201400001673;14;1;14;1715;2;1;7;6;44
201400001674;14;3;25;1830;1;1;1;1;44
201400001675;14;5;10;2250;3;1;1;7;44
201400001676;14;6;19;1700;1;1;1;3;44
201400001677;14;9;23;1700;1;1;1;5;44
201400001678;14;11;6;2330;4;1;3;6;44
201400001679;14;12;28;145;3;1;4;6;44
201400001680;14;3;31;1515;1;1;1;1;44
201400001681;14;6;8;800;1;1;2;7;44
201400001682;14;8;8;1830;1;2;2;1;44
201400001683;14;11;5;2000;3;1;1;3;44
201400001684;14;12;27;1315;1;1;1;1;44
201400001685;14;3;26;1530;1;2;1;6;44
201400001686;14;3;14;1700;1;1;1;1;44
201400001687;14;3;24;1330;1;1;1;7;44
201400001688;14;5;14;800;1;2;1;2;44
201400001689;14;7;18;1230;1;2;1;6;44
201400001690;14;10;19;1115;1;1;1;1;44
201400001691;14;3;25;1845;1;1;1;3;44
201400001692;14;4;26;15;3;1;2;1;44
201400001693;14;5;23;1500;1;1;2;6;44
201400001694;14;6;19;1030;1;2;1;1;44
201400001695;14;7;3;1330;1;1;1;1;44
201400001696;14;7;5;1145;1;1;1;1;44
201400001697;14;8;10;2330;3;2;1;1;44
201400001698;14;9;6;2030;2;2;1;1;44
201400001699;14;10;20;730;2;1;1;4;44
201400001700;14;10;30;1245;1;1;1;6;44
201400001701;14;11;9;930;2;1;1;6;44
201400001702;14;3;19;1445;1;1;1;1;44
201400001703;14;4;2;1500;1;1;1;3;44
201400001704;14;7;10;2200;3;1;1;6;44
201400001705;14;7;14;100;3;1;1;6;44
201400001706;14;8;7;1530;1;1;1;6;44
201400001707;14;2;12;2145;3;1;2;7;44
201400001708;14;5;9;1430;1;1;1;3;44
201400001709;14;6;14;845;1;1;1;3;44
201400001710;14;7;8;715;1;1;1;2;44
201400001711;14;3;31;1115;1;2;1;3;44
201400001712;14;5;15;115;3;1;1;1;44
201400001713;14;5;25;1730;1;2;1;2;44
201400001714;14;7;18;2100;1;2;1;6;44
201400001715;14;8;19;1945;1;1;1;6;44
201400001716;14;9;12;1630;1;1;1;3;44
201400001717;14;11;6;745;1;2;1;6;44
201400001718;14;12;18;1830;5;2;8;6;44
201400001719;14;1;18;615;3;1;1;7;44
201400001720;14;4;13;1715;1;1;1;7;44
201400001721;14;8;24;715;1;1;1;1;44
201400001722;14;9;4;445;3;1;1;3;44
201400001723;14;10;4;1230;1;2;1;3;44
201400001724;14;10;23;1415;1;1;1;1;44
201400001725;14;12;14;915;1;1;5;6;44
201400001726;14;3;14;1845;1;1;1;3;44
201400001727;14;9;25;1900;1;1;7;6;44
201400001728;14;1;18;2345;3;1;1;6;44
201400001729;14;2;2;900;1;1;7;2;44
201400001730;14;4;4;1930;1;1;1;6;44
201400001731;14;5;19;1815;1;1;1;3;44
201400001732;14;7;4;1445;1;1;1;3;44
201400001733;14;1;14;900;1;2;1;6;44
201400001734;14;1;20;1645;1;1;7;6;44
201400001735;14;2;27;1615;1;2;1;6;44
201400001736;14;5;4;100;3;1;1;6;44
201400001737;14;7;24;2345;3;1;1;7;44
201400001738;14;9;13;1045;1;1;7;6;44
201400001739;14;1;8;1900;3;1;2;3;44
201400001740;14;1;11;930;1;1;1;1;44
201400001741;14;1;13;1445;1;1;2;3;44
201400001742;14;2;10;730;3;1;2;3;44
201400001743;14;3;28;1315;1;2;2;6;44
201400001744;14;4;25;1500;1;1;1;6;44
201400001745;14;4;27;200;3;1;2;6;44
201400001746;14;6;26;1745;1;1;1;6;44
201400001747;14;7;29;1330;1;1;1;7;44
201400001748;14;10;7;1930;5;1;1;2;44
201400001749;14;11;16;15;3;1;2;1;44
201400001750;14;11;16;930;3;1;1;6;44
201400001751;14;11;26;1745;2;1;1;6;44
201400001752;14;12;13;1815;3;2;8;6;44
201400001753;14;12;23;745;3;1;1;4;44
201400001754;14;4;7;30;3;1;1;6;44
201400001755;14;4;22;730;1;2;1;3;44
201400001756;14;5;7;1730;1;2;1;3;44
201400001757;14;5;31;2000;2;1;1;3;44
201400001758;14;6;3;2030;2;1;1;6;44
201400001759;14;6;4;1730;1;2;1;6;44
201400001760;14;6;22;2015;1;1;1;3;44
201400001761;14;7;4;115;3;2;1;6;44
201400001762;14;8;22;1545;1;1;1;3;44
201400001763;14;9;14;1;3;1;1;1;44
201400001764;14;10;8;1615;1;2;3;6;44
201400001765;14;12;12;1745;5;2;2;6;44
201400001766;14;12;23;1800;3;1;2;6;44
201400001767;14;12;24;2030;3;1;2;1;44
201400001768;14;4;3;730;2;1;2;5;44
201400001769;14;4;19;1815;1;2;1;6;44
201400001770;14;6;21;1730;1;2;1;1;44
201400001771;14;7;2;1645;1;1;1;6;44
201400001772;14;7;8;1530;1;1;1;1;44
201400001773;14;7;12;1630;1;1;1;1;44
201400001774;14;7;28;945;1;1;1;1;44
201400001775;14;10;22;815;1;1;1;3;44
201400001776;14;9;13;345;3;1;1;6;44
201400001777;14;1;25;900;1;1;2;6;44
201400001778;14;5;15;1700;1;1;1;1;44
201400001779;14;7;29;815;1;1;1;2;44
201400001780;14;8;2;2315;3;1;1;6;44
201400001781;14;8;14;1630;1;2;1;3;44
201400001782;14;8;23;430;3;1;1;5;44
201400001783;14;9;6;430;3;1;1;2;44
201400001784;14;10;18;1530;2;1;1;6;44
201400001785;14;11;18;1645;1;1;1;1;44
201400001786;14;11;28;1830;5;2;1;3;44
201400001787;14;11;29;1700;1;2;1;3;44
201400001788;14;12;4;800;3;1;1;3;44
201400001789;14;1;9;1345;1;1;1;5;44
201400001790;14;1;14;1215;1;1;1;2;44
201400001791;14;2;24;1700;1;1;1;2;44
201400001792;14;3;29;945;1;1;1;6;44
201400001793;14;5;5;900;1;1;1;3;44
201400001794;14;5;4;1115;1;2;1;3;44
201400001795;14;5;16;1645;1;2;1;3;44
201400001796;14;6;9;1830;1;1;1;1;44
201400001797;14;6;26;1800;1;1;1;3;44
201400001798;14;7;15;45;5;2;1;6;44
201400001799;14;8;6;245;3;1;1;6;44
201400001800;14;1;26;1530;1;2;2;3;44
201400001801;14;2;20;400;3;1;1;6;44