Num_Acc;an;mois;jour;hrmn;lum;agg;atm;col;dep
201400001802;14;2;23;1500;1;2;1;3;44
201400001803;14;2;24;2300;3;1;1;6;44
201400001804;14;3;30;1245;1;1;1;4;44
201400001805;14;6;3;1530;1;2;2;6;44
201400001806;14;6;8;1915;1;1;1;3;44
201400001807;14;7;28;1400;1;1;8;1;44
201400001808;14;8;19;1030;1;1;1;3;44
201400001809;14;8;31;1000;1;1;1;6;44
201400001810;14;9;20;600;3;1;1;7;44
201400001811;14;9;28;100;4;2;1;2;44
201400001812;14;10;8;1800;1;2;2;6;44
201400001813;14;10;22;1245;1;1;1;3;44
201400001814;14;10;26;1730;1;1;1;3;44
201400001815;14;12;23;1730;3;1;1;3;44
201400001816;14;3;2;1745;2;1;3;1;44
201400001817;14;3;25;1730;1;1;3;5;44
201400001818;14;4;25;1845;1;1;1;3;44
201400001819;14;5;3;2345;3;1;1;7;44
201400001820;14;5;4;1745;1;1;1;1;44
201400001821;14;6;17;230;3;1;1;7;44
201400001822;14;7;12;1645;1;1;1;5;44
201400001823;14;7;28;1530;1;1;3;5;44
201400001824;14;8;21;830;1;1;1;5;44
201400001825;14;8;22;1745;1;2;1;3;44
201400001826;14;8;30;1345;1;1;1;6;49
201400001827;14;10;24;1045;1;2;1;2;49
201400001828;14;11;23;1145;1;1;2;6;49
201400001829;14;1;3;815;2;2;2;6;49
201400001830;14;1;30;1100;1;2;2;1;49
201400001831;14;2;19;2030;3;1;2;1;49
201400001832;14;5;29;1415;1;1;1;5;49
201400001833;14;1;19;630;3;1;8;1;49
201400001834;14;1;21;1515;1;1;2;6;49
201400001835;14;1;23;730;5;1;1;3;49
201400001836;14;5;7;1900;1;1;1;2;49
201400001837;14;6;17;2000;1;1;1;1;49
201400001838;14;7;4;2030;1;1;1;6;49
201400001839;14;7;13;45;3;1;1;1;49
201400001840;14;7;25;745;1;1;1;3;49
201400001841;14;8;17;1045;1;1;1;3;49
201400001842;14;10;3;945;1;1;1;5;49
201400001843;14;10;23;1830;2;2;1;6;49
201400001844;14;11;20;715;5;2;1;3;49
201400001845;14;12;7;1400;1;1;8;6;49
201400001846;14;12;28;1630;1;1;1;3;49
201400001847;14;1;29;1215;1;2;1;6;49
201400001848;14;6;18;200;4;1;1;7;49
201400001849;14;9;24;2300;3;1;1;3;49
201400001850;14;10;23;1930;3;1;1;6;49
201400001851;14;10;27;1015;1;2;1;6;49
201400001852;14;11;28;1930;5;1;1;6;49
201400001853;14;12;27;1530;3;1;1;6;49
201400001854;14;3;15;1630;1;1;1;6;49
201400001855;14;3;18;1830;1;1;1;2;49
201400001856;14;3;22;800;1;1;1;6;49
201400001857;14;5;8;1000;1;1;1;5;49
201400001858;14;9;28;1200;1;1;1;6;49
201400001859;14;10;26;1345;1;1;1;7;49
201400001860;14;11;14;1730;5;1;8;6;49
201400001861;14;12;2;1145;1;2;1;1;49
201400001862;14;12;13;545;3;1;3;6;49
201400001863;14;1;25;1345;1;1;1;6;49
201400001864;14;3;16;1030;1;2;1;6;49
201400001865;14;6;28;945;1;1;2;4;49
201400001866;14;10;7;900;1;1;1;2;49
201400001867;14;11;15;1545;1;2;1;6;49
201400001868;14;10;13;930;1;2;7;6;49
201400001869;14;11;25;2015;3;1;2;1;49
201400001870;14;12;19;1915;3;2;3;6;49
201400001871;14;1;16;2230;3;1;2;6;49
201400001872;14;4;28;1200;1;1;8;6;49
201400001873;14;5;28;2030;1;2;1;3;49
201400001874;14;6;9;1915;1;1;1;3;49
201400001875;14;6;29;1200;1;1;1;2;49
201400001876;14;8;1;1145;1;1;1;3;49
201400001877;14;9;11;1715;1;1;1;3;49
201400001878;14;10;24;715;2;1;8;3;49
201400001879;14;11;28;1600;1;1;1;3;49
201400001880;14;12;14;1200;1;1;1;3;49
201400001881;14;3;27;1730;1;1;1;5;49
201400001882;14;5;18;815;1;1;1;6;49
201400001883;14;6;7;1030;1;2;1;1;49
201400001884;14;6;13;1500;1;1;1;1;49
201400001885;14;8;5;745;1;1;1;1;49
201400001886;14;8;28;1930;1;1;1;3;49
201400001887;14;9;29;715;3;1;1;1;49
201400001888;14;10;6;300;3;1;1;7;49
201400001889;14;10;6;1745;1;2;2;3;49
201400001890;14;11;8;745;2;1;1;6;49
201400001891;14;11;23;45;3;1;1;1;49
201400001892;14;12;10;45;3;1;1;7;49
201400001893;14;12;8;1845;5;2;1;6;49
201400001894;14;10;6;1715;1;2;8;2;49
201400001895;14;10;14;1830;1;2;1;7;49
201400001896;14;6;1;130;5;2;1;6;49
201400001897;14;6;4;815;1;1;2;3;49
201400001898;14;9;5;1800;1;1;1;3;49
201400001899;14;10;27;1815;5;1;1;3;49
201400001900;14;11;9;1045;1;1;1;1;49
201400001901;14;11;10;15;3;2;1;6;49
201400001902;14;7;17;1700;1;1;1;1;49
201400001903;14;10;19;1800;1;1;1;3;49
201400001904;14;11;23;1900;3;1;8;7;49
201400001905;14;1;25;500;5;2;2;6;49
201400001906;14;2;2;1515;1;1;1;1;49
201400001907;14;4;28;1;3;1;1;7;49
201400001908;14;6;23;1115;1;1;1;1;49
201400001909;14;7;26;1100;1;2;1;3;49
201400001910;14;8;1;2020;1;2;1;3;49
201400001911;14;10;29;1500;2;1;1;1;49
201400001912;14;11;22;1500;1;2;1;3;49
201400001913;14;4;3;2045;3;1;3;6;49
201400001914;14;4;22;2200;5;2;1;6;49
201400001915;14;5;12;1515;1;1;1;1;49
201400001916;14;5;17;445;3;1;1;6;49
201400001917;14;8;26;730;1;1;1;3;49
201400001918;14;9;30;2330;3;1;1;6;49
201400001919;14;10;30;315;3;1;1;6;49
201400001920;14;11;11;15;3;1;1;1;49
201400001921;14;11;16;2200;3;1;2;6;49
201400001922;14;11;23;15;3;1;1;6;49
201400001923;14;12;8;1730;2;2;1;3;49
201400001924;14;2;2;45;3;1;2;7;49
201400001925;14;3;31;1100;1;2;1;6;49
201400001926;14;5;28;2300;3;1;1;6;49
201400001927;14;6;2;1815;1;1;1;6;49
201400001928;14;6;18;1730;1;2;7;3;49
201400001929;14;7;29;1430;1;2;1;3;49
201400001930;14;9;8;1030;1;1;1;1;49
201400001931;14;9;8;1530;1;1;1;2;49
201400001932;14;9;25;1930;2;1;7;6;49
201400001933;14;12;10;815;2;2;2;6;49
201400001934;14;2;15;845;1;1;8;7;49
201400001935;14;2;19;915;1;1;1;7;49
201400001936;14;3;3;1245;1;1;4;1;49
201400001937;14;3;21;2145;3;1;1;7;49
201400001938;14;4;25;1915;1;1;1;2;49
201400001939;14;5;18;1945;1;1;1;6;49
201400001940;14;5;21;1345;1;1;3;6;49
201400001941;14;5;25;1230;1;1;1;6;49
201400001942;14;7;16;1845;1;1;1;1;49
201400001943;14;7;18;1800;1;2;1;1;49
201400001944;14;7;24;1;3;1;1;7;49
201400001945;14;8;5;2015;1;1;1;6;49
201400001946;14;8;10;15;3;2;2;6;49
201400001947;14;9;6;1530;1;1;1;3;49
201400001948;14;9;20;930;1;1;1;3;49
201400001949;14;9;26;2015;3;1;1;6;49
201400001950;14;9;26;1730;1;1;1;1;49
201400001951;14;11;9;1630;1;1;7;3;49
201400001952;14;11;9;2145;3;1;1;1;49
201400001953;14;11;21;2130;3;1;1;6;49
201400001954;14;11;24;1155;1;1;1;7;49
201400001955;14;11;26;15;3;1;1;7;49
201400001956;14;12;9;945;1;2;1;3;49
201400001957;14;12;16;1745;3;2;1;6;49
201400001958;14;12;23;1945;3;2;1;6;49
201400001959;14;1;17;1245;1;1;1;2;49
201400001960;14;1;21;1715;1;2;1;5;53
201400001961;14;6;6;1900;1;1;1;1;53
201400001962;14;6;17;1730;1;1;1;1;53
201400001963;14;10;4;230;3;2;1;6;53
201400001964;14;10;23;1430;1;2;1;3;53
201400001965;14;11;15;1215;1;2;1;2;53
201400001966;14;12;4;845;1;1;1;1;53
201400001967;14;5;5;1115;1;1;1;1;53
201400001968;14;8;30;1830;1;2;1;6;53
201400001969;14;11;12;2015;3;1;1;1;53
201400001970;14;12;22;2300;3;1;1;7;53
201400001971;14;1;2;1215;1;1;1;3;53
201400001972;14;4;1;545;3;1;1;6;53
201400001973;14;4;2;1215;1;1;1;1;53
201400001974;14;4;20;1900;1;1;1;7;53
201400001975;14;6;20;1300;1;1;7;6;53
201400001976;14;6;22;1745;1;1;1;6;53
201400001977;14;7;28;1000;1;2;7;6;53
201400001978;14;8;16;415;3;2;1;6;53
201400001979;14;9;13;830;2;1;1;6;53
201400001980;14;11;4;1815;3;1;1;6;53
201400001981;14;12;8;1815;2;1;1;7;53
201400001982;14;3;22;1500;1;1;1;3;53
201400001983;14;8;28;1430;1;1;1;7;53
201400001984;14;2;2;530;3;2;2;6;53
201400001985;14;5;17;2315;3;1;1;7;53
201400001986;14;11;18;1830;3;1;1;4;53
201400001987;14;2;16;115;3;1;1;6;53
201400001988;14;3;7;545;3;1;1;3;53
201400001989;14;3;9;1345;1;1;1;6;53
201400001990;14;3;16;1345;1;2;1;7;53
201400001991;14;6;13;1700;1;1;1;2;53
201400001992;14;6;22;1430;1;2;1;6;53
201400001993;14;1;16;745;4;1;8;3;53
201400001994;14;3;14;1730;1;2;1;3;53
201400001995;14;4;4;900;1;1;1;6;53
201400001996;14;5;7;545;2;1;1;6;53
201400001997;14;7;2;1745;1;1;1;7;53
201400001998;14;9;3;1530;1;1;1;1;53
201400001999;14;9;21;2045;3;1;1;6;53
201400002000;14;9;25;1345;1;1;1;3;53
201400002001;14;9;30;1745;1;1;7;1;53
201400002002;14;11;6;1800;5;2;1;3;53
201400002003;14;11;18;1700;1;1;1;3;53
201400002004;14;4;26;1445;1;1;1;3;53
201400002005;14;5;3;1315;1;1;1;6;53
201400002006;14;7;13;600;2;1;1;6;53
201400002007;14;10;30;1015;1;1;1;1;53
201400002008;14;11;19;1215;1;2;1;3;53
201400002009;14;5;17;1945;1;2;1;7;53
201400002010;14;5;18;1730;1;2;1;6;53
201400002011;14;9;22;1615;1;2;1;2;53
201400002012;14;10;15;1515;1;1;1;7;53
201400002013;14;12;13;915;3;1;3;5;53
201400002014;14;12;26;1800;3;1;3;6;53
201400002015;14;4;5;630;5;2;1;7;53
201400002016;14;4;26;1745;1;2;1;3;53
201400002017;14;5;15;2015;1;1;7;7;53
201400002018;14;9;1;730;1;2;1;3;53
201400002019;14;9;24;1845;1;1;1;3;53
201400002020;14;10;9;1945;3;1;1;6;53
201400002021;14;10;23;1915;2;2;1;1;53
201400002022;14;10;26;100;3;1;1;1;53
201400002023;14;11;2;1515;1;2;1;3;53
201400002024;14;12;4;945;1;2;1;3;53
201400002025;14;12;13;945;1;1;3;3;53
201400002026;14;12;18;1100;1;1;1;1;53
201400002027;14;1;4;615;3;1;2;7;53
201400002028;14;1;24;1900;3;1;3;5;53
201400002029;14;3;22;45;3;1;1;1;53
201400002030;14;6;19;1545;1;2;1;2;53
201400002031;14;7;25;1730;1;2;1;1;53
201400002032;14;8;23;1000;1;2;1;6;53
201400002033;14;9;5;1730;1;1;1;7;53
201400002034;14;9;18;1215;1;2;1;3;53
201400002035;14;9;20;115;5;2;1;6;10
201400002036;14;10;10;730;2;2;1;3;10
201400002037;14;10;13;1615;1;1;1;5;10
201400002038;14;11;24;1245;1;1;8;1;72
201400002039;14;12;5;1845;5;2;1;3;72
201400002040;14;1;2;1800;3;1;8;1;72
201400002041;14;6;29;1800;1;1;1;5;72
201400002042;14;8;31;1430;1;1;1;7;72
201400002043;14;9;5;715;1;2;1;3;72
201400002044;14;9;12;1115;1;1;1;3;72
201400002045;14;9;19;800;2;1;3;1;72
201400002046;14;10;3;1715;1;2;1;7;72
201400002047;14;11;23;1345;1;1;1;1;72
201400002048;14;12;14;1630;1;1;5;5;72
201400002049;14;3;30;445;3;1;1;7;72
201400002050;14;4;22;2330;5;2;1;7;72
201400002051;14;5;9;1815;1;2;1;6;72
201400002052;14;6;25;1300;1;2;1;1;72
201400002053;14;7;13;1800;1;1;1;1;72
201400002054;14;7;16;1830;1;1;1;3;72
201400002055;14;8;2;1715;1;1;1;5;72
201400002056;14;9;22;1800;1;1;1;2;72
201400002057;14;10;28;1830;5;2;1;6;72
201400002058;14;11;13;1815;3;1;8;2;72
201400002059;14;3;7;1945;3;1;1;6;72
201400002060;14;4;20;1530;1;1;1;3;72
201400002061;14;7;25;1215;1;1;7;1;72
201400002062;14;10;19;215;4;2;1;6;72
201400002063;14;10;30;1915;3;1;1;6;72
201400002064;14;11;6;1415;1;1;1;3;72
201400002065;14;2;25;1915;3;1;1;7;72
201400002066;14;4;23;1900;1;1;2;7;72
201400002067;14;8;30;1615;1;1;1;6;72
201400002068;14;9;11;1445;1;1;1;3;72
201400002069;14;11;27;1415;1;1;1;3;72
201400002070;14;12;11;1615;1;2;1;6;72
201400002071;14;12;14;830;1;2;9;6;72
201400002072;14;3;23;1345;1;1;4;1;72
201400002073;14;9;24;1145;1;1;1;6;72
201400002074;14;9;26;2200;3;1;1;1;72
201400002075;14;10;16;945;1;1;1;1;72
201400002076;14;12;3;1800;3;1;1;7;72
201400002077;14;12;9;2015;3;1;1;6;72
201400002078;14;12;12;2300;3;1;3;2;72
201400002081;14;3;27;330;3;1;1;7;72
201400002083;14;5;11;1745;1;2;1;3;72
201400002087;14;7;16;2205;2;2;1;7;72
201400002090;14;7;16;2000;1;1;1;3;72
201400002091;14;7;27;1445;1;1;1;3;72
201400002092;14;7;30;1915;1;1;1;1;72
201400002093;14;11;5;900;1;2;7;1;72
201400002094;14;1;4;1700;2;1;8;7;72
201400002095;14;1;22;1545;1;2;2;6;72
201400002096;14;3;15;1645;1;1;1;2;72
201400002097;14;4;18;1630;1;1;1;3;72
201400002098;14;5;3;2030;1;1;1;6;72
201400002099;14;6;19;730;1;2;1;6;72
201400002100;14;6;16;2115;2;1;1;6;72
201400002101;14;7;27;2245;3;2;2;2;72
201400002102;14;8;8;1230;1;1;2;3;72
201400002103;14;8;10;2245;3;1;1;5;72
201400002104;14;9;8;1200;1;1;1;7;72
201400002105;14;12;17;930;1;1;8;5;72
201400002106;14;12;24;2115;3;1;1;3;72
201400002107;14;4;14;715;1;1;1;3;72
201400002108;14;6;10;1400;1;1;1;5;72
201400002109;14;6;27;530;2;1;1;1;72
201400002110;14;7;9;1700;1;2;1;7;72
201400002111;14;7;10;1400;1;1;1;1;72
201400002112;14;7;20;1130;1;2;1;6;72
201400002113;14;1;9;1915;5;1;1;3;72
201400002114;14;1;22;1145;1;1;1;1;72
201400002115;14;5;12;1715;1;1;1;2;72
201400002116;14;5;14;1230;1;1;1;1;72
201400002117;14;5;22;1045;1;1;1;3;72
201400002118;14;6;11;1200;1;1;1;1;72
201400002119;14;6;21;1200;1;2;1;7;72
201400002120;14;8;1;1230;1;1;1;5;72
201400002121;14;8;22;1045;1;1;1;1;72
201400002122;14;10;15;2300;3;1;1;7;72
201400002123;14;10;21;1415;1;1;1;3;72
201400002124;14;10;24;2145;3;1;1;6;72
201400002125;14;10;25;1930;3;1;5;5;72
201400002126;14;10;30;1145;1;1;1;3;72
201400002127;14;11;5;1630;1;1;1;6;72
201400002128;14;11;14;1930;3;1;1;6;72
201400002129;14;12;21;1030;1;1;1;6;72
201400002130;14;1;20;715;2;1;5;5;72
201400002131;14;1;21;1530;1;1;1;1;72
201400002132;14;1;29;1915;3;1;1;3;72
201400002133;14;5;12;700;2;1;1;3;72
201400002134;14;5;20;400;2;1;1;6;72
201400002135;14;6;28;445;3;1;1;6;72
201400002136;14;7;24;1830;1;1;1;5;72
201400002137;14;7;30;1030;1;2;1;2;72
201400002138;14;9;13;1445;1;2;1;7;72
201400002139;14;9;30;1000;1;1;5;1;72
201400002140;14;10;25;1230;1;1;1;1;72
201400002141;14;11;19;1745;2;1;1;3;72
201400002142;14;8;25;30;3;1;1;6;72
201400002143;14;5;9;2215;3;1;1;7;72
201400002144;14;6;16;1715;1;1;1;1;72
201400002145;14;7;11;1200;1;1;1;3;72
201400002146;14;8;21;1230;1;2;1;6;72
201400002147;14;10;2;1545;1;1;1;3;72
201400002148;14;12;14;1100;1;2;1;6;72
201400002149;14;3;8;800;1;1;1;6;72
201400002150;14;4;4;230;3;2;1;6;72
201400002151;14;5;10;545;2;1;8;7;72
201400002152;14;5;9;1530;1;1;1;3;72
201400002153;14;5;9;1230;1;1;1;7;72
201400002154;14;5;7;1445;1;1;1;3;72
201400002155;14;5;27;1000;1;1;1;6;72
201400002156;14;5;28;1030;1;1;1;7;72
201400002157;14;7;1;1600;1;1;1;1;72
201400002158;14;7;3;1915;1;1;1;1;72
201400002159;14;7;9;2130;1;1;1;6;72
201400002160;14;10;10;1930;3;1;2;7;72
201400002161;14;10;23;1530;1;1;1;7;72
201400002162;14;1;17;1900;3;1;1;2;72
201400002163;14;5;8;2030;2;1;1;6;72
201400002164;14;6;13;715;2;1;7;3;72
201400002165;14;7;26;1000;1;1;1;1;72
201400002166;14;7;30;915;1;2;1;3;72
201400002167;14;8;1;1700;1;1;1;6;85
201400002168;14;9;2;1200;1;1;1;6;85
201400002169;14;9;20;100;3;1;8;6;85
201400002170;14;9;12;1915;1;1;1;3;85
201400002171;14;9;24;1215;1;2;1;1;85
201400002172;14;9;26;645;5;2;5;6;85
201400002173;14;10;18;1900;2;1;1;6;85
201400002174;14;10;17;1730;1;1;1;6;85
201400002175;14;10;31;2030;5;2;1;6;85
201400002176;14;11;11;1500;1;1;2;6;85
201400002177;14;12;8;1030;1;1;4;1;85
201400002178;14;12;19;1745;5;1;2;3;85
201400002179;14;12;19;2000;3;1;2;3;85
201400002180;14;1;8;1715;1;2;1;2;85
201400002181;14;1;17;2000;5;2;1;6;85
201400002182;14;2;18;1900;5;2;8;6;85
201400002183;14;3;24;2100;5;2;2;2;85
201400002184;14;4;16;1800;1;2;1;5;85
201400002185;14;6;12;1800;1;1;1;1;85
201400002186;14;7;1;1415;1;2;1;2;85
201400002187;14;7;25;1415;1;2;1;6;85
201400002188;14;10;15;1500;1;2;1;6;85
201400002189;14;11;18;1800;3;1;8;5;85
201400002190;14;11;23;1815;3;1;1;7;85
201400002191;14;12;28;215;5;2;1;6;85
201400002192;14;1;2;1700;1;1;1;6;85
201400002193;14;1;21;700;5;2;1;6;85
201400002194;14;3;20;1800;1;2;1;3;85
201400002195;14;3;28;1800;1;2;1;3;85
201400002196;14;4;10;1900;1;2;1;6;85
201400002197;14;5;2;1045;1;2;1;6;85
201400002198;14;5;24;1430;1;1;1;2;85
201400002199;14;5;24;1545;1;2;1;6;85
201400002200;14;5;31;1545;1;1;1;6;85
201400002201;14;7;7;1215;1;1;1;3;85
201400002202;14;8;18;1315;1;1;1;1;85
201400002203;14;9;12;1445;1;1;1;1;85
201400002204;14;9;15;1745;1;1;1;6;85
201400002205;14;10;1;1900;1;1;7;2;85
201400002206;14;11;20;1300;1;2;1;3;85
201400002207;14;12;30;1500;1;2;1;3;85
201400002208;14;5;15;1230;1;2;1;1;85
201400002209;14;5;19;1715;1;2;1;6;85
201400002210;14;7;6;230;3;1;1;7;85
201400002211;14;8;8;2030;1;1;2;6;85
201400002212;14;9;30;1515;1;1;1;1;85
201400002213;14;4;18;2045;2;2;1;1;85
201400002214;14;5;14;1630;1;2;1;3;85
201400002215;14;5;15;1345;1;1;1;5;85
201400002216;14;5;19;1745;1;1;1;1;85
201400002217;14;9;23;1445;1;1;1;1;85
201400002218;14;11;6;1730;5;2;8;7;85
201400002219;14;3;27;1645;1;1;8;3;85
201400002220;14;5;25;1600;1;1;1;1;85
201400002221;14;6;26;1045;1;1;1;3;85
201400002222;14;6;27;1800;1;1;1;3;85
201400002223;14;7;28;40;3;1;2;3;85
201400002224;14;9;20;1900;1;2;1;6;85
201400002225;14;9;25;1745;1;1;1;2;85
201400002226;14;2;5;1845;5;2;2;6;85
201400002227;14;2;4;1130;1;1;3;1;85
201400002228;14;2;16;815;1;1;5;1;85
201400002229;14;5;9;2315;5;1;1;1;85
201400002230;14;6;11;1245;1;2;1;3;85
201400002231;14;6;11;715;2;1;1;3;85
201400002232;14;7;5;230;3;1;2;6;85
201400002233;14;8;2;15;3;1;1;6;85
201400002234;14;9;1;830;1;2;1;3;85
201400002235;14;9;19;2300;3;1;1;6;85
201400002236;14;9;28;1615;1;2;1;1;85
201400002237;14;10;27;800;1;2;1;2;85
201400002238;14;12;5;1400;1;1;1;3;85
201400002239;14;1;21;700;3;1;5;3;85
201400002240;14;4;26;1445;1;1;1;1;85
201400002241;14;5;16;1515;1;1;1;6;85
201400002242;14;5;15;1915;1;2;1;1;85
201400002243;14;5;24;1845;1;2;1;2;85
201400002244;14;5;25;1230;1;2;1;6;85
201400002245;14;7;19;2245;4;1;1;6;85
201400002246;14;8;14;1130;1;1;1;1;85
201400002247;14;8;22;930;1;1;7;1;85
201400002248;14;11;22;930;1;1;1;6;85
201400002249;14;11;30;2300;3;1;2;1;85
201400002250;14;12;6;1625;1;1;1;1;85
201400002251;14;12;10;905;1;1;1;1;85
201400002252;14;1;24;740;5;2;2;6;85
201400002253;14;3;13;1500;1;2;1;3;85
201400002254;14;4;2;1530;1;2;1;1;85
201400002255;14;4;15;1845;1;1;1;3;85
201400002256;14;6;16;1900;1;1;1;7;85
201400002257;14;8;24;1800;1;1;1;1;85
201400002258;14;11;7;1645;2;1;1;6;85
201400002259;14;3;17;1800;1;1;1;1;85
201400002260;14;6;13;2030;1;1;1;1;85
201400002261;14;10;4;1900;1;1;3;5;85
201400002262;14;10;6;1730;1;1;8;5;85
201400002263;14;12;31;1500;1;1;1;2;85
201400002264;14;1;6;1915;3;1;8;3;85
201400002265;14;2;2;1215;1;2;1;6;85
201400002266;14;4;6;1615;1;1;1;3;85
201400002267;14;4;21;2000;1;1;7;1;85
201400002268;14;5;14;1615;1;1;1;3;85
201400002269;14;6;26;1745;1;1;1;6;85
201400002270;14;6;29;2245;5;2;1;6;85
201400002271;14;6;30;2000;1;2;1;3;85
201400002272;14;7;4;2200;3;1;2;6;85
201400002273;14;7;15;1945;1;1;1;6;85
201400002274;14;8;8;1245;1;1;2;1;85
201400002275;14;8;15;545;3;1;1;6;85
201400002276;14;8;21;1545;1;1;1;1;85
201400002277;14;10;17;15;3;1;8;6;85
201400002278;14;10;25;545;3;2;1;6;85
201400002279;14;10;31;1715;1;1;1;3;85
201400002280;14;11;5;1115;1;2;1;6;85
201400002281;14;1;16;1730;2;1;2;3;85
201400002282;14;2;17;1515;1;2;1;3;85
201400002283;14;4;28;1700;1;1;1;1;85
201400002284;14;9;10;1000;1;2;1;2;85
201400002285;14;10;27;1500;1;2;1;6;85
201400002286;14;11;9;1800;5;2;1;6;85
201400002287;14;12;27;1800;2;2;1;6;85
201400002288;14;1;18;145;3;1;8;1;85
201400002289;14;3;16;1200;1;2;1;7;85
201400002290;14;4;23;1445;1;1;2;5;85
201400002291;14;5;2;400;3;1;1;6;85
201400002292;14;5;4;1845;1;2;1;1;85
201400002293;14;5;25;1015;1;1;1;1;85
201400002294;14;6;11;1130;1;2;1;1;85
201400002295;14;6;16;1730;1;1;1;1;85
201400002296;14;8;25;1515;1;2;1;3;85
201400002297;14;9;13;1600;1;2;1;3;85
201400002298;14;12;15;1700;1;2;2;1;85
201400002299;14;4;9;1845;1;1;1;3;85
201400002300;14;4;15;1530;1;1;1;3;85
201400002301;14;9;30;1500;1;1;1;1;85
201400002302;14;10;16;1645;1;1;2;3;85
201400002303;14;10;29;1000;1;1;1;3;85
201400002304;14;1;29;1845;3;1;1;3;85
201400002305;14;2;21;1600;1;1;1;1;85
201400002306;14;3;22;900;1;1;8;6;85
201400002307;14;4;18;1800;1;1;1;2;85
201400002308;14;4;25;2245;3;2;1;1;85
201400002309;14;5;15;2230;3;1;1;1;85
201400002310;14;7;6;2145;2;1;1;5;85
201400002311;14;7;21;600;2;1;1;7;85
201400002312;14;10;8;1000;1;1;8;6;85
201400002313;14;11;25;1800;3;1;5;1;85
201400002314;14;1;10;1330;1;1;1;7;85
201400002315;14;2;23;1130;1;1;1;7;85
201400002316;14;5;8;2000;1;1;1;1;85
201400002317;14;10;11;945;1;1;5;1;85
201400002318;14;1;7;1630;1;1;1;2;85
201400002319;14;1;14;1845;5;2;1;6;85
201400002320;14;1;25;1900;3;1;1;3;85
201400002321;14;3;11;1005;1;2;1;6;85
201400002322;14;5;19;1230;1;2;1;3;85
201400002323;14;5;27;330;3;2;1;6;85
201400002324;14;8;17;930;1;1;1;1;85
201400002325;14;8;18;1645;1;1;1;6;85
201400002326;14;9;7;1100;1;2;1;6;85
201400002327;14;9;27;845;1;1;1;1;85
201400002328;14;7;15;1730;1;1;1;3;85
201400002329;14;8;17;1930;1;1;1;1;85
201400002330;14;3;14;1630;1;1;1;2;85
201400002331;14;4;22;1400;1;1;1;7;85
201400002332;14;5;10;745;1;1;2;6;85
201400002333;14;5;16;2045;1;1;1;1;85
201400002334;14;5;12;1530;1;2;1;6;85
201400002335;14;5;24;2245;5;2;1;6;85
201400002336;14;7;8;1700;1;1;1;3;85
201400002337;14;7;25;1230;1;1;1;2;85
201400002338;14;8;11;1500;1;1;1;6;85
201400002339;14;9;19;1745;1;1;1;2;85
201400002340;14;9;23;2030;1;1;1;3;85
201400002341;14;10;13;1915;2;2;1;3;85
201400002342;14;1;4;330;5;2;1;7;85
201400002343;14;4;26;1630;1;1;1;6;85
201400002344;14;5;3;2215;5;1;1;1;85
201400002345;14;1;14;1000;1;1;1;3;85
201400002346;14;1;25;1730;1;2;1;3;85
201400002347;14;2;18;730;2;2;1;1;85
201400002348;14;3;15;500;5;2;1;6;85
201400002349;14;3;26;1215;1;2;1;3;85
201400002350;14;3;30;600;5;2;1;6;85
201400002351;14;4;5;545;3;1;1;6;33
201400002352;14;4;26;415;3;1;2;6;33
201400002353;14;4;25;830;1;2;1;3;33
201400002354;14;5;14;1415;1;2;1;3;33
201400002355;14;5;7;2015;2;2;1;3;33
201400002356;14;5;22;1630;1;2;1;1;33
201400002357;14;5;28;1615;1;2;1;1;33
201400002358;14;5;30;1700;1;2;1;3;33
201400002359;14;7;25;1230;1;2;1;1;33
201400002360;14;8;3;645;2;1;1;7;33
201400002361;14;8;5;1500;1;2;1;3;33
201400002362;14;9;26;1715;1;2;1;6;33
201400002363;14;10;14;750;2;1;1;6;33
201400002364;14;10;20;1615;1;1;1;2;33
201400002365;14;10;24;1615;1;1;1;6;33
201400002366;14;12;29;2115;5;2;4;1;33
201400002367;14;6;22;1745;1;1;1;5;33
201400002368;14;7;5;1030;1;2;2;6;33
201400002369;14;6;26;45;4;2;1;6;33
201400002370;14;7;10;1830;1;1;1;1;33
201400002371;14;7;29;1800;1;2;1;1;33
201400002372;14;8;2;1000;1;1;2;1;33
201400002373;14;8;2;1420;1;1;1;1;33
201400002374;14;8;7;1215;1;1;1;1;33
201400002375;14;8;8;1400;1;1;3;7;33
201400002376;14;8;18;1415;1;2;1;1;33
201400002377;14;8;22;1745;1;2;1;1;33
201400002378;14;8;27;1900;1;2;8;6;33
201400002379;14;9;14;30;3;1;1;3;33
201400002380;14;9;27;1015;1;1;1;3;33
201400002381;14;10;24;1045;1;2;1;1;33
201400002382;14;12;1;510;3;1;1;7;33
201400002383;14;12;15;1320;1;1;1;3;33
201400002384;14;12;15;1500;1;1;1;3;33
201400002385;14;12;17;2345;3;1;8;7;33
201400002386;14;12;21;1100;1;2;1;6;33
201400002387;14;1;26;530;4;2;1;6;33
201400002388;14;2;1;1915;5;2;1;1;33
201400002389;14;2;13;1500;1;2;2;1;33
201400002390;14;2;25;1000;1;1;1;6;33
201400002391;14;3;7;2030;3;1;1;3;33
201400002392;14;4;22;2230;3;1;1;2;33
201400002393;14;4;22;930;1;2;1;3;33