Num_Acc;an;mois;jour;hrmn;lum;agg;atm;col;dep
201400002394;14;5;15;1645;1;1;1;1;33
201400002395;14;6;14;830;1;1;1;6;33
201400002396;14;6;26;1930;1;1;1;1;33
201400002397;14;7;29;100;4;2;1;7;33
201400002398;14;10;14;1915;2;1;1;5;33
201400002399;14;10;19;930;1;2;7;6;33
201400002400;14;11;21;625;3;1;1;6;33
201400002401;14;12;5;1415;1;1;8;6;33
201400002402;14;12;29;1445;1;1;1;3;33
201400002403;14;10;9;630;3;1;3;1;33
201400002404;14;3;3;1715;1;1;4;6;33
201400002405;14;9;27;915;1;2;7;5;33
201400002406;14;12;24;2015;3;1;1;5;33
201400002407;14;2;7;1215;1;2;1;1;33
201400002408;14;3;17;1100;1;2;1;6;33
201400002409;14;6;17;1445;1;1;1;1;33
201400002410;14;8;17;2315;3;1;1;6;33
201400002411;14;8;22;2015;1;2;1;6;33
201400002412;14;10;29;1915;2;1;8;2;33
201400002413;14;11;21;1115;5;1;1;1;33
201400002414;14;2;27;1215;1;2;8;1;33
201400002415;14;3;1;1545;1;2;1;3;33
201400002416;14;6;1;200;5;2;1;7;33
201400002417;14;6;20;900;1;1;1;3;33
201400002418;14;8;25;1000;2;2;1;3;33
201400002419;14;11;17;1845;5;2;3;3;33
201400002420;14;4;4;1515;1;2;1;3;33
201400002421;14;4;27;500;5;2;1;6;33
201400002422;14;7;26;1145;1;2;1;6;33
201400002423;14;10;14;945;1;2;1;3;33
201400002424;14;10;31;1545;1;1;1;2;33
201400002425;14;4;18;1800;1;2;1;5;33
201400002426;14;6;6;1800;1;1;1;6;33
201400002427;14;7;2;1745;1;1;1;5;33
201400002428;14;3;3;1515;1;1;3;3;33
201400002429;14;3;7;1115;1;2;1;5;33
201400002430;14;4;11;1045;1;1;1;3;33
201400002431;14;5;14;1900;1;2;1;3;33
201400002432;14;6;1;1845;1;2;1;6;33
201400002433;14;6;16;715;1;2;1;6;33
201400002434;14;7;10;1915;1;1;1;3;33
201400002435;14;7;24;730;1;2;1;3;33
201400002436;14;8;25;1730;1;2;1;3;33
201400002437;14;9;13;400;5;2;1;6;33
201400002438;14;10;20;1745;1;1;1;1;33
201400002439;14;11;12;915;1;2;2;2;33
201400002440;14;11;12;730;1;2;2;3;33
201400002441;14;11;20;2145;3;1;1;6;33
201400002442;14;11;27;2330;5;2;1;6;33
201400002443;14;12;9;1745;2;2;1;3;33
201400002444;14;3;6;2045;3;1;1;6;33
201400002445;14;3;14;1830;1;1;1;1;33
201400002446;14;9;5;745;1;1;1;3;33
201400002447;14;11;1;615;3;1;1;5;33
201400002448;14;11;8;1700;1;1;1;3;33
201400002449;14;2;15;1115;1;2;2;6;33
201400002450;14;5;13;715;2;2;2;6;33
201400002451;14;6;14;2345;5;2;1;3;33
201400002452;14;7;27;1;3;2;1;6;33
201400002453;14;7;29;1830;1;1;1;1;33
201400002454;14;9;4;1830;1;2;1;3;33
201400002455;14;10;9;1015;1;1;2;1;33
201400002456;14;3;8;1645;1;1;1;7;33
201400002457;14;5;3;930;1;1;1;3;33
201400002458;14;8;5;1645;1;1;1;3;33
201400002459;14;9;8;845;1;2;3;3;33
201400002460;14;1;15;630;5;2;2;6;33
201400002461;14;4;30;545;2;1;5;6;40
201400002462;14;6;8;1800;1;2;1;3;33
201400002463;14;7;4;2045;1;1;1;3;33
201400002464;14;9;13;1915;1;2;1;3;33
201400002465;14;11;9;1945;5;2;1;1;33
201400002466;14;12;14;330;5;2;1;7;33
201400002467;14;1;24;1915;3;1;2;1;33
201400002468;14;7;16;45;5;2;1;7;33
201400002469;14;1;8;630;3;1;1;3;33
201400002470;14;1;11;1545;1;2;1;3;33
201400002471;14;3;2;2100;3;2;2;6;33
201400002472;14;4;8;1445;1;2;1;3;33
201400002473;14;4;25;2245;5;2;1;1;33
201400002474;14;7;25;1500;1;1;1;6;33
201400002475;14;12;22;45;5;2;1;2;33
201400002476;14;1;24;1130;1;1;2;7;33
201400002477;14;3;15;1530;1;1;1;2;33
201400002478;14;4;30;1530;1;1;1;7;33
201400002479;14;8;9;1700;1;2;1;6;33
201400002480;14;8;17;700;2;2;1;6;33
201400002481;14;8;30;1615;1;2;1;6;33
201400002482;14;1;28;1745;2;1;2;1;33
201400002483;14;8;29;2130;5;2;1;3;33
201400002484;14;10;18;1545;1;2;1;7;33
201400002485;14;6;22;630;2;1;1;6;33
201400002486;14;7;12;1645;1;2;1;3;33
201400002487;14;8;9;1745;1;1;8;1;33
201400002488;14;8;30;1715;1;2;1;1;33
201400002489;14;9;4;2300;5;2;1;1;33
201400002490;14;11;20;1745;2;2;1;6;33
201400002491;14;2;9;1715;5;1;2;3;33
201400002492;14;3;5;1215;1;1;1;5;33
201400002493;14;6;2;1630;1;1;1;1;33
201400002494;14;8;14;1145;1;1;1;3;33
201400002495;14;9;1;1530;1;1;1;3;33
201400002496;14;11;26;1700;3;1;3;1;33
201400002497;14;7;30;2115;2;1;7;1;33
201400002498;14;11;13;2315;3;1;1;3;33
201400002499;14;11;19;815;1;1;1;1;33
201400002500;14;11;21;1845;3;2;1;3;33
201400002501;14;12;18;800;3;1;2;1;33
201400002502;14;3;17;2130;3;1;1;6;33
201400002503;14;8;12;1300;1;1;1;1;33
201400002504;14;12;20;1645;1;2;1;1;33
201400002505;14;12;29;1830;3;1;8;3;33
201400002506;14;3;19;2330;1;2;1;6;33
201400002507;14;7;25;1600;1;2;3;1;33
201400002508;14;8;1;1015;1;2;8;6;33
201400002509;14;10;26;2015;3;1;1;3;33
201400002510;14;4;9;830;1;1;1;3;33
201400002511;14;10;2;1845;1;1;1;7;33
201400002512;14;1;18;1115;1;1;1;3;33
201400002513;14;5;18;2245;5;2;1;6;33
201400002514;14;4;30;1800;1;2;1;6;33
201400002515;14;5;2;1800;1;2;1;6;33
201400002516;14;6;26;700;1;2;1;3;33
201400002517;14;6;29;1700;1;1;1;6;33
201400002518;14;10;20;715;3;1;5;3;33
201400002519;14;11;23;1145;1;1;1;3;33
201400002520;14;12;9;1615;1;1;1;3;33
201400002521;14;4;9;945;1;1;1;1;33
201400002522;14;9;21;700;2;1;1;1;33
201400002523;14;12;22;1515;1;1;1;6;33
201400002524;14;3;29;1615;1;1;1;7;33
201400002525;14;5;11;1600;1;1;1;3;33
201400002526;14;4;30;815;1;1;2;3;33
201400002527;14;6;30;2315;3;2;1;6;33
201400002528;14;8;10;1645;1;2;1;1;33
201400002529;14;8;29;1645;1;1;1;6;33
201400002530;14;9;1;1500;1;2;1;6;33
201400002531;14;11;22;915;1;1;7;1;33
201400002532;14;2;21;1400;1;1;7;1;33
201400002533;14;6;12;1930;1;2;1;6;33
201400002534;14;6;26;1330;1;1;1;3;33
201400002535;14;7;2;1930;1;1;1;3;33
201400002536;14;7;15;1415;1;2;1;6;33
201400002537;14;8;21;815;1;1;1;3;33
201400002538;14;8;29;2100;2;2;1;6;33
201400002539;14;8;2;1930;1;2;1;5;33
201400002540;14;9;20;1745;1;1;1;2;33
201400002541;14;9;21;1215;1;1;1;2;33
201400002542;14;10;1;845;1;2;5;3;33
201400002543;14;10;5;145;3;2;2;6;33
201400002544;14;11;26;1315;1;1;1;7;33
201400002545;14;12;20;1000;1;1;8;3;33
201400002546;14;1;3;1430;1;1;1;5;33
201400002547;14;5;17;1615;2;1;1;6;33
201400002548;14;5;29;1115;1;2;1;1;33
201400002549;14;9;18;430;3;1;8;1;33
201400002550;14;10;19;1915;1;1;1;5;33
201400002551;14;11;15;1130;1;2;8;7;33
201400002552;14;12;10;200;3;1;1;6;33
201400002553;14;12;30;1030;1;1;1;1;33
201400002554;14;2;14;1945;1;1;2;3;24
201400002555;14;5;2;1700;1;1;1;3;24
201400002556;14;10;14;1730;1;2;1;1;24
201400002557;14;11;1;1945;3;1;1;7;24
201400002558;14;2;6;1215;1;1;1;1;24
201400002559;14;3;22;1030;1;1;2;3;24
201400002560;14;8;31;1945;1;1;1;3;24
201400002561;14;9;13;1900;1;1;1;3;24
201400002562;14;10;17;1545;1;1;1;3;24
201400002563;14;10;31;200;3;1;1;6;24
201400002564;14;12;8;730;2;1;8;1;24
201400002565;14;2;22;1100;1;2;1;3;24
201400002566;14;6;28;1830;1;1;1;1;24
201400002567;14;9;17;1330;1;2;1;3;24
201400002568;14;10;5;900;1;1;1;7;24
201400002569;14;1;17;1730;1;1;1;3;24
201400002570;14;2;17;1845;2;2;1;1;24
201400002571;14;4;10;1445;1;2;1;6;24
201400002572;14;9;10;2315;4;2;1;1;24
201400002573;14;9;12;1745;1;2;1;6;24
201400002574;14;9;26;30;3;1;1;2;24
201400002575;14;10;17;1115;1;1;1;3;24
201400002576;14;5;24;430;5;1;1;6;24
201400002577;14;7;15;830;1;1;1;2;24
201400002578;14;10;15;730;2;1;2;6;24
201400002579;14;12;13;745;2;1;1;6;24
201400002580;14;12;22;2245;3;1;5;6;24
201400002581;14;1;7;730;5;2;2;6;24
201400002582;14;1;28;1845;5;2;3;2;24
201400002583;14;5;30;1430;1;1;1;1;24
201400002584;14;6;10;1730;1;1;1;1;24
201400002585;14;6;27;1415;1;1;1;1;24
201400002586;14;2;8;1845;5;2;3;6;44
201400002587;14;2;24;1700;1;1;1;1;24
201400002588;14;10;22;2115;5;1;1;1;24
201400002589;14;11;23;1900;5;1;1;3;24
201400002590;14;11;30;1630;1;1;1;6;24
201400002591;14;1;24;2145;5;1;2;3;24
201400002592;14;2;3;1445;1;1;8;1;24
201400002593;14;6;28;1630;1;1;2;3;24
201400002594;14;11;21;1915;5;2;1;6;24
201400002595;14;1;18;2330;3;1;1;6;24
201400002596;14;3;1;200;3;2;8;7;24
201400002597;14;10;28;1215;1;2;1;1;24
201400002598;14;12;27;1115;1;1;1;6;24
201400002599;14;2;12;1045;1;1;1;3;24
201400002600;14;4;17;745;1;1;1;2;24
201400002601;14;5;23;1015;1;1;1;7;24
201400002602;14;6;20;1400;1;1;1;1;24
201400002603;14;7;2;1715;1;1;1;3;24
201400002604;14;8;25;1030;1;1;1;7;24
201400002605;14;10;18;1745;1;1;1;1;24
201400002606;14;1;20;1100;1;2;1;6;24
201400002607;14;3;13;715;3;1;1;6;24
201400002608;14;5;13;1530;1;1;1;3;24
201400002609;14;6;8;700;1;1;1;7;24
201400002610;14;6;24;1400;1;2;1;3;24
201400002611;14;6;24;1830;1;1;1;3;24
201400002612;14;8;22;900;1;1;1;6;24
201400002613;14;5;27;1700;1;1;8;3;24
201400002614;14;6;6;1800;1;1;1;1;24
201400002615;14;7;31;1145;1;1;1;5;24
201400002616;14;9;24;1145;1;1;1;6;24
201400002617;14;10;19;2200;3;1;1;6;24
201400002618;14;12;3;1430;1;1;1;7;24
201400002619;14;1;4;2300;3;1;1;7;24
201400002620;14;2;23;1745;1;1;1;6;24
201400002621;14;3;20;1645;1;2;1;3;24
201400002622;14;6;4;830;1;1;3;6;24
201400002623;14;7;10;1645;1;1;1;1;24
201400002624;14;7;19;1330;1;2;1;1;24
201400002625;14;7;31;1530;1;1;1;1;24
201400002626;14;10;25;1715;1;1;1;1;24
201400002627;14;11;14;1145;1;1;3;1;24
201400002628;14;12;17;1730;2;1;3;5;24
201400002629;14;1;24;915;1;1;2;3;24
201400002630;14;3;1;645;2;1;1;3;24
201400002631;14;3;9;1945;3;1;1;3;24
201400002632;14;7;18;1030;1;1;1;1;24
201400002633;14;8;10;930;1;1;1;7;24
201400002634;14;10;17;2145;3;1;1;6;24
201400002635;14;11;14;2045;3;1;3;7;24
201400002636;14;11;20;1730;2;2;1;6;24
201400002637;14;12;12;1630;1;1;1;1;24
201400002638;14;1;16;615;3;1;8;3;24
201400002639;14;1;9;845;1;1;1;3;24
201400002640;14;1;15;730;3;1;8;3;24
201400002641;14;1;17;1445;1;1;1;6;24
201400002642;14;3;10;915;1;1;1;6;24
201400002643;14;4;8;1700;1;1;1;6;24
201400002644;14;5;16;1100;1;1;1;3;24
201400002645;14;7;16;1645;1;1;1;3;24
201400002646;14;8;9;800;1;1;1;3;24
201400002647;14;2;8;1945;3;1;2;1;24
201400002648;14;6;7;1145;1;1;1;7;24
201400002649;14;3;6;500;5;1;1;6;24
201400002650;14;10;26;1215;1;2;1;6;24
201400002651;14;1;10;600;3;1;5;7;24
201400002652;14;4;2;330;3;1;1;7;24
201400002653;14;4;28;1330;1;2;1;3;24
201400002654;14;8;9;1515;1;1;3;3;24
201400002655;14;10;17;1245;1;1;1;1;24
201400002656;14;10;18;1615;1;1;1;2;24
201400002657;14;11;14;1515;1;1;2;3;24
201400002658;14;2;12;715;2;1;9;1;24
201400002659;14;2;26;730;1;1;1;1;40
201400002660;14;8;5;1430;1;1;1;7;40
201400002661;14;9;17;1800;1;1;1;1;40
201400002662;14;12;23;1400;1;2;1;6;40
201400002663;14;1;25;900;1;1;2;6;40
201400002664;14;2;2;830;1;1;9;3;40
201400002665;14;2;27;1545;1;1;1;6;40
201400002666;14;3;19;1630;1;1;1;3;40
201400002667;14;3;29;1430;1;2;1;1;40
201400002668;14;6;11;730;1;1;1;3;40
201400002669;14;6;21;900;1;2;1;1;40
201400002670;14;7;12;2300;3;1;1;3;40
201400002671;14;8;24;1315;1;1;1;1;40
201400002672;14;10;1;1215;1;1;1;1;40
201400002673;14;11;10;1330;1;1;1;1;40
201400002674;14;12;12;100;3;1;1;6;40
201400002675;14;2;18;815;1;1;1;6;40
201400002676;14;2;20;1715;1;1;1;6;40
201400002677;14;4;26;1600;1;1;3;3;40
201400002678;14;8;16;945;1;1;1;3;40
201400002679;14;8;22;700;2;1;1;6;40
201400002680;14;9;10;1930;1;1;7;7;40
201400002681;14;11;23;1200;1;2;1;7;40
201400002682;14;1;17;1945;3;2;1;6;40
201400002683;14;7;2;1915;1;1;1;7;40
201400002684;14;7;31;1530;1;1;1;2;40
201400002685;14;8;13;1415;1;1;1;3;40
201400002686;14;1;8;1530;1;2;1;6;40
201400002687;14;5;8;1715;1;2;1;3;40
201400002688;14;5;31;1130;1;2;1;7;40
201400002689;14;7;20;1745;1;1;2;1;40
201400002690;14;9;5;1715;1;1;1;7;40
201400002691;14;9;11;1800;1;1;1;6;40
201400002692;14;10;27;1545;1;1;7;1;40
201400002693;14;11;17;1615;2;1;2;6;40
201400002694;14;5;19;1115;1;2;1;3;40
201400002695;14;3;6;1230;1;2;1;6;40
201400002696;14;4;11;1645;1;1;1;3;40
201400002697;14;4;14;1215;1;1;1;7;40
201400002698;14;5;8;1715;1;1;1;5;40
201400002699;14;5;15;1845;1;2;1;6;40
201400002700;14;6;8;1030;1;1;1;1;40
201400002701;14;6;22;1030;1;1;1;6;40
201400002702;14;2;6;1645;1;1;8;1;40
201400002703;14;5;9;1730;1;1;1;4;40
201400002704;14;5;31;1700;1;1;1;1;40
201400002705;14;7;1;1550;1;1;1;3;40
201400002706;14;9;14;800;1;1;1;6;40
201400002707;14;9;16;1000;1;1;1;7;40
201400002708;14;6;20;1930;1;2;1;3;40
201400002709;14;6;25;1500;1;1;1;6;40
201400002710;14;10;11;1915;2;1;1;3;40
201400002711;14;2;16;2115;3;1;1;6;40
201400002712;14;4;3;800;2;1;3;3;40
201400002713;14;4;13;2000;1;1;1;1;40
201400002714;14;5;7;715;1;1;1;5;40
201400002715;14;7;22;30;3;1;1;6;40
201400002716;14;8;15;900;1;1;1;3;40
201400002717;14;8;31;630;3;1;1;6;40
201400002718;14;9;5;630;3;1;5;1;40
201400002719;14;10;9;2300;3;1;3;7;40
201400002720;14;11;8;915;1;2;1;6;40
201400002721;14;3;7;1215;1;1;1;6;40
201400002722;14;9;24;1530;1;1;1;3;40
201400002723;14;10;4;2000;5;2;1;6;40
201400002724;14;11;1;1115;1;1;1;1;40
201400002725;14;11;12;300;4;1;1;6;40
201400002726;14;12;9;900;1;1;7;1;40
201400002727;14;1;19;2200;5;2;2;6;40
201400002728;14;3;16;245;3;2;1;6;40
201400002729;14;5;17;1915;1;2;1;2;40
201400002730;14;5;17;1830;1;1;1;1;40
201400002731;14;6;15;1245;1;1;1;6;40
201400002732;14;6;26;545;2;1;1;5;40
201400002733;14;7;14;1100;1;2;1;3;40
201400002734;14;12;2;1100;1;2;1;1;40
201400002735;14;1;1;420;3;1;5;6;40
201400002736;14;3;20;1700;1;2;1;6;40
201400002737;14;4;5;500;5;2;1;6;40
201400002738;14;5;7;1430;1;1;1;7;40
201400002739;14;8;21;1215;1;1;1;3;40
201400002740;14;10;18;1800;1;2;1;3;40
201400002741;14;6;17;1100;1;2;1;2;40
201400002742;14;8;7;1045;1;2;1;3;40
201400002743;14;8;13;1345;1;1;1;3;40
201400002744;14;8;14;1145;1;1;1;6;40
201400002745;14;1;29;2015;3;1;3;5;40
201400002746;14;2;7;1000;1;1;1;3;40
201400002747;14;5;9;1515;1;1;1;3;40
201400002748;14;7;6;1815;1;1;8;1;40
201400002749;14;7;25;1230;1;1;1;2;40
201400002750;14;9;27;1700;1;1;1;3;40
201400002751;14;11;12;1500;1;2;1;1;40
201400002752;14;3;9;1515;1;1;1;2;40
201400002753;14;4;2;845;1;2;1;6;40
201400002754;14;4;9;2130;3;1;1;6;40
201400002755;14;4;16;2245;3;1;1;6;40
201400002756;14;4;25;415;3;1;3;6;40
201400002757;14;5;21;1800;1;2;1;6;40
201400002758;14;5;28;1515;1;1;2;1;40
201400002759;14;5;28;1645;1;1;2;1;40
201400002760;14;5;29;515;3;1;1;6;40
201400002761;14;6;1;2330;3;1;1;3;40
201400002762;14;6;10;1745;1;2;1;3;40
201400002763;14;6;15;1330;1;1;1;1;40
201400002764;14;6;20;900;1;2;7;3;40
201400002765;14;12;18;800;2;1;2;7;40
201400002766;14;2;22;430;3;1;1;6;47
201400002767;14;8;16;1100;1;2;1;6;47
201400002768;14;9;19;200;3;1;1;6;47
201400002769;14;10;21;1945;3;1;1;3;47
201400002770;14;10;27;1230;1;2;1;3;47
201400002771;14;10;31;1830;3;1;1;6;47
201400002772;14;2;16;500;3;2;1;6;47
201400002773;14;2;23;1100;1;1;1;3;47
201400002774;14;3;10;800;1;2;7;6;47
201400002775;14;8;7;715;1;2;1;7;47
201400002776;14;8;22;715;2;2;1;6;47
201400002777;14;9;3;1800;1;2;1;1;47
201400002778;14;10;1;730;2;2;1;3;47
201400002779;14;10;7;1845;1;2;1;3;47
201400002780;14;10;31;1530;1;2;1;5;47
201400002781;14;1;15;1900;5;2;1;3;47
201400002782;14;3;17;1430;1;2;1;3;47
201400002783;14;3;27;830;1;1;8;5;47
201400002784;14;4;18;1745;1;1;1;3;47
201400002785;14;4;30;2045;1;1;1;1;47
201400002786;14;5;26;1440;1;1;1;1;47
201400002787;14;10;22;2030;3;1;1;1;47
201400002788;14;7;20;400;3;2;8;6;47
201400002789;14;9;4;645;2;1;5;1;47
201400002790;14;6;17;2015;1;1;1;6;47
201400002791;14;8;8;1815;1;1;8;6;47
201400002792;14;8;1;1930;1;1;1;2;47
201400002793;14;9;19;1345;1;1;1;6;47
201400002794;14;10;16;1745;1;1;1;3;47
201400002795;14;12;15;1815;3;1;1;3;47
201400002796;14;12;19;2100;3;1;2;3;47
201400002797;14;6;12;815;1;1;1;3;47
201400002798;14;8;9;1100;1;1;2;1;47
201400002799;14;8;18;1415;1;1;1;3;47
201400002800;14;12;25;615;5;2;1;2;47
201400002801;14;6;27;2330;3;1;1;6;47
201400002802;14;10;4;1715;1;2;1;3;47
201400002803;14;3;22;1140;1;2;1;6;47
201400002804;14;6;14;530;2;1;1;1;47
201400002805;14;6;21;730;1;1;1;6;47
201400002806;14;6;24;1630;1;2;1;1;47
201400002807;14;10;9;1945;3;2;2;6;47
201400002808;14;10;20;645;3;1;1;3;47
201400002809;14;10;26;1900;3;1;1;6;47
201400002810;14;11;30;630;3;1;1;3;47
201400002811;14;9;25;1230;1;1;1;1;47
201400002812;14;3;24;1615;1;1;2;6;47
201400002813;14;5;6;1215;1;1;1;7;47
201400002814;14;7;17;2100;1;1;1;6;47
201400002815;14;8;28;1345;1;1;1;6;47
201400002816;14;10;2;1300;1;1;1;3;47
201400002817;14;10;24;1500;1;2;7;1;47
201400002818;14;1;8;815;1;2;1;1;47
201400002819;14;1;11;1830;4;2;1;1;47
201400002820;14;1;22;800;1;2;2;3;47
201400002821;14;2;21;2015;3;1;2;1;47
201400002822;14;3;2;1430;1;1;1;4;47
201400002823;14;4;13;1645;1;1;1;1;47
201400002824;14;4;14;1415;1;1;1;3;47
201400002825;14;5;7;1445;1;2;1;3;47
201400002826;14;5;10;1200;1;2;1;1;47
201400002827;14;5;12;1615;1;1;1;3;47
201400002828;14;5;23;1600;1;1;1;1;47
201400002829;14;5;26;1345;1;1;1;1;47
201400002830;14;7;5;930;1;1;1;3;47
201400002831;14;10;25;30;3;1;1;7;47
201400002832;14;10;28;1845;3;1;1;1;47
201400002833;14;3;20;715;2;1;1;1;47
201400002834;14;8;7;1000;1;1;8;3;47
201400002835;14;10;2;1445;1;1;1;1;47
201400002836;14;11;5;1800;5;1;1;1;47
201400002837;14;11;22;1745;1;1;1;6;47
201400002838;14;8;22;1545;1;1;1;7;47
201400002839;14;8;22;1800;1;1;1;7;47
201400002840;14;9;5;1515;1;2;1;2;47
201400002841;14;9;14;1330;1;1;1;6;47
201400002842;14;10;27;1800;2;1;1;3;47
201400002843;14;11;8;1730;2;1;1;3;47
201400002844;14;1;4;1700;2;1;8;3;64
201400002845;14;1;24;1030;1;1;3;1;64
201400002846;14;3;6;1715;1;2;1;3;64
201400002847;14;3;16;2030;3;1;1;7;64
201400002848;14;3;28;1700;1;1;1;3;64
201400002849;14;4;5;1130;1;1;1;3;64
201400002850;14;4;18;1200;1;2;1;6;64
201400002851;14;5;8;1030;1;1;1;2;64
201400002852;14;6;4;1400;1;1;1;3;64
201400002853;14;6;6;1530;1;2;1;6;64
201400002854;14;7;6;1115;1;1;1;3;64
201400002855;14;12;10;800;2;2;1;3;64
201400002856;14;12;13;1845;3;1;2;3;64
201400002857;14;4;7;1800;1;1;1;1;64
201400002858;14;4;18;1030;1;1;1;3;64
201400002859;14;1;9;1345;1;1;1;3;64
201400002860;14;9;7;900;1;1;1;7;64
201400002861;14;10;8;1945;3;1;1;2;64
201400002862;14;12;10;1845;3;1;2;3;64
201400002863;14;12;12;1915;3;1;1;7;64
201400002864;14;1;5;130;3;1;2;6;64
201400002865;14;5;8;1100;1;1;1;7;64
201400002866;14;5;25;1100;1;1;1;6;64
201400002867;14;5;28;1915;1;1;1;6;64
201400002868;14;6;9;1130;1;1;1;3;64
201400002869;14;6;30;245;3;2;1;6;64
201400002870;14;7;22;745;1;1;1;6;64
201400002871;14;8;15;1545;1;1;1;6;64
201400002872;14;10;19;900;1;1;1;6;64
201400002873;14;11;3;1745;2;1;2;7;64
201400002874;14;11;4;1000;2;2;2;1;64
201400002875;14;11;25;1015;1;1;2;7;64
201400002876;14;4;16;1130;1;2;1;3;64
201400002877;14;5;10;1130;1;1;1;2;64
201400002878;14;5;13;1630;1;2;8;3;64
201400002879;14;11;20;1345;1;1;1;3;64
201400002880;14;6;6;1430;1;1;1;7;64
201400002881;14;6;9;1515;1;1;1;5;64
201400002882;14;6;29;700;1;1;1;6;64
201400002883;14;2;10;900;1;1;8;7;64
201400002884;14;3;30;1500;1;1;8;7;64
201400002885;14;6;10;1415;1;2;1;3;64
201400002886;14;12;15;1545;1;2;1;3;64
201400002887;14;1;31;1730;1;1;8;3;64
201400002888;14;3;6;1700;1;1;1;3;64
201400002889;14;5;11;1830;1;1;1;6;64
201400002890;14;7;11;1430;1;1;2;1;64
201400002891;14;5;10;1015;1;1;1;7;64
201400002892;14;5;10;1345;1;1;1;1;64
201400002893;14;6;26;1530;1;1;1;1;64
201400002894;14;7;22;2145;3;1;1;1;64
201400002895;14;8;16;630;2;1;1;6;64
201400002896;14;3;1;1215;1;1;8;3;64
201400002897;14;3;11;1830;1;1;1;7;64
201400002898;14;5;10;1600;1;1;1;7;64
201400002899;14;5;24;1845;1;1;1;3;64
201400002900;14;6;18;1915;1;1;1;7;64
201400002901;14;2;5;2030;4;2;1;2;64
201400002902;14;5;8;2315;3;2;1;6;64
201400002903;14;5;16;1645;1;1;1;6;64
201400002904;14;6;13;830;1;1;1;6;64
201400002905;14;7;17;1830;1;1;7;3;64
201400002906;14;9;1;1645;1;1;7;6;64
201400002907;14;12;19;300;3;1;2;6;64
201400002908;14;1;9;845;1;1;1;6;64
201400002909;14;2;4;730;2;1;9;3;64
201400002910;14;4;11;1630;1;2;1;6;64
201400002911;14;5;11;1830;1;1;1;3;64
201400002912;14;5;26;1645;1;1;1;6;64
201400002913;14;6;6;1500;1;2;1;6;64
201400002914;14;6;12;800;1;1;1;6;64
201400002915;14;6;14;800;1;1;1;1;64
201400002916;14;7;11;1615;1;1;1;6;64
201400002917;14;8;5;1615;1;1;1;1;64
201400002918;14;10;29;1130;1;2;1;6;64
201400002919;14;12;5;1745;2;2;2;1;64
201400002920;14;9;5;1445;1;2;1;3;64
201400002921;14;11;6;930;1;1;1;1;64
201400002922;14;3;1;2000;3;1;1;6;64
201400002923;14;5;22;1245;1;1;1;1;64
201400002924;14;6;2;1700;1;1;1;3;64
201400002925;14;8;4;1000;1;1;2;1;64
201400002926;14;9;21;130;3;1;1;6;64
201400002927;14;11;3;830;2;2;7;6;64
201400002928;14;1;28;1345;1;1;1;1;64
201400002929;14;2;11;845;1;2;1;1;64
201400002930;14;4;7;1530;1;1;1;7;64
201400002931;14;8;25;1945;1;2;1;2;64
201400002932;14;10;20;2100;5;2;1;3;64
201400002933;14;11;18;845;1;2;1;3;64
201400002934;14;11;19;745;3;1;1;1;64
201400002935;14;2;28;930;1;1;3;6;64
201400002936;14;3;3;2215;3;1;3;6;64
201400002937;14;4;6;1515;1;1;1;3;64
201400002938;14;4;20;1230;1;1;8;3;64
201400002939;14;4;24;1115;1;1;8;7;64
201400002940;14;4;24;1515;1;1;1;6;64
201400002941;14;5;11;600;2;2;2;6;64
201400002942;14;5;11;1430;1;1;1;3;64
201400002943;14;5;27;1830;1;1;1;1;64
201400002944;14;6;12;800;1;2;1;6;64
201400002945;14;6;14;930;1;2;1;6;64
201400002946;14;7;19;600;2;1;1;6;64
201400002947;14;9;13;1730;1;2;1;7;64
201400002948;14;9;13;1030;1;2;7;7;64
201400002949;14;9;28;2130;4;2;1;7;64
201400002950;14;10;9;830;1;1;2;1;64
201400002951;14;10;9;2140;4;1;3;3;64
201400002952;14;11;12;1615;1;1;1;1;64
201400002953;14;12;14;800;2;1;8;1;64
201400002954;14;4;2;1015;1;1;1;3;64
201400002955;14;6;5;1500;1;1;1;6;64
201400002956;14;7;21;1045;1;1;8;1;64
201400002957;14;8;2;1315;1;1;1;6;64
201400002958;14;9;22;2200;5;1;1;3;64
201400002959;14;9;23;1430;1;1;1;1;64
201400002960;14;10;25;2300;3;1;1;7;64
201400002961;14;12;1;1745;5;2;3;6;64
201400002962;14;12;9;1000;1;1;9;1;64
201400002963;14;2;16;1130;1;2;1;6;64
201400002964;14;2;23;630;2;1;1;1;64
201400002965;14;4;17;1845;1;1;1;3;64
201400002966;14;7;20;230;3;2;1;6;64
201400002967;14;8;28;1745;1;1;1;4;64
201400002968;14;9;9;830;1;2;1;2;64
201400002969;14;9;14;1215;1;1;2;1;64
201400002970;14;9;16;2300;3;1;2;1;64
201400002971;14;10;14;1815;1;2;1;1;64
201400002972;14;10;25;1600;1;1;1;3;64
201400002973;14;11;30;1530;1;1;2;5;64
201400002974;14;12;3;1815;5;1;8;6;64
201400002975;14;12;5;1630;1;1;2;6;64
201400002976;14;12;6;1300;1;1;1;1;64
201400002977;14;1;8;1800;5;2;1;6;64
201400002978;14;5;15;900;1;1;7;1;64
201400002979;14;6;30;800;1;1;1;1;64