Num_Acc;an;mois;jour;hrmn;lum;agg;atm;col;dep
201400002980;14;7;29;1045;1;2;1;7;86
201400002981;14;4;5;1415;1;1;1;6;86
201400002982;14;7;7;830;1;1;8;1;86
201400002983;14;7;12;1245;1;1;2;1;86
201400002984;14;9;21;1815;1;1;1;3;86
201400002985;14;10;17;230;3;1;1;6;86
201400002986;14;12;23;930;1;2;7;6;86
201400002987;14;12;26;1615;1;1;2;6;86
201400002988;14;3;10;1830;1;1;1;6;86
201400002989;14;3;21;1645;1;2;1;3;86
201400002990;14;5;26;1715;1;1;8;1;86
201400002991;14;6;8;815;1;1;1;2;86
201400002992;14;6;11;1530;1;1;1;1;86
201400002993;14;7;13;530;3;1;1;7;86
201400002994;14;9;12;1600;1;1;1;7;86
201400002995;14;9;13;900;1;2;1;7;86
201400002996;14;9;19;930;1;2;1;7;86
201400002997;14;10;22;1600;1;1;1;6;86
201400002998;14;10;24;1215;1;1;1;3;86
201400002999;14;12;9;1645;2;1;1;3;86
201400003000;14;3;4;1730;1;2;3;3;86
201400003001;14;4;13;1745;1;1;1;6;86
201400003002;14;6;19;2245;3;1;1;6;86
201400003003;14;6;27;1730;1;2;1;3;86
201400003004;14;7;15;1445;1;2;1;3;86
201400003005;14;9;6;2230;5;2;1;7;86
201400003006;14;9;12;1015;1;2;7;6;86
201400003007;14;9;27;1600;1;2;1;2;86
201400003008;14;10;13;945;1;1;1;6;86
201400003009;14;10;25;1500;1;2;1;6;86
201400003010;14;11;8;945;1;2;1;3;86
201400003011;14;6;12;830;1;1;1;7;86
201400003012;14;10;3;1;3;1;1;7;86
201400003013;14;10;11;1930;5;2;1;6;86
201400003014;14;10;20;915;1;1;1;7;86
201400003015;14;1;3;1030;1;1;2;6;86
201400003016;14;7;18;1530;1;1;1;1;86
201400003017;14;9;9;1700;1;1;1;1;86
201400003018;14;4;29;1345;1;1;1;1;86
201400003019;14;5;24;1245;1;1;1;1;86
201400003020;14;5;24;615;2;1;1;6;86
201400003021;14;7;22;1000;1;1;1;7;86
201400003022;14;10;29;1745;2;2;1;2;86
201400003023;14;1;16;1800;2;1;1;6;86
201400003024;14;5;28;1915;1;2;1;3;86
201400003025;14;9;7;1815;1;2;1;1;86
201400003026;14;9;12;815;2;1;5;2;86
201400003027;14;12;4;915;1;2;5;1;86
201400003028;14;1;8;1415;1;1;1;3;86
201400003029;14;5;31;1530;1;1;1;1;86
201400003030;14;8;26;1415;1;2;1;7;86
201400003031;14;12;26;830;1;1;1;3;86
201400003032;14;1;30;645;3;1;1;6;86
201400003033;14;5;11;830;1;1;1;7;86
201400003034;14;7;17;945;1;2;1;2;86
201400003035;14;7;15;130;3;2;1;6;86
201400003036;14;9;10;1145;1;1;1;3;86
201400003037;14;10;16;1715;1;1;2;5;86
201400003038;14;2;16;1700;1;1;1;7;86
201400003039;14;5;9;1715;1;2;1;3;86
201400003040;14;8;15;2330;3;1;8;2;86
201400003041;14;10;14;1745;1;1;1;1;86
201400003042;14;9;13;1315;1;1;1;7;86
201400003043;14;10;3;1000;1;1;1;3;86
201400003044;14;2;12;2215;3;1;8;7;86
201400003045;14;3;22;1800;1;1;8;6;86
201400003046;14;5;12;1145;1;2;1;6;86
201400003047;14;6;8;1645;1;1;1;7;86
201400003048;14;8;11;130;3;1;1;6;86
201400003049;14;9;26;1430;1;1;1;6;86
201400003050;14;4;2;1030;1;1;1;3;16
201400003051;14;4;11;1700;1;1;1;7;16
201400003052;14;5;25;1130;1;1;1;6;16
201400003053;14;6;20;715;1;2;1;1;16
201400003054;14;7;12;1;3;1;1;6;16
201400003055;14;8;17;1300;1;1;1;3;16
201400003056;14;10;17;730;3;1;8;1;16
201400003057;14;6;8;1800;1;2;1;6;16
201400003058;14;11;1;2045;3;2;1;1;16
201400003059;14;2;8;2030;3;1;3;6;16
201400003060;14;5;1;1215;1;1;9;1;16
201400003061;14;5;28;2245;3;1;1;2;16
201400003062;14;6;5;1745;1;1;1;1;16
201400003063;14;8;13;1745;1;1;1;1;16
201400003064;14;5;22;2045;1;2;1;6;16
201400003065;14;12;16;1815;3;1;1;1;16
201400003066;14;1;10;2115;3;1;1;6;16
201400003067;14;3;18;1215;1;1;1;2;16
201400003068;14;9;20;1945;2;1;3;1;16
201400003069;14;4;21;1500;1;1;1;7;16
201400003070;14;6;4;900;1;1;2;1;16
201400003071;14;6;5;1115;1;1;1;3;16
201400003072;14;6;28;1115;1;1;8;3;16
201400003073;14;7;28;1945;1;1;1;7;16
201400003074;14;8;2;1015;1;1;1;1;16
201400003075;14;9;4;930;1;1;1;7;16
201400003076;14;9;6;1830;1;2;1;1;16
201400003077;14;9;15;1130;1;1;1;2;16
201400003078;14;10;10;1300;1;2;1;3;16
201400003079;14;7;26;1145;1;1;1;6;16
201400003080;14;9;22;800;1;2;1;6;16
201400003081;14;12;8;730;2;1;5;2;16
201400003082;14;2;21;1515;1;1;9;1;16
201400003083;14;4;4;2230;3;1;1;3;16
201400003084;14;4;29;1445;1;1;3;3;16
201400003085;14;5;16;1745;1;2;1;3;16
201400003086;14;6;9;2030;1;1;8;7;16
201400003087;14;6;15;900;1;2;1;6;16
201400003088;14;11;23;1600;1;1;1;7;16
201400003089;14;11;23;1630;1;2;1;1;16
201400003090;14;11;29;1515;1;1;1;6;16
201400003091;14;1;2;2100;3;1;1;7;16
201400003092;14;2;22;1830;3;1;2;6;16
201400003093;14;6;15;745;1;2;1;6;16
201400003094;14;6;19;130;5;1;1;2;16
201400003095;14;1;25;2200;3;1;2;6;16
201400003096;14;8;24;1600;1;1;1;7;16
201400003097;14;12;23;1500;1;2;7;3;16
201400003098;14;5;12;1045;1;1;1;7;16
201400003099;14;7;20;1330;1;2;1;7;16
201400003100;14;9;11;1745;2;2;1;7;16
201400003101;14;10;15;745;1;1;1;3;16
201400003102;14;3;20;715;3;1;1;6;16
201400003103;14;4;14;1400;1;1;1;3;16
201400003104;14;6;11;1800;1;1;1;3;16
201400003105;14;7;5;1900;1;1;1;6;16
201400003106;14;8;12;715;1;1;1;7;16
201400003107;14;9;26;815;1;1;7;3;16
201400003108;14;10;24;1700;1;1;1;1;16
201400003109;14;11;17;1040;1;2;1;6;16
201400003110;14;11;19;1630;1;1;1;6;16
201400003111;14;11;20;1950;3;1;1;3;16
201400003112;14;5;6;730;1;1;1;1;16
201400003113;14;7;24;1700;1;1;1;3;16
201400003114;14;10;7;145;3;1;3;5;16
201400003115;14;12;3;1600;1;1;1;6;16
201400003116;14;1;16;1245;1;1;1;6;17
201400003117;14;2;11;730;2;1;2;3;17
201400003118;14;5;26;1135;1;2;3;1;17
201400003119;14;8;15;1630;1;2;1;6;17
201400003120;14;8;17;1110;1;2;1;3;17
201400003121;14;10;13;745;2;1;1;1;17
201400003122;14;4;5;1230;1;1;1;3;17
201400003123;14;4;11;1630;1;2;1;1;17
201400003124;14;8;8;215;5;1;1;6;17
201400003125;14;10;4;1715;1;1;8;1;17
201400003126;14;3;6;1445;1;2;1;3;17
201400003127;14;4;2;2145;3;1;1;6;17
201400003128;14;4;18;1430;1;1;1;3;17
201400003129;14;8;1;1815;1;1;1;6;17
201400003130;14;8;21;1100;1;1;1;6;17
201400003131;14;10;2;1745;1;1;1;3;17
201400003132;14;11;1;2015;3;1;1;6;17
201400003133;14;2;6;345;3;1;2;3;17
201400003134;14;3;2;1030;1;1;1;7;17
201400003135;14;3;3;1745;2;1;4;7;17
201400003136;14;6;15;1715;1;1;1;6;17
201400003137;14;9;25;1430;1;1;1;3;17
201400003138;14;10;14;1645;1;1;1;1;17
201400003139;14;10;29;1300;1;1;1;1;17
201400003140;14;12;16;730;2;1;2;6;17
201400003141;14;12;26;1745;2;1;1;1;17
201400003142;14;12;30;2215;3;1;1;7;17
201400003143;14;2;3;1715;1;2;2;6;17
201400003144;14;2;23;2000;5;2;1;6;17
201400003145;14;3;7;1500;1;2;7;6;17
201400003146;14;4;16;2330;3;1;1;6;17
201400003147;14;7;7;1930;1;1;1;6;17
201400003148;14;8;3;830;1;1;1;6;17
201400003149;14;8;16;315;3;1;1;1;17
201400003150;14;8;24;745;1;1;1;6;17
201400003151;14;8;27;645;1;2;1;6;17
201400003152;14;9;10;1745;1;1;1;3;17
201400003153;14;10;18;1445;1;1;1;1;17
201400003154;14;12;14;1100;1;1;1;3;17
201400003155;14;4;27;1745;1;1;1;1;17
201400003156;14;5;27;2000;1;1;1;6;17
201400003157;14;8;5;430;5;2;1;3;17
201400003158;14;9;30;1630;1;1;1;3;17
201400003159;14;3;3;1045;1;1;3;6;17
201400003160;14;3;29;1115;1;1;1;3;17
201400003161;14;5;31;1715;1;1;1;5;17
201400003162;14;8;14;1315;1;1;2;5;17
201400003163;14;8;30;1000;1;1;1;2;17
201400003164;14;6;6;1715;1;2;1;3;17
201400003165;14;6;9;200;4;1;8;6;17
201400003166;14;6;12;1615;1;2;1;3;17
201400003167;14;7;6;300;3;1;2;7;17
201400003168;14;1;10;1830;3;1;1;3;17
201400003169;14;2;6;745;2;1;2;1;17
201400003170;14;6;28;1715;1;1;3;1;17
201400003171;14;5;8;45;3;1;1;1;17
201400003172;14;6;30;1400;1;2;1;3;17
201400003173;14;7;26;2100;2;2;1;6;17
201400003174;14;9;23;2100;3;1;1;2;17
201400003175;14;10;9;1115;1;1;2;6;17
201400003176;14;12;10;745;3;1;2;5;17
201400003177;14;12;24;230;3;1;5;7;17
201400003178;14;1;3;1900;3;1;1;6;17
201400003179;14;1;22;1845;3;1;2;6;17
201400003180;14;1;31;730;2;1;2;7;17
201400003181;14;2;12;1645;1;2;1;1;17
201400003182;14;2;20;2345;3;1;2;1;17
201400003183;14;3;9;1630;1;1;1;1;17
201400003184;14;4;2;1700;1;1;1;3;17
201400003185;14;4;20;415;3;1;1;6;17
201400003186;14;5;16;1130;1;1;1;3;17
201400003187;14;6;16;2000;1;1;1;1;17
201400003188;14;6;19;1315;1;2;1;6;17
201400003189;14;6;24;245;5;2;1;6;17
201400003190;14;7;23;1730;1;1;1;3;17
201400003191;14;8;19;1245;1;2;1;1;17
201400003192;14;9;11;1130;1;1;1;7;17
201400003193;14;9;14;1015;1;1;1;6;17
201400003194;14;9;20;1515;1;1;1;3;17
201400003195;14;10;28;1045;1;2;1;1;17
201400003196;14;12;13;1400;1;2;9;1;17
201400003197;14;2;4;1715;1;2;1;3;17
201400003198;14;2;14;1545;1;1;1;6;17
201400003199;14;5;23;1245;1;1;3;3;17
201400003200;14;6;15;945;1;1;1;5;17
201400003201;14;6;21;1845;1;2;1;6;17
201400003202;14;6;24;2145;1;1;1;7;17
201400003203;14;8;16;630;1;1;1;3;17
201400003204;14;9;21;1030;1;1;1;3;17
201400003205;14;10;11;1715;1;1;8;6;17
201400003206;14;11;7;800;1;1;2;1;17
201400003207;14;11;17;1030;2;1;1;5;17
201400003208;14;11;24;1000;2;2;1;1;17
201400003209;14;11;30;1700;2;1;1;1;17
201400003210;14;12;26;2230;3;1;1;6;17
201400003211;14;1;13;745;2;2;2;3;17
201400003212;14;1;29;1500;1;1;1;6;17
201400003213;14;4;16;1515;1;1;7;3;17
201400003214;14;5;18;430;3;1;8;3;17
201400003215;14;6;21;2230;3;1;1;6;17
201400003216;14;6;26;2200;3;1;1;7;17
201400003217;14;8;2;1815;1;1;1;1;17
201400003218;14;8;15;1000;1;1;1;3;17
201400003219;14;1;26;1930;3;1;3;6;17
201400003220;14;2;9;1145;1;1;2;2;17
201400003221;14;5;30;1015;1;1;1;7;17
201400003222;14;9;13;2115;3;1;1;3;17
201400003223;14;4;8;730;2;1;1;1;17
201400003224;14;4;30;1530;1;1;1;1;17
201400003225;14;8;18;2130;2;1;1;3;17
201400003226;14;8;23;200;5;1;1;6;17
201400003227;14;9;12;1745;1;2;1;6;17
201400003228;14;10;7;1100;1;1;1;3;17
201400003229;14;10;31;1830;3;1;1;2;17
201400003230;14;2;2;1900;1;1;1;6;17
201400003231;14;5;4;1700;1;1;1;7;17
201400003232;14;5;14;300;3;1;1;6;17
201400003233;14;6;27;1100;1;1;1;3;17
201400003234;14;9;14;715;1;1;1;6;17
201400003235;14;1;15;2000;5;2;2;3;17
201400003236;14;2;22;1730;1;2;1;7;17
201400003237;14;4;13;230;3;1;1;7;17
201400003238;14;6;2;745;2;2;1;2;17
201400003239;14;6;3;1130;1;2;1;3;17
201400003240;14;6;13;900;1;2;1;3;17
201400003241;14;7;22;1845;1;2;1;3;17
201400003242;14;7;25;815;1;1;1;1;17
201400003243;14;8;7;2345;3;2;1;1;17
201400003244;14;8;17;2345;5;2;1;1;17
201400003245;14;8;22;1715;1;2;1;1;17
201400003246;14;12;1;1245;1;2;1;3;17
201400003247;14;1;13;1700;2;2;2;6;17
201400003248;14;1;27;930;1;2;1;6;17
201400003249;14;4;7;1845;1;2;1;7;17
201400003250;14;4;17;2330;3;1;1;7;17
201400003251;14;5;4;1330;1;1;1;6;17
201400003252;14;5;17;2000;1;1;1;3;17
201400003253;14;5;31;1900;1;1;1;1;17
201400003254;14;6;3;1545;1;1;1;6;17
201400003255;14;7;29;300;5;2;1;6;17
201400003256;14;8;28;145;3;1;1;7;17
201400003257;14;9;3;1030;1;2;1;7;17
201400003258;14;10;19;1600;1;1;1;1;17
201400003259;14;10;16;1430;1;1;2;6;17
201400003260;14;11;9;815;2;1;1;2;17
201400003261;14;11;14;1415;1;1;1;1;17
201400003262;14;12;30;1030;1;2;1;6;17
201400003263;14;1;16;1015;1;2;2;7;17
201400003264;14;2;3;845;1;1;1;3;17
201400003265;14;3;12;845;1;1;1;4;17
201400003266;14;3;16;1400;1;1;1;1;17
201400003267;14;8;10;2345;3;1;1;7;17
201400003268;14;3;16;1700;1;1;1;7;17
201400003269;14;4;13;1800;1;1;1;1;17
201400003270;14;4;19;1600;1;2;1;6;17
201400003271;14;6;8;1930;1;1;1;5;17
201400003272;14;6;30;1715;1;1;1;3;17
201400003273;14;7;26;2000;1;1;1;3;17
201400003274;14;7;28;1530;1;1;1;1;17
201400003275;14;7;29;2215;3;1;1;3;17
201400003276;14;9;12;1915;1;1;1;1;17
201400003277;14;9;28;600;3;1;1;6;17
201400003278;14;11;14;645;2;1;2;7;17
201400003279;14;11;22;145;3;1;1;7;17
201400003280;14;12;14;600;3;1;1;6;17
201400003281;14;12;24;2000;3;1;2;1;17
201400003282;14;1;30;500;4;1;2;1;17
201400003283;14;3;6;1200;1;2;1;1;17
201400003284;14;3;7;845;1;1;1;6;17
201400003285;14;3;8;1415;1;1;1;3;17
201400003286;14;4;4;2045;2;1;1;3;17
201400003287;14;4;18;1815;1;1;1;1;17
201400003288;14;4;20;1100;1;2;1;6;17
201400003289;14;4;29;1545;1;1;8;5;17
201400003290;14;5;3;2215;3;1;1;6;17
201400003291;14;6;23;1400;1;1;1;1;17
201400003292;14;6;25;700;1;1;1;3;17
201400003293;14;7;16;2330;3;1;1;5;17
201400003294;14;8;19;1530;1;1;1;5;17
201400003295;14;9;6;1645;1;1;1;3;17
201400003296;14;9;10;1745;1;2;1;1;17
201400003297;14;9;15;1730;1;1;1;3;17
201400003298;14;10;5;1945;2;1;1;3;17
201400003299;14;10;9;1745;1;2;1;6;17
201400003300;14;10;11;215;3;1;5;6;17
201400003301;14;10;21;1100;1;1;1;7;17
201400003302;14;10;31;745;1;1;1;2;17
201400003303;14;11;1;45;4;2;1;6;17
201400003304;14;11;22;1745;5;2;1;6;17
201400003305;14;12;12;2145;3;1;1;1;17
201400003306;14;12;22;2300;3;1;1;3;79
201400003307;14;4;3;730;2;1;2;6;79
201400003308;14;6;12;1430;1;1;1;6;79
201400003309;14;6;19;1645;1;1;1;3;79
201400003310;14;7;30;1230;1;1;1;1;79
201400003311;14;9;6;1800;1;1;1;6;79
201400003312;14;11;12;1000;1;1;1;3;79
201400003313;14;11;26;1500;1;1;7;3;79
201400003314;14;2;2;1930;3;1;2;7;79
201400003315;14;4;24;1945;1;1;1;7;79
201400003316;14;8;24;530;3;1;1;1;79
201400003317;14;10;1;1245;1;1;1;1;79
201400003318;14;10;12;1045;1;1;1;1;79
201400003319;14;3;25;645;2;1;2;1;79
201400003320;14;4;16;1545;1;1;1;1;79
201400003321;14;5;25;830;1;1;1;5;79
201400003322;14;6;6;1915;1;2;1;5;79
201400003323;14;8;9;1600;1;1;1;3;79
201400003324;14;8;16;1845;1;1;7;3;79
201400003325;14;8;31;1045;1;1;1;5;87
201400003326;14;9;3;1215;1;1;1;1;87
201400003327;14;11;23;945;1;1;1;7;87
201400003328;14;12;26;2130;3;1;1;6;87
201400003329;14;1;2;1030;1;1;1;3;87
201400003330;14;1;21;2245;5;2;1;6;87
201400003331;14;3;23;1345;1;1;2;3;87
201400003332;14;4;18;1715;1;1;1;3;87
201400003333;14;5;7;1715;1;1;1;5;87
201400003334;14;5;19;730;1;1;1;7;87
201400003335;14;5;19;2045;1;2;2;3;87
201400003336;14;6;3;2345;3;1;3;2;87
201400003337;14;6;17;2015;1;2;1;7;87
201400003338;14;8;8;2145;5;1;2;3;87
201400003339;14;8;22;1045;1;1;1;6;87
201400003340;14;8;26;1330;1;1;1;1;87
201400003341;14;9;22;1215;1;1;1;2;87
201400003342;14;10;7;1115;1;1;1;6;87
201400003343;14;10;19;900;1;2;7;6;87
201400003344;14;11;23;1815;3;1;1;1;87
201400003345;14;12;5;2330;3;1;1;6;87
201400003346;14;2;7;2300;3;1;1;6;87
201400003347;14;3;16;1115;1;1;1;3;87
201400003348;14;10;26;1715;1;1;7;2;87
201400003349;14;1;11;1330;1;2;1;3;87
201400003350;14;2;12;1000;1;2;1;3;87
201400003351;14;3;23;1815;1;2;8;1;87
201400003352;14;5;8;1045;1;1;1;3;87
201400003353;14;7;15;1400;1;1;7;6;87
201400003354;14;7;27;115;3;1;1;6;87
201400003355;14;10;11;1700;1;1;1;7;87
201400003356;14;10;16;1830;1;1;8;3;87
201400003357;14;11;5;1830;1;1;1;1;87
201400003358;14;1;18;545;3;1;1;3;87
201400003359;14;4;12;2315;3;1;1;6;87
201400003360;14;2;23;515;3;1;1;6;87
201400003361;14;4;28;745;1;1;8;1;87
201400003362;14;5;9;1715;1;1;1;5;87
201400003363;14;7;11;2130;2;2;8;6;87
201400003364;14;8;15;2030;1;1;2;1;87
201400003365;14;9;4;1745;1;2;1;3;87
201400003366;14;11;6;1530;1;2;8;1;87
201400003367;14;12;22;1230;1;2;1;6;87
201400003368;14;3;23;1845;2;2;8;6;87
201400003369;14;6;9;1245;1;1;1;3;87
201400003370;14;1;30;800;2;1;2;5;87
201400003371;14;6;25;1530;1;1;7;7;87
201400003372;14;2;17;1530;1;1;1;3;87
201400003373;14;7;19;2105;1;2;1;1;87
201400003374;14;8;5;1800;1;1;1;7;19
201400003375;14;7;5;2115;1;1;1;1;19
201400003376;14;1;22;1700;1;1;8;1;19
201400003377;14;1;23;1415;2;1;2;5;19
201400003378;14;3;31;2130;5;2;1;6;19
201400003379;14;5;14;745;1;1;8;6;19
201400003380;14;9;4;515;3;1;1;6;19
201400003381;14;9;23;1045;1;2;1;6;19
201400003382;14;11;5;1145;1;1;1;3;19
201400003383;14;11;5;1015;1;2;1;3;19
201400003384;14;11;12;600;5;1;1;1;19
201400003385;14;12;12;1600;1;1;1;3;19
201400003386;14;3;17;15;5;1;1;6;19
201400003387;14;4;19;1815;1;1;1;1;19
201400003388;14;6;20;600;1;1;1;6;19
201400003389;14;9;5;2045;2;2;1;1;19
201400003390;14;4;4;145;3;1;1;6;19
201400003391;14;6;20;1830;1;1;1;1;19
201400003392;14;7;19;1500;1;1;1;6;19
201400003393;14;11;9;1530;1;2;8;6;19
201400003394;14;6;18;1200;1;1;1;1;19
201400003395;14;10;3;845;1;2;1;1;19
201400003396;14;10;24;2100;3;1;1;2;19
201400003397;14;3;26;1700;1;1;1;1;19
201400003398;14;4;7;1015;1;1;1;1;19
201400003399;14;5;15;1115;1;1;1;7;19
201400003400;14;7;13;745;2;1;8;6;19
201400003401;14;11;1;1615;1;1;1;7;19
201400003402;14;2;2;230;3;1;1;6;19
201400003403;14;2;24;1445;1;1;1;1;19
201400003404;14;4;27;15;3;1;1;1;19
201400003405;14;5;30;30;3;1;1;1;19
201400003406;14;6;20;1800;1;1;1;3;19
201400003407;14;10;8;1200;1;1;1;3;19
201400003408;14;6;12;1700;1;1;1;1;19
201400003409;14;8;7;1030;1;1;3;3;19
201400003410;14;1;17;900;1;1;7;7;19
201400003411;14;5;24;630;2;1;1;6;19
201400003412;14;6;20;830;1;1;1;1;19
201400003413;14;9;18;1045;1;1;2;6;19
201400003414;14;10;25;2000;3;1;1;6;19
201400003415;14;11;8;1015;1;1;1;1;19
201400003416;14;11;21;515;3;1;1;3;19
201400003417;14;1;27;1100;2;1;1;1;19
201400003418;14;4;18;1530;1;1;1;6;19
201400003419;14;5;20;1230;1;2;3;5;19
201400003420;14;6;13;1845;1;1;1;6;19
201400003421;14;10;6;900;1;1;1;1;19
201400003422;14;10;14;915;1;2;1;1;19
201400003423;14;11;7;1630;1;2;7;6;19
201400003424;14;8;13;130;3;1;1;6;19
201400003425;14;10;28;845;1;1;7;1;19
201400003426;14;3;2;1130;1;1;1;1;19
201400003427;14;5;3;1130;1;1;1;6;19
201400003428;14;6;6;1900;1;2;1;1;19
201400003429;14;8;25;945;1;1;1;3;19
201400003430;14;10;14;1630;1;1;1;2;19
201400003431;14;11;6;2015;3;1;1;4;19
201400003432;14;11;9;1730;2;1;2;2;19
201400003433;14;2;23;1845;2;1;1;1;19
201400003434;14;2;15;2145;5;2;1;7;19
201400003435;14;8;4;915;1;1;1;7;19
201400003436;14;8;29;745;2;1;2;7;23
201400003437;14;9;17;1500;1;1;1;7;23
201400003438;14;5;10;1745;1;1;2;7;23
201400003439;14;11;3;1730;1;2;1;1;23
201400003440;14;1;21;830;1;1;5;1;23
201400003441;14;2;10;1645;1;1;3;6;23
201400003442;14;5;2;1815;1;2;8;3;23
201400003443;14;6;13;2315;3;1;1;3;23
201400003444;14;6;25;1545;1;1;1;1;23
201400003445;14;7;5;2315;3;1;1;3;23
201400003446;14;7;25;1345;1;1;1;7;23
201400003447;14;7;26;645;1;1;1;6;23
201400003448;14;7;26;1545;1;2;1;6;23
201400003449;14;8;30;915;1;1;1;1;31
201400003450;14;8;29;1645;1;1;1;1;31
201400003451;14;8;30;1215;1;1;1;3;31
201400003452;14;11;26;1215;1;1;1;3;31
201400003453;14;12;18;1130;1;1;2;3;31
201400003454;14;2;19;1545;1;2;1;3;31
201400003455;14;2;20;1715;1;1;1;3;31
201400003456;14;2;21;1145;1;2;1;6;31
201400003457;14;3;25;745;1;1;1;1;31
201400003458;14;3;23;445;3;1;8;6;31
201400003459;14;5;4;2030;2;1;1;3;31
201400003460;14;6;17;1945;1;2;1;3;31
201400003461;14;7;11;1330;1;2;1;5;31
201400003462;14;7;17;1045;1;1;1;6;31
201400003463;14;8;5;1430;1;2;1;6;31
201400003464;14;9;9;1100;1;1;9;5;31
201400003465;14;9;25;1400;1;2;1;1;31
201400003466;14;3;10;1015;1;1;1;1;31
201400003467;14;7;12;1915;1;2;1;6;31
201400003468;14;10;18;1030;1;2;1;6;31
201400003469;14;1;24;945;1;2;2;2;31
201400003470;14;3;5;1545;1;1;1;2;31
201400003471;14;3;16;1445;1;1;1;6;31
201400003472;14;6;21;15;3;1;1;3;31
201400003473;14;7;11;1945;1;1;1;1;31
201400003474;14;10;18;1545;1;1;1;3;31
201400003475;14;11;1;1215;1;1;1;1;31
201400003476;14;12;28;900;1;1;1;6;31
201400003477;14;3;19;1930;5;2;1;3;31
201400003478;14;4;20;730;2;1;1;7;31
201400003479;14;4;28;1430;1;2;1;1;31
201400003480;14;7;6;2145;3;1;5;7;31
201400003481;14;3;9;1445;1;2;1;6;31
201400003482;14;3;17;1745;1;1;1;1;31
201400003483;14;12;13;545;3;1;1;6;31
201400003484;14;4;5;1500;1;1;1;6;31
201400003485;14;6;22;1445;1;1;1;6;31
201400003486;14;7;18;1815;1;1;7;3;31
201400003487;14;11;2;1145;1;1;1;3;31
201400003488;14;8;14;1630;1;1;1;3;31
201400003489;14;11;1;1545;1;1;7;6;31
201400003490;14;1;31;2100;3;1;1;3;31
201400003491;14;1;3;100;3;1;2;6;31
201400003492;14;5;22;1330;1;1;1;1;31
201400003493;14;8;7;1830;1;1;1;1;31
201400003494;14;9;1;1745;1;1;1;2;31
201400003495;14;9;8;1345;1;1;1;7;31
201400003496;14;9;30;900;1;2;1;1;31
201400003497;14;12;30;1700;2;1;8;2;31
201400003498;14;8;23;2345;3;1;1;1;31
201400003499;14;5;21;1845;1;1;6;7;31
201400003500;14;5;24;1000;1;1;1;1;31
201400003501;14;2;9;1515;1;2;1;6;31
201400003502;14;4;17;1300;1;2;7;1;31
201400003503;14;4;21;900;1;1;1;1;31
201400003504;14;4;28;1630;1;2;2;1;31
201400003505;14;6;18;945;1;2;1;6;31
201400003506;14;7;13;900;1;2;1;1;31
201400003507;14;7;18;1500;1;1;7;6;31
201400003508;14;9;23;2100;1;1;1;1;31
201400003509;14;10;26;300;3;1;1;6;31
201400003510;14;11;7;1200;1;1;2;1;31
201400003511;14;12;12;700;3;1;5;6;31
201400003512;14;5;14;1045;1;1;8;2;31
201400003513;14;6;3;2345;5;2;1;6;31
201400003514;14;8;8;1515;1;1;1;3;31
201400003515;14;11;6;130;3;1;2;7;31
201400003516;14;12;23;2215;5;2;1;1;31
201400003517;14;1;1;1430;1;1;1;1;31
201400003518;14;1;7;715;2;1;1;6;31
201400003519;14;3;21;1900;2;1;1;5;31
201400003520;14;4;6;1100;1;1;1;5;31
201400003521;14;9;23;2115;3;1;1;5;31
201400003522;14;12;14;2200;3;1;1;5;31
201400003523;14;12;23;730;3;1;5;6;31
201400003524;14;1;11;1;3;1;1;6;31
201400003525;14;3;11;1615;1;1;1;1;31
201400003526;14;4;8;715;1;1;1;4;31
201400003527;14;4;24;1400;1;2;1;6;31
201400003528;14;5;9;1630;1;2;1;3;31
201400003529;14;6;10;945;1;1;1;1;31
201400003530;14;6;18;1945;1;2;7;1;31
201400003531;14;12;11;1730;3;1;2;3;31
201400003532;14;1;17;1615;1;2;1;3;31
201400003533;14;4;11;1600;1;1;1;3;31
201400003534;14;5;22;1730;1;2;1;3;31
201400003535;14;5;24;1145;1;1;1;1;31
201400003536;14;6;12;830;1;1;1;7;31
201400003537;14;9;18;1615;1;1;1;2;31
201400003538;14;12;8;815;2;2;2;6;31
201400003539;14;12;20;1330;1;2;1;3;31
201400003540;14;1;17;1915;5;2;1;3;31
201400003541;14;2;1;1930;5;2;3;6;31
201400003542;14;3;12;2130;3;1;1;7;31
201400003543;14;6;14;1945;1;2;1;3;31
201400003544;14;6;16;1545;1;2;1;6;31
201400003545;14;7;22;1145;1;1;7;3;31
201400003546;14;5;27;945;1;2;1;1;31
201400003547;14;9;19;1715;1;2;1;3;31
201400003548;14;10;16;1515;1;2;1;6;31
201400003549;14;1;9;1830;5;1;1;6;31
201400003550;14;2;19;1230;1;2;1;3;31
201400003551;14;4;15;1545;1;1;1;3;31
201400003552;14;4;15;1645;1;2;1;1;31
201400003553;14;6;10;2215;5;2;1;6;31
201400003554;14;9;21;815;1;2;1;7;31
201400003555;14;9;27;945;1;2;1;6;31
201400003556;14;10;26;1945;5;2;1;5;31
201400003557;14;1;31;745;1;2;1;3;31
201400003558;14;3;17;1215;1;2;1;3;31
201400003559;14;3;31;1845;1;2;1;6;31
201400003560;14;4;15;845;1;2;1;7;31
201400003561;14;5;16;2300;3;1;1;6;31
201400003562;14;6;27;1100;1;2;1;6;31
201400003563;14;7;15;1500;1;1;1;1;31
201400003564;14;10;30;2130;3;1;1;1;31
201400003565;14;12;17;1715;2;2;2;6;31