Num_Acc;an;mois;jour;hrmn;lum;agg;atm;col;dep
201400004808;14;10;18;1655;1;2;1;3;38
201400004809;14;11;8;1900;5;2;1;6;38
201400004810;14;12;5;1855;5;2;1;6;38
201400004811;14;11;3;1830;5;2;2;6;38
201400004813;14;12;17;1034;1;2;3;6;38
201400004814;14;5;22;1705;1;2;1;3;38
201400004815;14;12;22;1635;1;2;1;6;38
201400004816;14;12;11;1733;3;2;2;6;38
201400004817;14;7;24;1830;1;2;1;6;38
201400004818;14;8;31;600;4;2;1;6;38
201400004819;14;9;5;1850;1;2;1;3;38
201400004820;14;2;8;1900;5;2;2;6;38
201400004821;14;3;5;1810;1;2;1;6;38
201400004823;14;9;1;1750;1;2;1;6;38
201400004824;14;9;1;2126;5;2;1;3;38
201400004825;14;1;7;1130;1;2;1;6;38
201400004826;14;4;28;1115;1;2;1;3;38
201400004827;14;7;19;1230;1;1;1;5;38
201400004828;14;9;11;1700;1;2;1;3;38
201400004829;14;10;15;1400;1;1;1;6;38
201400004830;14;10;22;1430;1;2;1;1;38
201400004831;14;11;22;1000;1;1;1;3;38
201400004832;14;12;17;900;1;2;1;6;38
201400004833;14;8;30;1000;1;2;1;1;38
201400004834;14;11;4;830;1;2;3;1;38
201400004835;14;12;3;915;1;2;1;3;38
201400004836;14;5;26;1315;1;2;1;6;38
201400004837;14;7;5;1500;1;2;1;7;38
201400004838;14;4;5;1630;1;1;1;2;38
201400004839;14;5;25;1800;1;1;1;7;38
201400004840;14;6;8;945;1;1;1;1;38
201400004841;14;6;25;1630;1;1;1;7;38
201400004842;14;7;3;1700;1;1;1;3;38
201400004843;14;10;3;1600;1;2;1;1;38
201400004844;14;10;20;815;1;1;1;3;38
201400004845;14;12;7;1445;1;1;1;1;38
201400004846;14;12;21;1315;1;1;1;6;38
201400004847;14;12;23;1145;1;1;7;1;38
201400004848;14;12;23;1930;5;2;1;1;38
201400004849;14;12;27;1215;1;1;4;6;38
201400004850;14;5;8;1545;1;1;1;1;38
201400004851;14;5;24;1800;1;2;1;6;38
201400004852;14;6;1;1800;1;2;1;3;38
201400004853;14;6;17;1300;1;2;1;3;38
201400004854;14;2;6;1330;1;1;8;7;38
201400004855;14;2;16;1300;1;1;8;6;38
201400004856;14;6;24;1630;1;1;1;7;38
201400004857;14;7;17;2130;2;1;1;7;38
201400004858;14;10;18;1630;1;1;1;3;38
201400004859;14;10;19;1415;1;1;1;6;38
201400004860;14;11;10;800;1;1;2;3;38
201400004861;14;1;17;1330;1;2;1;3;38
201400004862;14;2;19;1215;1;1;1;3;38
201400004863;14;3;6;1500;1;1;1;5;38
201400004864;14;3;28;2245;5;2;1;7;38
201400004865;14;6;8;1000;1;1;1;1;38
201400004866;14;7;13;2200;3;1;2;6;38
201400004867;14;11;12;1745;5;2;3;6;38
201400004868;14;12;14;230;5;2;1;3;38
201400004869;14;1;6;1500;1;2;1;1;38
201400004870;14;7;10;1330;1;1;2;1;38
201400004871;14;8;22;1745;1;2;1;3;38
201400004872;14;9;18;915;1;1;3;1;38
201400004873;14;10;7;1700;1;1;1;1;38
201400004874;14;10;16;1900;5;2;1;1;38
201400004875;14;7;22;1745;1;1;1;2;38
201400004876;14;9;4;2045;5;2;1;7;38
201400004877;14;9;11;1145;1;2;1;4;38
201400004878;14;10;2;2130;3;1;1;1;44
201400004879;14;1;8;2345;3;1;5;7;44
201400004880;14;5;1;1915;1;1;8;6;44
201400004881;14;11;21;915;1;1;8;6;44
201400004882;14;9;17;1415;1;2;1;3;44
201400004883;14;10;13;350;5;2;1;2;38
201400004884;14;11;14;1845;5;2;8;6;38
201400004886;14;11;21;2020;5;2;8;3;38
201400004887;14;12;8;1500;1;1;2;3;38
201400004888;14;12;3;1710;2;2;1;1;38
201400004889;14;12;4;705;5;2;8;6;38
201400004890;14;1;15;750;5;2;3;3;38
201400004891;14;2;3;945;1;2;8;7;38
201400004892;14;1;24;745;1;1;8;5;38
201400004893;14;2;5;1810;5;2;3;6;38
201400004894;14;7;16;1210;1;2;7;1;38
201400004895;14;8;26;835;1;2;1;7;38
201400004896;14;8;29;1;5;2;1;7;38
201400004897;14;6;20;1230;1;2;1;7;38
201400004898;14;9;13;1245;1;2;1;3;38
201400004899;14;11;29;1000;1;2;1;3;38
201400004900;14;12;1;1215;1;2;2;6;38
201400004901;14;12;18;845;1;1;2;3;38
201400004902;14;6;23;1915;1;2;1;6;38
201400004903;14;6;25;1515;1;2;1;3;38
201400004904;14;3;1;615;2;1;5;6;38
201400004905;14;5;1;1500;1;1;1;6;38
201400004906;14;6;7;1130;1;2;1;1;38
201400004907;14;6;21;1200;1;1;1;2;38
201400004908;14;7;31;1630;1;1;1;1;38
201400004909;14;10;26;1800;2;1;1;6;38
201400004910;14;11;6;1045;1;1;5;6;38
201400004911;14;3;21;2000;3;1;1;6;38
201400004912;14;4;3;945;1;2;1;1;38
201400004913;14;5;9;1045;1;2;1;3;38
201400004914;14;5;16;830;1;1;1;6;38
201400004915;14;5;22;1915;2;1;2;6;38
201400004916;14;7;5;900;1;1;1;1;38
201400004917;14;7;15;1800;1;1;1;6;38
201400004918;14;8;31;1745;1;2;1;3;38
201400004919;14;9;4;1545;1;1;1;3;38
201400004920;14;9;13;1700;2;1;1;7;38
201400004921;14;12;2;615;5;2;8;6;38
201400004922;14;11;10;1715;1;1;3;1;38
201400004923;14;12;12;1330;1;1;1;7;38
201400004924;14;1;28;1715;1;1;1;1;38
201400004925;14;4;27;1430;1;1;1;1;38
201400004926;14;5;11;1645;1;1;1;6;38
201400004927;14;5;16;2030;2;1;1;1;38
201400004928;14;5;29;130;3;1;1;6;38
201400004929;14;8;3;300;3;1;2;7;38
201400004930;14;11;3;1200;1;2;7;6;38
201400004931;14;11;4;1845;3;1;3;3;38
201400004932;14;11;18;1545;1;1;2;1;38
201400004933;14;12;12;1915;5;2;1;5;38
201400004934;14;12;24;430;3;1;5;6;38
201400004935;14;7;19;1300;1;2;1;6;38
201400004936;14;8;27;1545;1;1;1;3;38
201400004937;14;8;30;1830;1;1;1;2;38
201400004938;14;11;1;1045;1;1;1;7;38
201400004939;14;12;9;1530;1;1;1;3;38
201400004940;14;12;23;1330;1;2;1;6;38
201400004941;14;2;10;945;1;1;1;1;38
201400004942;14;2;18;1200;1;2;1;3;38
201400004943;14;5;15;1645;1;1;1;5;38
201400004944;14;6;9;1200;1;1;1;6;38
201400004945;14;7;30;1215;1;1;2;7;38
201400004946;14;8;17;745;1;2;7;6;42
201400004947;14;10;19;1830;2;1;1;7;42
201400004948;14;10;25;1615;1;1;1;1;42
201400004949;14;11;7;2315;3;1;5;7;42
201400004950;14;12;9;545;3;1;1;1;42
201400004951;14;1;10;2115;3;1;1;6;42
201400004952;14;2;7;845;1;1;3;6;42
201400004953;14;4;16;1900;1;1;1;7;42
201400004954;14;6;21;100;3;1;1;6;42
201400004955;14;7;10;1045;1;1;2;3;42
201400004956;14;8;27;1630;1;1;1;7;42
201400004957;14;8;26;530;5;1;2;3;42
201400004958;14;11;2;200;3;1;5;6;42
201400004959;14;4;7;1130;1;1;1;3;42
201400004960;14;4;17;1400;1;1;1;1;42
201400004961;14;5;31;530;2;2;1;6;42
201400004962;14;6;11;1500;1;2;1;5;42
201400004963;14;6;18;1900;1;1;2;1;42
201400004964;14;3;19;730;1;2;1;6;42
201400004965;14;5;25;1315;1;1;1;3;42
201400004966;14;5;31;2345;3;2;1;6;42
201400004967;14;8;10;1830;1;2;1;3;42
201400004968;14;10;26;1545;1;1;1;1;42
201400004969;14;2;20;1545;1;1;1;1;42
201400004970;14;3;5;1130;1;1;1;1;42
201400004971;14;3;19;1745;1;1;1;6;42
201400004972;14;4;4;1800;1;2;1;1;42
201400004973;14;4;10;2045;3;1;1;1;42
201400004974;14;5;18;415;3;2;1;6;42
201400004975;14;6;8;1515;1;1;1;6;42
201400004976;14;7;10;1145;1;1;3;1;42
201400004977;14;1;31;1300;1;2;1;7;42
201400004978;14;3;24;1445;1;2;1;3;42
201400004979;14;5;29;2345;3;2;1;3;42
201400004980;14;12;23;945;5;2;1;1;42
201400004981;14;1;26;1430;1;2;1;1;42
201400004982;14;2;14;2100;3;1;1;2;42
201400004983;14;2;26;1400;1;2;2;3;42
201400004984;14;3;29;1530;1;1;1;1;42
201400004985;14;4;22;1400;1;1;1;7;42
201400004986;14;6;7;830;1;1;1;7;42
201400004987;14;9;7;1915;1;2;1;6;42
201400004988;14;2;7;1845;3;2;2;6;42
201400004989;14;2;11;1900;5;2;1;3;42
201400004990;14;2;21;1200;1;2;2;6;42
201400004991;14;3;31;845;1;2;1;1;42
201400004992;14;4;11;1145;1;2;1;6;42
201400004993;14;5;13;2130;3;1;3;6;42
201400004994;14;6;2;1715;1;2;1;7;42
201400004995;14;6;2;1715;1;1;1;5;42
201400004996;14;6;12;1800;1;1;1;1;42
201400004997;14;6;20;1830;1;1;1;6;42
201400004998;14;7;2;1630;1;2;1;3;42
201400004999;14;7;27;215;3;1;1;3;42
201400005000;14;9;1;830;1;1;1;2;42
201400005001;14;10;11;530;3;1;2;6;42
201400005002;14;11;11;1530;1;2;1;3;42
201400005003;14;11;21;1800;5;2;1;3;42
201400005004;14;12;20;1245;1;1;2;4;42
201400005005;14;2;10;1645;1;2;1;6;42
201400005006;14;5;30;1630;1;1;1;3;42
201400005007;14;6;22;1300;1;1;1;7;42
201400005008;14;6;27;1900;1;2;1;1;42
201400005009;14;8;31;445;3;1;1;6;42
201400005010;14;2;3;715;1;1;1;4;42
201400005011;14;3;3;1545;1;2;1;3;42
201400005012;14;4;1;800;1;2;1;6;42
201400005013;14;3;28;1630;1;2;1;6;42
201400005014;14;4;25;1215;1;1;1;1;42
201400005015;14;5;14;1200;1;1;1;6;42
201400005016;14;8;8;1400;1;1;1;3;42
201400005017;14;2;22;1830;3;1;1;1;42
201400005018;14;3;15;1030;1;1;1;3;42
201400005019;14;5;25;15;5;1;1;3;42
201400005020;14;6;20;645;1;1;1;3;42
201400005021;14;6;21;1030;1;2;1;3;42
201400005022;14;7;8;445;3;1;8;6;42
201400005023;14;8;5;230;3;1;1;7;42
201400005024;14;8;14;1515;1;1;1;3;42
201400005025;14;9;6;1830;1;1;1;3;42
201400005026;14;12;7;1530;1;1;1;3;42
201400005027;14;12;23;730;3;2;1;1;42
201400005028;14;3;2;2145;1;1;1;6;42
201400005029;14;3;4;1500;1;2;1;5;42
201400005030;14;4;11;1100;2;1;1;1;42
201400005031;14;4;17;800;1;2;7;6;42
201400005032;14;5;2;1945;1;1;8;6;42
201400005033;14;5;22;1745;1;1;1;2;42
201400005034;14;5;22;2130;3;1;3;1;42
201400005035;14;5;24;1845;1;1;1;2;42
201400005036;14;6;2;2330;5;1;1;1;42
201400005037;14;6;8;1915;1;1;1;6;42
201400005038;14;6;20;1230;1;1;1;6;42
201400005039;14;6;27;1845;1;1;1;1;42
201400005040;14;7;13;315;3;1;1;6;42
201400005041;14;7;30;1445;1;1;2;1;42
201400005042;14;11;1;330;3;1;1;1;42
201400005043;14;11;23;600;3;1;1;7;42
201400005044;14;2;21;1530;1;2;1;7;42
201400005045;14;3;12;1630;1;1;1;2;42
201400005046;14;3;24;745;2;1;1;3;42
201400005047;14;5;24;1115;1;2;1;6;42
201400005048;14;6;24;2030;2;2;1;7;42
201400005049;14;10;4;2100;5;2;1;6;42
201400005050;14;10;31;1900;3;1;1;6;42
201400005051;14;11;22;415;3;2;1;6;42
201400005052;14;12;10;1800;5;2;2;6;42
201400005053;14;1;18;1745;2;2;2;6;42
201400005054;14;3;7;2030;5;1;1;3;42
201400005055;14;4;3;2100;3;1;1;1;42
201400005056;14;5;19;815;1;2;1;6;42
201400005057;14;5;28;1630;1;1;1;3;42
201400005058;14;6;16;1130;1;2;7;3;42
201400005059;14;6;24;2000;1;1;1;6;42
201400005060;14;7;5;830;1;1;1;1;42
201400005061;14;7;12;1030;1;1;1;1;42
201400005062;14;7;16;2015;2;1;1;5;42
201400005063;14;10;2;1745;1;1;1;6;42
201400005064;14;10;7;1600;1;2;2;6;42
201400005065;14;11;7;1800;5;1;1;4;42
201400005066;14;11;15;1345;1;2;8;3;42
201400005067;14;12;10;1830;3;1;2;3;42
201400005068;14;11;23;1445;1;1;1;7;42
201400005069;14;3;3;1930;3;1;1;1;42
201400005070;14;7;16;1530;1;1;1;5;42
201400005071;14;8;3;845;1;1;1;1;42
201400005072;14;11;14;1100;1;1;1;3;42
201400005073;14;3;27;1530;1;1;1;1;42
201400005074;14;4;12;1630;1;1;1;1;42
201400005075;14;5;18;1715;1;2;1;5;42
201400005076;14;5;25;1600;1;1;1;6;42
201400005077;14;8;27;1130;1;1;1;1;42
201400005078;14;9;5;1215;1;2;1;3;42
201400005079;14;9;20;1815;2;1;8;3;42
201400005080;14;1;1;1130;1;1;1;7;42
201400005081;14;1;7;1400;1;2;7;6;42
201400005082;14;2;6;1115;3;2;1;2;42
201400005083;14;6;19;1745;1;1;1;1;42
201400005084;14;6;22;915;1;1;1;6;42
201400005085;14;7;25;1000;1;2;1;1;42
201400005086;14;9;3;1845;1;1;1;7;42
201400005087;14;9;14;1000;1;2;1;3;42
201400005088;14;1;14;700;5;1;8;1;42
201400005089;14;2;17;1345;1;1;1;2;42
201400005090;14;3;14;815;1;2;1;5;42
201400005091;14;3;17;1445;1;1;1;2;42
201400005092;14;4;6;1800;1;1;1;3;42
201400005093;14;4;22;1730;1;2;2;6;42
201400005094;14;6;16;530;2;1;1;6;42
201400005095;14;6;17;1430;1;1;1;1;42
201400005096;14;9;19;1915;2;1;8;1;42
201400005097;14;10;26;1815;3;1;1;5;42
201400005098;14;11;8;1045;1;1;1;3;42
201400005099;14;11;13;900;2;2;1;6;42
201400005100;14;12;5;745;2;1;2;2;42
201400005101;14;12;8;1500;3;1;8;3;42
201400005102;14;12;28;30;5;2;4;6;42
201400005103;14;12;31;1215;1;2;1;6;42
201400005104;14;4;18;1545;1;2;1;6;42
201400005105;14;5;16;1830;1;1;1;3;42
201400005106;14;6;5;2100;1;2;1;1;42
201400005107;14;6;10;1900;2;2;3;1;42
201400005108;14;10;18;1615;1;2;7;6;42
201400005109;14;11;8;1730;3;1;2;1;42
201400005110;14;12;20;445;5;2;3;6;42
201400005111;14;1;17;1400;1;1;1;3;42
201400005112;14;1;22;1700;1;1;8;7;42
201400005113;14;2;16;200;3;1;2;7;42
201400005114;14;5;7;2200;3;1;1;7;42
201400005115;14;5;23;1400;1;1;1;1;42
201400005116;14;7;1;815;1;1;1;3;42
201400005117;14;7;13;1630;1;1;2;6;73
201400005118;14;9;3;1800;1;2;1;3;73
201400005119;14;9;21;1215;1;1;1;1;73
201400005120;14;1;12;1500;1;1;1;1;73
201400005121;14;1;24;1645;1;1;2;1;73
201400005122;14;2;9;1000;1;1;1;3;73
201400005123;14;3;22;1900;3;1;1;2;73
201400005124;14;4;24;1730;1;1;1;5;73
201400005125;14;4;14;1245;1;2;1;3;73
201400005126;14;5;14;815;1;2;1;6;73
201400005127;14;6;1;1545;1;2;1;1;73
201400005128;14;7;3;2200;3;1;1;6;73
201400005129;14;7;8;1030;1;1;8;2;73
201400005130;14;8;5;1500;1;2;1;3;73
201400005131;14;10;25;1500;1;1;1;6;73
201400005132;14;11;7;745;2;2;1;6;73
201400005133;14;11;17;1715;3;2;2;3;73
201400005134;14;11;18;1045;1;2;2;6;73
201400005135;14;11;30;1215;1;1;2;3;73
201400005136;14;12;14;45;5;2;1;1;73
201400005137;14;12;29;1630;1;2;1;6;73
201400005138;14;2;8;1015;1;1;2;6;73
201400005139;14;2;23;445;3;1;1;6;73
201400005140;14;3;19;2115;5;1;1;6;73
201400005141;14;3;23;1700;1;1;1;7;73
201400005142;14;5;31;1515;1;1;1;1;73
201400005143;14;6;28;2330;5;2;2;6;73
201400005144;14;9;26;1045;1;1;1;3;73
201400005145;14;10;5;145;3;1;2;7;73
201400005146;14;10;8;1215;1;1;1;7;73
201400005147;14;10;16;815;1;1;8;1;73
201400005148;14;11;15;2130;3;1;1;6;73
201400005149;14;12;12;1715;4;2;1;1;73
201400005150;14;1;5;1030;1;2;1;1;73
201400005151;14;1;23;1630;1;1;1;1;73
201400005152;14;1;25;1730;1;1;1;1;73
201400005153;14;2;7;1300;1;1;1;1;73
201400005154;14;3;9;1200;1;2;1;3;73
201400005155;14;3;11;600;1;2;1;3;73
201400005156;14;4;28;1745;1;2;1;6;73
201400005157;14;4;25;830;1;1;2;6;73
201400005158;14;5;8;1645;1;2;1;6;73
201400005159;14;5;25;1645;1;1;2;6;73
201400005160;14;6;13;1830;1;2;1;3;73
201400005161;14;7;17;100;3;1;1;6;73
201400005162;14;7;19;1815;1;1;1;1;73
201400005163;14;10;20;1715;1;1;1;7;73
201400005164;14;11;3;1630;1;1;2;7;73
201400005165;14;11;27;1215;1;1;2;5;73
201400005166;14;12;4;1600;1;1;9;1;73
201400005167;14;3;17;1545;1;1;1;3;73
201400005168;14;4;25;845;1;2;2;6;73
201400005169;14;4;30;1515;1;1;1;1;73
201400005170;14;5;10;1445;1;1;1;7;73
201400005171;14;7;5;2100;2;1;1;6;73
201400005172;14;8;7;1845;1;2;1;3;73
201400005173;14;9;4;700;1;2;1;3;73
201400005174;14;10;4;1530;1;1;1;6;73
201400005175;14;10;30;1545;1;2;1;6;73
201400005176;14;12;11;1100;1;2;8;6;73
201400005177;14;1;5;1045;1;1;1;7;73
201400005178;14;3;1;2000;3;1;1;7;73
201400005179;14;3;23;100;3;1;1;7;73
201400005180;14;4;10;1900;1;1;1;7;73
201400005181;14;4;26;945;1;1;1;3;74
201400005182;14;6;3;800;1;1;1;2;74
201400005183;14;6;15;1245;1;1;1;7;74
201400005184;14;6;27;1900;1;1;1;7;74
201400005185;14;7;7;1300;1;1;2;7;74
201400005186;14;7;18;1945;1;1;1;3;74
201400005187;14;7;19;1615;1;1;1;3;74
201400005188;14;8;7;1500;1;1;2;1;74
201400005189;14;8;7;1430;1;1;1;1;74
201400005190;14;8;21;1545;1;1;1;1;74
201400005191;14;8;20;815;1;2;1;2;74
201400005192;14;8;29;1445;1;2;1;1;74
201400005193;14;9;4;2045;5;1;1;6;74
201400005194;14;10;29;1530;1;1;1;3;74
201400005195;14;11;2;1015;1;1;1;1;74
201400005196;14;1;9;2230;3;1;1;6;74
201400005197;14;2;6;1330;1;2;1;7;74
201400005198;14;3;13;830;1;1;1;3;74
201400005199;14;3;17;845;1;1;1;1;74
201400005200;14;5;11;1500;1;1;1;3;74
201400005201;14;5;24;1100;1;1;1;6;74
201400005202;14;5;25;2100;2;2;1;7;74
201400005203;14;6;11;1615;1;1;1;7;74
201400005204;14;7;10;1900;1;1;2;3;74
201400005205;14;7;23;1400;1;1;1;3;74
201400005206;14;8;2;1200;1;1;2;7;74
201400005207;14;8;11;1530;1;1;1;1;74
201400005208;14;8;15;1145;1;2;1;6;74
201400005209;14;9;29;1345;1;1;2;6;74
201400005210;14;10;12;1230;1;1;3;7;74
201400005211;14;12;2;1830;3;1;1;2;74
201400005212;14;12;16;800;3;2;2;1;74
201400005213;14;12;18;2015;3;1;1;6;74
201400005214;14;12;19;1730;5;2;2;6;74
201400005215;14;3;14;1600;1;1;1;7;74
201400005216;14;3;18;800;1;2;1;1;74
201400005217;14;3;28;1730;1;2;1;3;74
201400005218;14;4;24;900;1;2;1;1;74
201400005219;14;6;1;145;5;2;1;6;74
201400005220;14;7;13;2015;1;1;2;2;74
201400005221;14;7;18;700;1;1;1;1;74
201400005222;14;7;31;1915;1;1;1;3;74
201400005223;14;7;31;1915;1;1;1;3;74
201400005224;14;8;9;815;1;1;2;6;74
201400005225;14;10;6;2000;5;2;2;3;74
201400005226;14;10;2;715;2;2;5;2;74
201400005227;14;10;25;2315;3;1;1;1;74
201400005228;14;12;13;1745;5;1;1;2;74
201400005229;14;12;18;1445;1;1;3;7;74
201400005230;14;12;24;845;1;2;1;6;74
201400005231;14;3;7;2000;3;1;1;3;74
201400005232;14;3;18;1645;1;1;1;3;74
201400005233;14;5;30;1800;1;1;1;1;74
201400005234;14;6;21;1300;1;1;1;7;74
201400005235;14;7;22;1830;1;1;1;1;74
201400005236;14;7;25;2030;2;1;2;1;74
201400005237;14;8;28;1645;1;2;1;3;74
201400005238;14;9;10;1800;1;1;1;3;74
201400005239;14;9;23;1745;1;2;1;1;74
201400005240;14;9;24;1345;1;1;1;3;74
201400005241;14;10;12;1715;1;1;1;7;74
201400005242;14;11;10;1115;1;1;1;2;74
201400005243;14;12;4;1915;3;1;5;6;74
201400005244;14;10;17;1745;1;2;1;3;74
201400005245;14;1;29;1845;5;2;2;3;74
201400005246;14;2;10;600;3;1;1;6;74
201400005247;14;3;30;1630;1;1;1;6;74
201400005248;14;4;15;830;1;1;1;3;74
201400005249;14;6;15;1200;1;1;1;1;74
201400005250;14;8;10;1215;1;1;1;1;74
201400005251;14;9;5;1745;1;1;1;1;74
201400005252;14;5;12;1100;1;2;1;1;74
201400005253;14;7;11;645;1;2;1;1;74
201400005254;14;8;6;1645;1;2;1;1;74
201400005255;14;11;13;1;3;1;1;2;74
201400005256;14;8;16;1530;1;1;1;3;74
201400005257;14;10;26;1415;1;1;1;7;74
201400005258;14;11;4;900;1;1;1;1;74
201400005259;14;8;19;1815;1;1;1;1;74
201400005260;14;6;3;1945;1;2;1;3;74
201400005261;14;6;6;1800;1;1;1;3;74
201400005262;14;6;7;1200;1;1;1;7;74
201400005263;14;6;11;1745;1;1;1;5;74
201400005264;14;6;19;1330;1;1;1;6;74
201400005265;14;9;29;1330;1;1;8;1;74
201400005266;14;10;1;1900;2;1;1;3;74
201400005267;14;9;21;430;3;2;1;7;74
201400005268;14;4;27;815;1;1;8;1;74
201400005269;14;6;10;1530;1;1;1;1;74
201400005270;14;3;8;1030;1;1;1;3;74
201400005271;14;7;14;1600;1;1;1;1;74
201400005272;14;7;18;2015;2;1;1;6;74
201400005273;14;7;30;1115;1;1;2;1;74
201400005274;14;1;18;600;3;1;1;1;74
201400005275;14;2;23;900;1;1;1;1;74
201400005276;14;6;5;830;1;1;1;7;74
201400005277;14;8;26;1045;1;2;3;6;74
201400005278;14;10;24;2030;3;1;1;2;74
201400005279;14;10;26;1515;1;1;1;7;74
201400005280;14;11;11;645;2;1;1;6;74
201400005281;14;5;7;830;1;1;2;1;74
201400005282;14;6;22;1045;1;2;7;1;74
201400005283;14;8;4;1545;1;2;1;6;74
201400005284;14;1;19;730;2;1;1;1;74
201400005285;14;2;22;1730;1;1;1;1;74
201400005286;14;5;19;1515;1;1;1;7;74
201400005287;14;9;7;1430;1;1;1;1;74
201400005288;14;1;15;800;1;1;9;5;74
201400005289;14;2;1;930;1;1;1;1;74
201400005290;14;8;31;1800;1;2;1;6;74
201400005291;14;12;28;1645;1;1;2;5;74
201400005292;14;1;26;1915;3;1;4;1;74
201400005293;14;3;11;2230;5;1;4;1;74
201400005294;14;3;26;1745;1;1;1;6;74
201400005295;14;5;29;2100;1;1;1;6;74
201400005296;14;5;29;1515;1;1;7;6;74
201400005297;14;7;26;1345;1;2;1;2;74
201400005298;14;1;15;1130;1;1;7;6;74
201400005299;14;7;26;1615;1;1;1;3;74
201400005300;14;6;8;1445;1;1;1;1;74
201400005301;14;7;8;1515;1;1;1;7;74
201400005302;14;7;13;1500;1;2;1;3;74
201400005303;14;10;9;845;1;2;1;6;74
201400005304;14;8;4;1700;1;1;1;7;74
201400005305;14;10;17;1615;1;1;1;2;74
201400005306;14;11;28;1700;1;1;1;1;74
201400005307;14;11;5;1800;3;1;2;1;74
201400005308;14;4;2;1345;1;1;1;2;74
201400005309;14;4;18;1700;1;1;1;3;74
201400005310;14;4;20;845;1;2;1;3;74
201400005311;14;5;17;1530;1;1;1;1;63
201400005312;14;6;13;1815;1;2;1;3;63
201400005313;14;6;27;800;1;2;1;2;63
201400005314;14;8;31;1845;1;2;1;3;63
201400005315;14;9;12;800;1;1;1;1;63
201400005316;14;9;15;700;1;1;1;7;63
201400005317;14;11;22;1445;1;1;1;1;63
201400005318;14;12;3;1015;1;1;2;1;63
201400005319;14;12;19;1815;5;2;1;3;63
201400005320;14;12;23;730;2;1;9;6;63
201400005321;14;5;24;1800;1;1;1;5;63
201400005322;14;5;28;2315;4;1;1;7;63
201400005323;14;8;1;645;1;1;1;7;63
201400005324;14;8;3;200;3;1;2;6;63
201400005325;14;8;9;1100;1;2;1;1;63
201400005326;14;8;31;1415;1;1;1;1;63
201400005327;14;9;10;1715;1;2;1;3;63
201400005328;14;10;10;1945;3;1;1;4;63
201400005329;14;10;27;1045;1;1;1;3;63
201400005330;14;11;12;1330;1;1;1;1;63
201400005331;14;12;5;1820;3;1;2;1;63
201400005332;14;12;24;1415;1;1;1;1;63
201400005333;14;1;8;1230;1;2;1;1;63
201400005334;14;1;28;1400;1;2;1;6;63
201400005335;14;6;11;1200;1;1;1;3;63
201400005336;14;6;20;2145;3;1;1;7;63
201400005337;14;6;22;1630;1;1;1;7;63
201400005338;14;9;12;1345;1;1;1;1;63
201400005339;14;12;12;315;3;1;9;6;63
201400005340;14;5;29;845;1;2;1;1;63
201400005341;14;8;12;1600;1;2;1;6;63
201400005342;14;8;29;2000;2;2;1;3;63
201400005343;14;9;5;1600;1;2;1;6;63
201400005344;14;10;29;1800;3;1;1;2;63
201400005345;14;12;4;1800;3;1;1;2;63
201400005346;14;2;15;2345;3;1;4;1;63
201400005347;14;3;4;1615;1;2;1;6;63
201400005348;14;7;16;5;5;1;1;1;63
201400005349;14;8;10;1515;1;2;1;3;63
201400005350;14;9;18;215;3;2;1;6;63
201400005351;14;12;7;1815;5;2;1;6;63
201400005352;14;2;5;1615;1;1;4;3;63
201400005353;14;4;6;1615;1;1;1;6;63
201400005354;14;7;12;2045;3;2;3;7;63
201400005355;14;8;18;400;1;2;1;6;63
201400005356;14;9;20;1945;2;1;1;7;63
201400005357;14;1;16;1100;1;1;1;2;63
201400005358;14;2;23;1600;1;1;1;5;63
201400005359;14;3;1;2315;3;1;1;6;63
201400005360;14;3;23;2100;3;1;1;1;63
201400005361;14;4;6;2140;5;1;1;3;63
201400005362;14;5;24;1745;1;1;1;3;63
201400005363;14;5;26;2010;1;1;1;7;63
201400005364;14;6;4;1740;1;1;3;1;63
201400005365;14;6;4;1730;1;2;2;3;63
201400005366;14;6;5;1615;1;1;1;3;63
201400005367;14;6;25;1200;1;1;1;3;63
201400005368;14;7;2;930;1;1;1;1;63
201400005369;14;7;5;300;5;2;2;6;63
201400005370;14;7;29;1000;1;1;2;3;63
201400005371;14;9;3;915;1;2;1;3;63
201400005372;14;9;12;30;5;1;1;6;63
201400005373;14;11;21;930;1;2;1;3;63
201400005374;14;2;2;1030;1;2;8;1;63
201400005375;14;10;16;1545;1;1;2;1;63
201400005376;14;2;11;1245;1;2;1;3;63
201400005377;14;2;14;1545;3;1;1;6;63
201400005378;14;4;7;2315;3;2;1;1;63
201400005379;14;4;26;2000;3;1;3;7;63
201400005380;14;5;18;1930;1;1;1;7;63
201400005381;14;6;9;1645;1;1;1;6;63
201400005382;14;7;9;1630;1;2;2;6;63
201400005383;14;7;18;1930;1;1;1;3;63
201400005384;14;7;19;830;1;1;1;2;63
201400005385;14;7;25;815;1;2;1;3;63
201400005386;14;8;10;1245;1;2;1;1;63
201400005387;14;8;12;1615;1;1;1;1;63
201400005388;14;8;17;1545;1;1;1;5;63
201400005389;14;8;18;1915;1;1;1;1;63
201400005390;14;8;30;1845;1;1;1;7;63
201400005391;14;9;11;2330;3;2;1;1;63
201400005392;14;2;10;1215;5;2;2;1;63
201400005393;14;4;6;1145;1;1;1;3;63
201400005394;14;10;21;930;1;2;2;2;63
201400005395;14;12;24;700;5;1;9;5;63