Num_Acc;an;mois;jour;hrmn;lum;agg;atm;col;dep
201400005396;14;1;17;700;3;1;2;3;63
201400005397;14;2;9;415;3;1;1;6;63
201400005398;14;3;21;1730;1;2;1;1;63
201400005399;14;4;3;1645;1;1;1;3;63
201400005400;14;6;8;2045;1;1;1;4;63
201400005401;14;7;3;1230;1;1;1;1;63
201400005402;14;7;14;1215;1;1;2;1;63
201400005403;14;7;18;1800;1;1;1;3;63
201400005404;14;8;31;2315;3;1;1;1;63
201400005405;14;9;11;1445;1;1;1;3;63
201400005406;14;1;11;1115;1;2;1;7;63
201400005407;14;1;27;645;5;2;1;6;63
201400005408;14;4;2;1645;1;2;1;3;63
201400005409;14;4;24;1400;1;2;1;1;63
201400005410;14;5;11;1445;1;2;1;1;63
201400005411;14;6;25;700;1;1;1;2;63
201400005412;14;7;31;1830;1;2;1;3;63
201400005413;14;9;4;1345;1;2;1;7;63
201400005414;14;9;13;1645;1;2;1;3;63
201400005415;14;9;23;1715;1;2;1;3;63
201400005416;14;10;9;745;1;1;1;3;63
201400005417;14;12;9;1115;1;2;1;3;63
201400005418;14;5;7;1615;1;1;1;3;63
201400005419;14;6;22;1930;1;2;1;1;63
201400005420;14;8;22;1350;1;1;1;1;63
201400005421;14;10;23;2245;5;1;1;6;63
201400005422;14;10;26;330;5;1;1;6;63
201400005423;14;11;1;1145;1;1;1;7;63
201400005424;14;12;14;345;3;1;8;1;63
201400005425;14;5;21;1800;1;1;1;1;63
201400005426;14;5;21;2100;2;2;1;6;63
201400005427;14;7;1;1030;1;2;1;1;63
201400005428;14;8;4;630;2;1;1;7;63
201400005429;14;9;28;1815;1;1;1;7;63
201400005430;14;12;7;315;3;1;1;6;63
201400005431;14;12;23;45;5;2;1;3;63
201400005432;14;10;17;1945;5;2;1;6;63
201400005433;14;1;1;1630;1;1;8;5;63
201400005434;14;3;13;1415;1;1;1;3;63
201400005435;14;7;20;600;1;1;1;1;63
201400005436;14;8;10;630;1;1;1;5;63
201400005437;14;11;3;600;2;1;8;1;63
201400005438;14;1;15;1315;1;1;8;1;63
201400005439;14;2;13;1700;1;1;2;6;63
201400005440;14;3;14;1730;1;1;7;1;63
201400005441;14;5;26;1915;2;1;3;4;63
201400005442;14;10;11;1630;1;1;1;3;63
201400005443;14;11;1;1045;1;2;1;1;63
201400005444;14;1;7;1615;1;1;1;5;63
201400005445;14;1;8;1630;1;1;1;3;63
201400005446;14;3;9;100;5;2;1;6;63
201400005447;14;4;13;1230;1;2;1;1;63
201400005448;14;4;18;1045;1;2;1;5;63
201400005449;14;4;9;915;1;1;2;6;63
201400005450;14;8;6;1700;1;1;1;1;63
201400005451;14;9;3;1900;1;2;1;3;63
201400005452;14;9;23;1030;1;2;1;3;63
201400005453;14;12;8;1145;1;1;1;6;63
201400005454;14;12;13;1700;5;2;1;3;63
201400005455;14;12;19;945;1;1;1;2;63
201400005456;14;8;27;1245;1;1;1;3;63
201400005457;14;9;6;1715;1;1;1;1;63
201400005458;14;9;7;1815;1;1;1;6;63
201400005459;14;9;11;1730;2;2;7;6;63
201400005460;14;1;23;800;2;1;4;7;63
201400005461;14;1;27;1800;2;2;1;7;63
201400005462;14;8;1;1230;1;1;1;1;63
201400005463;14;4;14;915;1;2;1;6;30
201400005464;14;5;21;1715;1;2;1;7;30
201400005465;14;6;28;2330;5;2;2;6;30
201400005466;14;9;14;1400;1;1;1;1;30
201400005467;14;9;18;1915;2;1;2;1;30
201400005468;14;9;20;1030;1;1;8;1;30
201400005469;14;12;5;600;3;1;1;6;30
201400005470;14;12;8;615;3;1;8;3;30
201400005471;14;3;4;445;3;1;4;3;30
201400005472;14;3;17;1445;1;1;1;7;30
201400005473;14;1;30;1245;1;1;1;1;30
201400005474;14;5;12;1600;1;1;1;3;30
201400005475;14;6;17;1845;1;1;1;6;30
201400005476;14;7;15;1245;1;1;1;6;30
201400005477;14;8;2;1930;1;1;1;3;30
201400005478;14;8;10;1145;1;1;1;1;30
201400005479;14;9;11;930;1;1;1;3;30
201400005480;14;9;23;730;2;2;8;3;30
201400005481;14;10;8;1500;1;1;1;2;30
201400005482;14;10;27;1815;5;2;1;3;30
201400005483;14;12;10;1630;2;1;8;5;30
201400005484;14;1;4;1345;1;1;1;6;30
201400005485;14;2;4;1315;1;2;1;6;30
201400005486;14;2;10;1515;1;1;1;3;30
201400005487;14;3;5;1345;1;2;1;1;30
201400005488;14;3;16;1545;1;2;1;1;30
201400005489;14;5;1;1800;1;2;1;1;30
201400005490;14;5;18;1330;1;2;1;3;30
201400005491;14;6;2;630;1;2;1;6;30
201400005492;14;6;8;1215;1;1;1;6;30
201400005493;14;6;6;1015;1;1;1;6;30
201400005494;14;7;5;1715;1;1;1;3;30
201400005495;14;7;10;1000;1;1;3;2;30
201400005496;14;9;3;1100;2;2;1;1;30
201400005497;14;9;21;1500;1;1;1;1;30
201400005498;14;9;28;1830;1;1;1;7;30
201400005499;14;10;3;1915;2;1;1;1;30
201400005500;14;10;8;1730;1;1;1;1;30
201400005501;14;10;11;700;2;1;1;6;30
201400005502;14;10;21;1530;1;1;1;1;30
201400005503;14;11;11;1700;2;1;1;7;30
201400005504;14;11;18;1730;3;2;2;2;30
201400005505;14;12;9;900;1;1;4;6;30
201400005506;14;4;13;1715;1;2;1;6;30
201400005507;14;8;27;1845;1;1;1;3;30
201400005508;14;11;24;1215;1;1;8;7;30
201400005509;14;2;16;1300;1;1;1;1;30
201400005510;14;3;29;2030;3;1;1;1;30
201400005511;14;1;25;1230;1;1;1;5;30
201400005512;14;1;27;1130;1;1;1;1;30
201400005513;14;9;23;730;1;2;1;5;30
201400005514;14;10;4;1815;1;2;1;4;30
201400005515;14;10;5;545;5;2;1;1;30
201400005516;14;5;24;1415;1;1;1;7;30
201400005517;14;7;4;1515;1;1;2;3;30
201400005518;14;11;22;1230;1;2;1;6;30
201400005519;14;11;22;1515;1;1;1;3;30
201400005520;14;8;18;1700;1;1;1;1;30
201400005521;14;9;8;1615;1;1;8;1;30
201400005522;14;11;14;1515;1;1;1;6;30
201400005523;14;12;8;1800;5;1;2;6;30
201400005524;14;2;25;1600;1;1;1;6;30
201400005525;14;6;2;1715;1;2;1;4;30
201400005526;14;8;15;415;3;1;2;6;30
201400005527;14;12;7;1230;1;1;1;7;30
201400005528;14;4;21;1715;1;1;1;4;30
201400005529;14;6;15;1815;1;1;1;3;30
201400005530;14;6;19;1300;1;2;1;1;30
201400005531;14;7;8;1715;1;1;2;3;30
201400005532;14;8;24;1330;1;1;1;6;30
201400005533;14;6;15;130;3;2;1;5;30
201400005534;14;1;8;1015;1;1;1;3;30
201400005535;14;1;24;1500;1;1;8;1;30
201400005536;14;3;16;2030;3;1;1;7;30
201400005537;14;3;21;2200;5;2;1;6;30
201400005538;14;4;6;1330;1;1;1;1;30
201400005539;14;4;12;1700;1;1;1;1;30
201400005540;14;4;26;630;2;1;1;6;30
201400005541;14;5;25;1700;1;1;1;5;30
201400005542;14;6;14;130;3;1;1;7;30
201400005543;14;6;17;1400;1;2;1;1;30
201400005544;14;6;29;1800;1;1;8;1;30
201400005545;14;4;15;700;2;1;1;6;30
201400005546;14;6;12;1930;1;1;1;1;30
201400005547;14;6;19;1930;1;1;1;1;30
201400005548;14;6;29;2130;2;2;1;6;30
201400005549;14;7;15;845;1;2;1;6;30
201400005550;14;9;15;1545;1;1;1;4;30
201400005551;14;9;29;1415;1;1;1;1;30
201400005552;14;12;18;1730;3;1;2;1;15
201400005553;14;4;9;1245;1;1;1;6;15
201400005554;14;4;10;1045;3;1;1;6;15
201400005555;14;6;22;1145;1;1;1;6;15
201400005556;14;7;24;1000;1;2;1;6;15
201400005557;14;8;28;1615;1;1;1;1;15
201400005558;14;9;23;745;2;1;1;3;15
201400005559;14;11;3;830;1;1;1;6;15
201400005560;14;3;28;1815;1;2;1;1;15
201400005561;14;4;19;2100;5;2;1;3;15
201400005562;14;4;25;1545;1;2;2;1;15
201400005563;14;5;4;1415;1;1;1;3;15
201400005564;14;5;8;1845;1;1;1;6;15
201400005565;14;5;31;1015;1;2;1;6;15
201400005566;14;7;5;1400;1;1;1;1;15
201400005567;14;8;11;745;2;1;2;7;15
201400005568;14;9;30;1345;1;1;1;6;15
201400005569;14;10;30;1745;2;1;1;5;15
201400005570;14;11;26;1315;1;2;1;3;15
201400005571;14;12;6;1915;3;1;2;6;15
201400005572;14;3;13;2345;3;2;1;3;15
201400005573;14;6;29;1815;1;1;3;6;15
201400005574;14;11;16;1845;5;1;8;1;15
201400005575;14;2;14;1345;1;1;1;6;15
201400005576;14;3;4;600;3;2;1;3;15
201400005577;14;3;8;1830;3;1;1;6;15
201400005578;14;4;30;200;4;1;1;6;15
201400005579;14;5;11;1430;1;2;1;6;15
201400005580;14;7;1;1730;1;2;1;6;15
201400005581;14;7;6;1000;1;1;1;6;15
201400005582;14;7;9;2045;3;1;2;7;15
201400005583;14;8;15;1500;1;2;1;3;15
201400005584;14;8;19;1600;1;1;1;6;15
201400005585;14;8;20;1800;1;1;1;1;15
201400005586;14;9;4;1800;1;2;1;6;15
201400005587;14;9;26;1830;1;2;1;6;15
201400005588;14;10;15;1745;2;2;2;3;15
201400005589;14;12;24;1930;3;1;8;6;15
201400005590;14;1;8;1645;1;1;1;1;15
201400005591;14;3;31;1800;1;1;1;2;15
201400005592;14;4;27;1530;1;1;9;7;15
201400005593;14;6;11;1900;1;2;7;1;15
201400005594;14;6;21;2320;3;1;1;2;15
201400005595;14;7;15;1400;1;2;1;3;15
201400005596;14;8;11;1545;1;1;8;4;15
201400005597;14;9;8;730;1;1;1;6;43
201400005598;14;11;3;1400;1;1;1;6;43
201400005599;14;11;11;1245;1;1;1;1;43
201400005600;14;11;28;1900;3;1;1;3;43
201400005601;14;12;9;1530;1;1;1;1;43
201400005602;14;7;16;1815;1;1;1;6;43
201400005603;14;11;7;1615;1;2;1;3;43
201400005604;14;3;24;1445;1;1;1;4;43
201400005605;14;3;24;1430;1;1;1;5;43
201400005606;14;3;25;1345;1;1;8;4;43
201400005607;14;4;1;45;3;1;1;6;43
201400005608;14;4;4;1815;1;1;3;1;43
201400005609;14;6;23;1015;1;1;1;3;43
201400005610;14;6;25;1300;1;2;1;6;43
201400005611;14;7;15;1015;1;1;1;1;43
201400005612;14;9;6;1800;1;1;1;3;43
201400005613;14;12;18;800;3;2;1;6;43
201400005614;14;1;10;715;3;1;1;7;43
201400005615;14;3;12;1815;1;1;1;3;43
201400005616;14;5;10;930;1;1;1;6;43
201400005617;14;5;20;2000;1;1;1;3;43
201400005618;14;5;21;1630;1;1;1;5;43
201400005619;14;8;17;1015;1;1;1;2;43
201400005620;14;4;2;2230;3;1;1;1;43
201400005621;14;7;3;1945;1;2;1;6;43
201400005622;14;11;15;1645;1;1;8;6;43
201400005623;14;2;26;345;3;1;2;7;43
201400005624;14;3;9;1700;1;1;1;2;43
201400005625;14;3;16;1030;1;1;1;3;43
201400005626;14;4;13;900;1;1;1;7;43
201400005627;14;4;16;1730;1;2;1;5;43
201400005628;14;6;3;1715;1;1;1;3;43
201400005629;14;6;6;815;1;1;1;5;43
201400005630;14;6;13;1030;1;1;1;7;43
201400005631;14;6;28;1445;1;2;1;6;43
201400005632;14;8;8;1845;1;1;8;7;43
201400005633;14;12;5;2100;3;1;1;3;43
201400005634;14;6;8;1815;1;1;7;2;43
201400005635;14;7;27;1500;1;1;1;1;43
201400005636;14;5;10;1645;1;2;1;3;43
201400005637;14;2;21;930;1;2;1;3;43
201400005638;14;10;14;1030;1;2;1;6;43
201400005639;14;11;15;1200;1;1;1;3;43
201400005640;14;12;5;745;2;1;1;6;43
201400005641;14;12;9;1030;1;2;8;5;43
201400005642;14;7;20;1915;1;1;2;5;43
201400005643;14;7;17;1300;1;1;1;1;43
201400005644;14;8;22;1415;1;1;1;1;43
201400005645;14;9;20;1830;1;2;3;6;43
201400005646;14;10;20;630;5;2;1;1;43
201400005647;14;3;2;800;1;1;1;6;43
201400005648;14;6;20;1345;1;2;1;1;43
201400005649;14;6;26;1200;1;2;1;3;43
201400005650;14;6;29;1815;1;1;8;2;43
201400005651;14;7;3;1815;1;2;1;1;43
201400005652;14;8;21;1600;1;1;1;7;43
201400005653;14;10;13;700;2;2;8;6;43
201400005654;14;5;4;230;4;2;1;7;43
201400005655;14;5;8;1845;1;1;1;6;43
201400005656;14;7;14;1715;1;1;1;6;57
201400005657;14;7;28;1130;1;1;3;5;57
201400005658;14;8;31;1630;1;2;1;3;57
201400005659;14;9;20;1200;1;2;1;7;57
201400005660;14;10;24;945;1;1;7;3;57
201400005661;14;10;21;1245;1;1;1;6;57
201400005662;14;1;13;1730;2;1;8;1;57
201400005663;14;3;17;1630;1;2;1;3;57
201400005664;14;4;20;1200;1;1;1;1;57
201400005665;14;5;24;545;2;1;1;7;57
201400005666;14;7;29;1415;1;2;2;6;57
201400005667;14;8;19;1400;1;1;1;1;57
201400005668;14;8;21;1215;1;1;1;1;57
201400005669;14;8;23;845;1;1;1;7;57
201400005670;14;6;24;1900;1;1;1;6;57
201400005671;14;10;22;1045;1;1;1;3;57
201400005672;14;1;7;930;1;2;1;6;57
201400005673;14;3;18;1600;1;1;1;3;57
201400005674;14;3;23;1200;1;1;1;7;57
201400005675;14;8;26;1100;1;1;1;6;57
201400005676;14;10;8;1845;1;2;1;1;57
201400005677;14;11;8;930;1;2;1;6;57
201400005678;14;12;27;1845;3;1;1;6;57
201400005679;14;3;2;1515;1;1;1;3;57
201400005680;14;3;27;1715;1;1;1;6;57
201400005681;14;11;22;1015;1;1;1;5;57
201400005682;14;12;9;1000;1;1;1;3;57
201400005683;14;6;16;1900;1;1;1;6;57
201400005684;14;11;16;1715;2;2;3;6;57
201400005685;14;1;10;745;1;1;1;1;57
201400005686;14;2;9;900;1;1;2;3;57
201400005687;14;2;21;1100;1;1;8;6;57
201400005688;14;5;14;1215;1;1;1;3;57
201400005689;14;5;24;2200;3;1;1;7;57
201400005690;14;6;9;1700;1;2;1;7;57
201400005691;14;7;17;1600;1;1;1;7;57
201400005692;14;8;4;1930;1;1;1;6;57
201400005693;14;9;4;1700;1;2;1;6;57
201400005694;14;9;12;1100;1;2;1;6;57
201400005695;14;9;16;915;1;1;1;3;57
201400005696;14;11;17;1830;3;1;2;5;57
201400005697;14;3;6;1745;1;1;1;6;57
201400005698;14;4;1;845;1;1;1;1;57
201400005699;14;9;5;1315;1;1;1;1;57
201400005700;14;2;24;1515;1;1;1;6;57
201400005701;14;10;23;1400;1;1;1;1;57
201400005702;14;5;13;1645;1;1;1;3;57
201400005703;14;7;1;1430;1;1;8;7;57
201400005704;14;10;20;1800;1;1;1;3;57
201400005705;14;11;26;15;3;1;8;6;57
201400005706;14;6;16;1700;1;2;1;6;57
201400005707;14;6;18;830;1;1;1;6;57
201400005708;14;7;18;1530;1;1;1;7;57
201400005709;14;10;2;1715;1;1;1;6;57
201400005710;14;1;3;1800;3;1;2;6;57
201400005711;14;3;26;1200;1;1;1;1;57
201400005712;14;4;9;645;2;1;1;7;57
201400005713;14;4;19;1430;1;1;1;6;57
201400005714;14;4;29;1930;1;1;8;7;57
201400005715;14;7;17;1845;1;1;1;3;57
201400005716;14;8;23;1700;1;1;1;7;57
201400005717;14;9;24;945;1;1;1;2;57
201400005718;14;10;11;1845;2;1;1;7;57
201400005719;14;11;9;1445;1;1;2;1;57
201400005720;14;12;2;1945;3;1;2;6;57
201400005721;14;1;21;1430;1;1;1;6;57
201400005722;14;4;14;1800;1;1;1;1;57
201400005723;14;5;20;1715;1;2;1;6;57
201400005724;14;2;6;1930;5;2;6;6;57
201400005725;14;3;15;1830;1;1;1;6;57
201400005726;14;8;7;1200;1;1;1;1;57
201400005727;14;8;19;2230;3;1;1;6;57
201400005728;14;9;1;1345;1;1;1;1;57
201400005729;14;10;8;30;3;1;2;6;57
201400005730;14;10;27;2045;2;1;1;6;57
201400005731;14;10;31;1645;1;2;1;6;57
201400005732;14;2;8;2130;3;1;2;6;57
201400005733;14;3;4;1030;1;1;4;6;57
201400005734;14;3;9;1730;1;1;1;6;57
201400005735;14;3;12;1730;1;2;1;1;57
201400005736;14;6;18;1530;1;1;3;3;57
201400005737;14;7;27;200;5;2;1;7;57
201400005738;14;10;28;915;1;1;1;6;57
201400005739;14;2;3;1045;1;1;7;1;57
201400005740;14;2;28;1015;1;1;4;3;57
201400005741;14;4;21;600;2;1;2;6;57
201400005742;14;7;3;200;3;1;1;3;57
201400005743;14;7;24;1800;1;1;1;3;57
201400005744;14;8;15;1915;1;1;1;1;57
201400005745;14;8;28;1130;1;1;1;1;57
201400005746;14;9;29;1945;3;1;1;6;57
201400005747;14;10;5;1115;1;1;1;6;57
201400005748;14;10;2;1800;1;2;1;3;57
201400005749;14;12;3;830;1;1;4;6;57
201400005750;14;1;4;1145;1;1;2;3;57
201400005751;14;1;9;1230;1;1;1;6;57
201400005752;14;3;2;1900;3;1;1;6;57
201400005753;14;4;4;945;1;1;1;6;57
201400005754;14;6;18;1430;1;1;1;1;57
201400005755;14;7;23;400;3;1;2;6;57
201400005756;14;10;18;1430;1;1;1;3;57
201400005757;14;9;12;1415;1;1;1;6;57
201400005759;14;4;6;430;3;1;1;6;57
201400005760;14;4;8;1215;1;1;1;3;57
201400005761;14;4;10;1730;1;1;1;1;57
201400005762;14;5;12;1115;1;1;1;1;57
201400005763;14;7;15;1145;1;1;1;6;57
201400005764;14;11;14;1815;2;1;2;6;57
201400005765;14;12;6;1515;1;2;2;1;57
201400005767;14;12;19;2030;3;1;1;5;57
201400005768;14;1;9;1130;1;1;1;1;57
201400005769;14;1;10;1745;5;2;1;3;57
201400005771;14;4;4;1345;1;2;2;7;57
201400005772;14;7;12;630;2;1;1;1;57
201400005773;14;7;24;1645;1;1;1;3;57
201400005774;14;10;29;1830;5;2;1;1;57
201400005777;14;2;15;1115;1;1;8;6;57
201400005778;14;4;15;1845;1;2;1;3;57
201400005783;14;7;24;1100;1;1;5;3;54
201400005785;14;1;23;1815;3;1;1;1;54
201400005786;14;4;5;2300;3;1;1;6;54
201400005787;14;6;12;1345;1;1;1;3;54
201400005788;14;6;22;1500;1;1;1;3;54
201400005789;14;6;28;1700;1;1;1;3;54
201400005790;14;7;21;645;2;1;3;6;54
201400005791;14;9;7;1645;1;1;1;6;54
201400005792;14;11;30;2115;3;1;5;1;54
201400005837;14;1;26;1415;1;1;1;3;54
201400005838;14;1;31;1745;2;1;1;6;54
201400005839;14;2;13;945;1;2;3;3;54
201400005840;14;5;12;2345;5;2;2;3;54
201400005841;14;5;27;1015;1;2;1;6;54
201400005842;14;5;30;2200;5;2;1;7;54
201400005843;14;6;22;1300;1;2;1;6;54
201400005844;14;7;1;2345;3;1;1;6;54
201400005845;14;7;8;1730;1;1;1;3;54
201400005846;14;7;29;1830;2;1;6;1;54
201400005847;14;10;27;200;3;1;2;3;54
201400005848;14;1;2;2030;3;1;1;3;54
201400005849;14;2;28;1615;1;1;2;2;54
201400005850;14;3;17;1445;1;1;1;1;54
201400005851;14;6;18;1015;1;1;1;3;54
201400005852;14;8;23;1700;1;2;1;1;54
201400005853;14;11;26;1815;3;1;8;4;54
201400005854;14;12;14;615;5;2;1;7;54
201400005855;14;12;30;1300;1;1;1;6;54
201400005856;14;3;3;845;5;1;1;4;54
201400005857;14;2;24;800;1;1;1;7;54
201400005858;14;3;6;2015;5;2;1;1;54
201400005859;14;3;29;1545;2;1;1;3;54
201400005860;14;4;23;845;1;1;1;4;54
201400005861;14;5;23;2100;1;1;1;6;54
201400005862;14;6;4;1630;1;1;1;1;54
201400005863;14;7;12;2100;1;1;1;6;54
201400005864;14;8;20;1400;1;1;1;1;54
201400005865;14;8;25;1645;1;2;1;4;54
201400005866;14;1;17;1630;1;1;7;1;54
201400005867;14;1;26;2215;3;1;3;6;54
201400005868;14;4;15;1015;1;1;1;5;54
201400005869;14;7;2;2015;1;2;1;7;55
201400005870;14;1;26;2230;5;2;2;6;55
201400005871;14;1;26;2000;3;1;3;6;55
201400005872;14;2;24;1700;1;1;1;3;55
201400005873;14;4;9;1230;1;1;1;2;55
201400005874;14;9;15;700;1;2;1;6;55
201400005875;14;10;26;1445;1;2;1;3;55
201400005876;14;6;4;2030;1;1;2;6;55
201400005877;14;6;8;930;1;1;1;3;55
201400005878;14;6;21;2230;5;2;1;6;55
201400005879;14;7;4;1130;1;1;1;7;55
201400005880;14;9;27;1730;1;2;1;6;55
201400005881;14;3;8;2330;5;2;1;6;55
201400005882;14;3;30;2045;5;2;1;7;55
201400005883;14;5;13;530;2;2;8;1;55
201400005884;14;9;21;1615;1;2;3;6;55
201400005885;14;11;28;1600;1;2;1;6;55
201400005886;14;3;28;1015;1;1;1;7;55
201400005887;14;4;18;830;1;2;8;6;55
201400005888;14;4;25;1030;1;1;1;3;55
201400005889;14;6;6;1830;1;2;1;3;55
201400005890;14;7;25;1400;1;1;1;7;55
201400005891;14;8;26;1915;1;1;1;6;55
201400005892;14;10;16;1745;1;1;1;1;55
201400005893;14;11;7;745;1;1;1;1;55
201400005894;14;3;19;1200;1;1;1;7;55
201400005895;14;5;13;1200;1;1;1;7;55
201400005896;14;6;9;1115;1;1;1;6;55
201400005897;14;8;6;1700;1;2;1;5;55
201400005898;14;12;24;1645;3;1;8;6;55
201400005899;14;1;16;1730;5;2;2;6;55
201400005900;14;3;7;2200;3;1;1;7;55
201400005901;14;5;30;1215;1;2;1;7;55
201400005902;14;6;26;2115;1;1;1;6;55
201400005903;14;12;1;1630;1;1;1;3;55
201400005904;14;4;18;1000;1;2;1;1;55
201400005905;14;4;19;1715;1;2;1;7;55
201400005906;14;5;28;1515;1;2;8;3;55
201400005907;14;6;14;1000;1;2;1;6;55
201400005908;14;7;20;915;1;2;1;3;55
201400005909;14;9;10;1845;1;2;1;3;55
201400005910;14;12;8;715;3;1;8;6;55
201400005911;14;12;5;1745;5;2;1;1;88
201400005912;14;12;17;1845;3;1;2;1;88
201400005913;14;1;9;1745;5;2;2;6;88
201400005914;14;3;6;1130;1;2;1;6;88
201400005915;14;3;25;1530;1;1;1;7;88
201400005916;14;5;18;2000;1;1;1;1;88
201400005917;14;5;31;2345;5;2;1;6;88
201400005918;14;10;6;1230;1;1;1;7;88
201400005919;14;11;24;700;3;1;1;6;88
201400005920;14;6;13;2030;1;1;1;1;88
201400005921;14;9;15;1615;1;1;1;5;88
201400005922;14;12;26;1400;1;2;8;1;88
201400005923;14;4;21;400;3;1;2;6;88
201400005924;14;4;25;1100;1;1;1;3;88
201400005925;14;6;7;1600;1;1;1;7;88
201400005926;14;6;19;1430;1;1;1;2;88
201400005927;14;9;11;630;2;1;1;7;88
201400005928;14;10;10;700;2;1;2;7;88
201400005929;14;1;23;1200;1;1;8;6;88
201400005930;14;2;13;1415;1;1;2;4;88
201400005931;14;4;25;1030;1;1;1;2;88
201400005932;14;5;1;2330;3;1;1;3;88
201400005933;14;5;31;1630;1;2;1;1;88
201400005934;14;10;2;1915;2;1;1;3;88
201400005935;14;10;28;330;3;1;1;7;88
201400005936;14;11;25;530;4;1;1;3;88
201400005937;14;12;13;1700;5;2;2;3;88
201400005938;14;12;25;1930;3;1;1;7;88
201400005939;14;3;14;1300;1;2;1;7;88
201400005940;14;7;8;1615;1;1;1;5;88
201400005941;14;9;25;1600;1;2;1;6;88
201400005942;14;9;13;1345;1;2;1;6;88
201400005943;14;10;21;1645;1;1;6;6;88
201400005944;14;10;27;1545;1;2;1;1;88
201400005945;14;11;13;1030;1;2;2;3;88
201400005946;14;12;8;1700;4;1;3;6;88
201400005947;14;12;21;115;5;2;9;3;88
201400005948;14;1;17;700;3;1;8;3;88
201400005949;14;1;19;45;3;1;1;1;88
201400005950;14;4;13;1015;1;1;1;5;88
201400005951;14;5;9;30;3;1;1;1;88
201400005952;14;6;2;1000;1;1;1;6;88
201400005953;14;6;11;1745;1;1;7;3;88
201400005954;14;9;11;530;5;1;1;1;88
201400005955;14;9;15;830;1;1;1;6;88
201400005956;14;9;19;1815;1;1;1;1;88
201400005957;14;9;19;930;1;1;1;1;88
201400005958;14;12;12;745;2;1;2;1;88
201400005959;14;12;18;615;5;1;2;1;88
201400005960;14;4;11;1945;1;2;1;1;88
201400005961;14;11;6;1930;3;1;8;5;88
201400005962;14;5;31;1600;1;1;1;7;88
201400005963;14;7;4;1745;1;1;8;5;88
201400005964;14;8;13;2130;3;2;1;6;88
201400005965;14;8;20;1415;1;1;1;1;88
201400005966;14;11;17;1730;4;1;1;6;88
201400005967;14;2;10;1815;3;1;3;1;88
201400005968;14;3;16;2045;3;1;1;6;88
201400005969;14;3;28;1445;1;2;1;2;88
201400005970;14;4;3;1545;1;1;1;7;88
201400005971;14;5;11;1945;1;1;9;2;88
201400005972;14;6;13;815;1;1;1;7;88
201400005973;14;7;22;1030;1;1;8;1;88
201400005974;14;8;20;1900;1;1;1;3;88
201400005975;14;9;16;1830;1;2;1;3;88
201400005976;14;9;21;600;2;1;2;7;88
201400005977;14;10;22;245;3;1;1;7;88
201400005978;14;11;1;245;3;1;5;7;88
201400005979;14;11;2;1300;1;1;1;3;88
201400005980;14;11;15;1600;1;2;8;6;88
201400005981;14;12;11;1600;1;1;6;6;88
201400005982;14;1;2;1530;1;2;7;6;88
201400005983;14;1;10;2030;3;1;1;5;88
201400005984;14;1;17;1345;1;1;1;1;88
201400005985;14;2;10;1315;1;2;2;6;88
201400005986;14;2;27;845;1;2;1;3;88
201400005987;14;3;15;900;1;2;8;6;88
201400005988;14;7;3;1730;1;2;1;1;88
201400005989;14;7;5;1300;1;1;2;3;88
201400005990;14;8;23;30;5;2;1;3;88
201400005991;14;9;11;2000;1;1;1;6;88
201400005992;14;9;25;800;1;2;1;2;88
201400005993;14;11;24;1030;1;2;1;6;88
201400005994;14;12;19;1730;5;2;3;6;88
201400005995;14;1;10;1230;1;1;1;1;88
201400005996;14;2;10;1730;1;2;2;6;88
201400005997;14;4;23;1800;1;1;1;1;88
201400005998;14;5;22;1615;1;2;2;6;88
201400005999;14;6;29;1645;1;2;1;2;88
201400006000;14;7;5;1915;1;2;1;1;88
201400006001;14;8;9;1830;1;2;1;1;88
201400006002;14;10;11;445;3;1;8;1;88
201400006003;14;10;19;615;3;1;5;6;88
201400006004;14;11;2;1400;1;1;1;7;88
201400006084;14;5;7;1930;1;2;1;6;67
201400006085;14;7;22;1000;1;1;2;3;67
201400006086;14;7;26;1215;1;2;1;6;67
201400006087;14;8;1;1730;1;1;1;1;67
201400006088;14;9;13;915;1;1;1;1;67
201400006089;14;12;20;2300;3;1;8;7;67
201400006090;14;1;24;730;2;1;8;6;67
201400006091;14;2;14;2315;3;1;1;6;67
201400006092;14;3;28;1915;3;1;1;6;67
201400006093;14;5;25;15;5;2;1;2;67
201400006094;14;7;4;1530;1;2;1;2;67
201400006095;14;7;16;1830;1;2;1;6;67
201400006096;14;8;16;1445;1;2;1;6;67
201400006097;14;11;30;1700;5;2;5;1;67
201400006098;14;12;25;2200;3;1;1;6;67
201400006099;14;2;25;1445;1;1;1;3;67
201400006100;14;8;3;1300;1;1;1;6;67
201400006101;14;8;12;2200;3;1;1;1;67
201400006102;14;8;22;1230;1;1;1;2;67
201400006103;14;11;17;1100;1;1;1;6;67
201400006104;14;1;16;1730;3;1;2;1;67
201400006105;14;5;18;1800;1;2;1;2;67
201400006106;14;7;12;1600;1;1;1;6;67
201400006107;14;9;24;1530;1;1;1;7;67
201400006108;14;12;19;715;2;1;2;4;67
201400006109;14;2;25;15;3;1;1;1;67
201400006110;14;6;21;2145;1;1;1;7;67
201400006111;14;1;14;1800;5;2;2;3;67
201400006112;14;3;1;1130;1;1;1;1;67
201400006113;14;2;28;2015;3;1;9;7;67
201400006114;14;3;28;2000;2;1;1;1;67