Num_Acc;an;mois;jour;hrmn;lum;agg;atm;col;dep
201400006115;14;3;29;2315;3;1;1;6;67
201400006116;14;3;31;1930;1;1;1;6;67
201400006117;14;5;9;1430;1;1;1;3;67
201400006118;14;5;16;1530;1;1;1;3;67
201400006119;14;7;20;700;2;1;1;6;67
201400006120;14;7;28;1730;1;1;3;6;67
201400006121;14;7;31;2330;3;1;1;1;67
201400006122;14;9;6;1515;1;2;1;6;67
201400006123;14;12;3;1115;1;1;2;3;67
201400006124;14;1;1;1000;1;1;1;6;67
201400006125;14;3;9;915;1;1;1;7;67
201400006126;14;3;17;830;1;1;1;6;67
201400006127;14;6;11;2345;3;1;1;6;67
201400006128;14;9;13;1500;1;1;1;7;67
201400006129;14;2;3;1415;1;1;1;6;67
201400006130;14;2;9;345;5;2;1;6;67
201400006131;14;3;9;1800;1;2;1;7;67
201400006132;14;4;19;530;3;1;1;6;67
201400006133;14;11;24;1930;3;1;1;1;67
201400006134;14;12;12;1745;3;1;2;7;67
201400006135;14;12;19;1330;1;1;3;6;67
201400006136;14;6;6;1930;1;1;1;3;67
201400006137;14;6;24;1730;1;1;1;6;67
201400006138;14;8;10;1345;1;1;3;6;67
201400006139;14;8;18;1645;1;1;1;3;67
201400006140;14;11;1;1715;2;2;1;3;67
201400006141;14;12;1;1800;5;1;2;6;67
201400006142;14;6;29;600;2;1;2;6;67
201400006143;14;8;5;1630;1;2;1;1;67
201400006144;14;8;17;1915;1;1;1;1;67
201400006145;14;11;22;1700;3;1;1;7;67
201400006146;14;11;27;715;3;1;3;2;67
201400006147;14;5;2;1000;3;1;1;6;67
201400006148;14;6;14;700;1;1;1;7;67
201400006149;14;6;15;2000;1;1;1;7;67
201400006150;14;10;20;2100;3;1;2;6;67
201400006151;14;5;11;1900;1;1;8;1;67
201400006152;14;5;23;2130;3;2;2;6;67
201400006153;14;7;9;1515;1;1;8;7;67
201400006154;14;7;16;1615;1;1;1;2;67
201400006155;14;7;25;800;1;1;1;1;67
201400006156;14;7;25;1115;1;1;1;6;67
201400006157;14;10;14;930;1;1;1;6;67
201400006158;14;10;26;630;2;1;5;1;67
201400006159;14;11;10;1400;1;2;1;6;67
201400006160;14;12;28;1215;1;1;1;6;67
201400006161;14;8;26;2345;3;1;2;6;67
201400006162;14;11;20;700;2;2;1;1;67
201400006163;14;1;6;730;2;1;8;5;67
201400006164;14;9;12;1745;5;2;1;3;67
201400006165;14;5;23;2245;5;2;2;1;67
201400006166;14;10;19;1100;1;1;1;5;67
201400006167;14;3;10;1700;1;1;1;2;67
201400006168;14;6;17;1115;1;1;1;6;67
201400006169;14;6;28;1215;1;1;2;1;67
201400006170;14;12;11;1915;4;1;6;6;67
201400006171;14;2;12;1645;1;1;1;1;67
201400006172;14;3;12;2015;2;1;1;2;67
201400006173;14;8;18;1845;1;1;1;1;67
201400006174;14;11;20;800;2;1;5;3;67
201400006175;14;12;3;1730;3;1;8;1;67
201400006176;14;2;10;1715;1;1;2;3;67
201400006177;14;4;13;1845;1;1;1;1;67
201400006178;14;6;30;945;1;1;1;1;67
201400006179;14;8;2;630;2;1;1;6;67
201400006180;14;8;3;730;1;2;1;1;67
201400006181;14;8;28;1430;1;2;1;3;67
201400006182;14;10;29;2000;3;1;2;1;67
201400006183;14;3;12;1700;1;2;1;2;67
201400006184;14;4;7;845;1;1;1;1;67
201400006185;14;5;26;815;1;1;8;6;67
201400006186;14;6;15;2230;2;1;1;6;67
201400006187;14;7;15;2145;1;2;1;6;67
201400006188;14;7;23;45;5;2;1;6;67
201400006189;14;8;21;1800;1;1;1;3;67
201400006190;14;11;4;645;2;2;2;1;67
201400006191;14;12;2;1715;3;1;1;2;67
201400006192;14;12;9;1900;3;1;1;6;67
201400006193;14;8;15;1600;1;1;1;2;67
201400006194;14;2;8;500;5;2;1;6;67
201400006195;14;2;18;930;1;2;1;6;67
201400006196;14;2;24;1045;1;2;1;1;67
201400006197;14;7;25;1430;1;1;1;1;67
201400006198;14;8;30;1845;1;2;1;3;67
201400006199;14;9;2;1630;1;1;1;2;67
201400006200;14;11;11;345;5;2;2;6;67
201400006201;14;11;12;930;1;1;8;6;68
201400006202;14;1;1;445;3;1;2;1;68
201400006203;14;1;16;730;2;1;1;2;68
201400006204;14;1;21;715;5;1;2;1;68
201400006205;14;2;24;1515;1;1;7;3;68
201400006206;14;4;6;115;3;1;5;6;68
201400006207;14;4;6;2345;3;2;1;3;68
201400006208;14;4;29;830;1;2;1;3;68
201400006209;14;5;5;730;1;1;1;6;68
201400006210;14;6;20;945;1;1;1;1;68
201400006211;14;6;23;1115;1;1;5;2;68
201400006212;14;7;27;130;3;1;1;6;68
201400006213;14;9;6;1830;1;1;1;6;68
201400006214;14;9;28;1945;2;1;1;3;68
201400006215;14;11;1;945;1;1;1;6;68
201400006216;14;11;23;330;5;2;1;6;68
201400006217;14;1;14;915;1;2;1;6;68
201400006218;14;2;14;1615;1;2;1;3;68
201400006219;14;4;9;1145;1;1;1;6;68
201400006220;14;4;24;1700;1;1;1;6;68
201400006221;14;4;26;1845;1;2;2;7;68
201400006222;14;4;27;1630;1;1;1;6;68
201400006223;14;5;25;2000;1;2;1;6;68
201400006224;14;6;10;1845;1;1;1;6;68
201400006225;14;6;13;1515;1;1;1;3;68
201400006226;14;7;25;1145;1;1;1;6;68
201400006227;14;7;17;900;1;1;1;7;68
201400006228;14;8;7;915;1;1;8;3;68
201400006229;14;8;23;1600;1;1;1;3;68
201400006230;14;8;29;1530;1;1;1;1;68
201400006231;14;9;26;930;1;1;1;4;68
201400006232;14;10;1;945;1;1;5;1;68
201400006233;14;10;8;1800;1;2;1;3;68
201400006234;14;10;9;1330;1;2;3;3;68
201400006235;14;11;8;445;4;2;1;6;68
201400006236;14;12;2;1315;1;2;1;3;68
201400006237;14;1;6;1330;1;1;1;6;68
201400006238;14;1;9;1845;3;1;3;1;68
201400006239;14;1;20;1445;1;2;1;6;68
201400006240;14;1;27;2245;3;1;8;7;68
201400006241;14;3;12;1145;1;1;1;3;68
201400006242;14;3;14;1600;1;1;1;6;68
201400006243;14;5;6;1645;1;1;1;1;68
201400006244;14;6;24;1330;1;1;1;3;68
201400006245;14;7;29;1745;1;1;1;1;68
201400006246;14;8;4;1445;1;1;1;4;68
201400006247;14;8;10;1630;1;2;1;1;68
201400006248;14;11;13;1800;5;1;1;7;68
201400006249;14;1;9;1530;1;2;1;1;68
201400006250;14;1;31;1415;1;1;7;1;68
201400006251;14;6;22;1515;1;2;1;7;68
201400006252;14;7;16;1945;1;1;1;1;68
201400006253;14;8;2;215;5;2;1;6;68
201400006254;14;8;3;515;3;1;1;7;68
201400006255;14;10;26;1830;2;1;5;3;68
201400006256;14;5;27;1030;1;2;8;6;68
201400006257;14;9;18;1400;1;2;1;3;68
201400006258;14;11;8;1215;1;1;7;3;68
201400006259;14;1;10;1430;1;2;1;3;68
201400006260;14;1;16;1715;5;2;3;5;68
201400006261;14;4;7;715;1;2;1;6;68
201400006262;14;7;23;1615;1;2;1;1;68
201400006263;14;7;31;1800;1;1;1;1;68
201400006264;14;8;1;1045;1;1;1;1;68
201400006265;14;8;30;1445;1;1;1;5;68
201400006266;14;10;5;200;3;1;1;6;68
201400006267;14;3;1;300;5;2;2;6;68
201400006268;14;9;9;1745;1;1;1;1;68
201400006269;14;11;3;1745;5;2;2;6;68
201400006270;14;2;7;200;5;2;1;6;68
201400006271;14;7;29;1600;2;2;2;7;68
201400006272;14;9;27;2045;3;1;1;7;68
201400006273;14;10;18;1445;1;1;1;3;68
201400006275;14;1;18;445;3;1;9;6;68
201400006276;14;5;23;1145;1;1;1;6;68
201400006277;14;5;31;1530;1;1;1;1;68
201400006278;14;6;21;1400;1;2;1;1;68
201400006279;14;7;19;1145;1;1;1;6;68
201400006280;14;10;28;1700;1;1;1;7;68
201400006281;14;11;14;1130;2;1;1;2;68
201400006282;14;11;27;1800;5;2;5;6;68
201400006283;14;11;30;2030;3;1;5;6;68
201400006284;14;4;10;1815;1;1;1;6;68
201400006285;14;8;20;2245;3;1;1;1;68
201400006286;14;9;7;1145;1;1;1;3;68
201400006287;14;10;19;1700;1;2;1;2;68
201400006288;14;12;9;1745;3;1;8;6;68
201400006289;14;1;23;1645;1;2;2;6;68
201400006290;14;3;14;1615;1;2;1;2;68
201400006291;14;3;31;1100;1;2;1;6;68
201400006292;14;4;11;945;1;2;1;1;68
201400006293;14;4;21;1015;1;1;2;1;68
201400006294;14;8;17;1600;1;1;1;7;68
201400006295;14;12;15;830;1;2;1;2;68
201400006296;14;8;4;10;3;1;1;6;68
201400006297;14;1;26;430;3;1;1;6;68
201400006298;14;2;21;1345;1;2;8;4;68
201400006299;14;4;21;1645;1;2;2;7;68
201400006300;14;8;8;1030;1;1;1;5;68
201400006301;14;9;24;1530;1;2;1;3;68
201400006302;14;10;14;1345;1;1;1;5;68
201400006303;14;1;7;745;2;1;1;1;68
201400006304;14;3;27;830;1;1;1;1;68
201400006305;14;4;6;2345;3;2;1;7;68
201400006306;14;5;7;1900;1;2;1;6;68
201400006307;14;5;8;315;5;2;1;1;68
201400006308;14;5;22;2215;3;1;2;2;68
201400006309;14;5;24;2345;5;2;1;6;68
201400006310;14;6;3;1515;1;1;1;3;68
201400006311;14;7;20;2145;3;1;2;6;68
201400006312;14;9;9;700;1;1;1;3;68
201400006313;14;1;24;2045;5;2;1;6;68
201400006314;14;1;31;1530;1;1;1;2;68
201400006315;14;5;6;1430;1;1;1;2;68
201400006316;14;6;27;845;1;1;1;1;68
201400006317;14;7;29;1800;1;1;8;1;68
201400006318;14;9;18;1700;1;2;1;1;68
201400006319;14;10;13;1800;1;1;1;6;68
201400006320;14;11;24;1430;3;1;9;6;68
201400006321;14;12;17;1900;5;2;8;3;68
201400006322;14;4;9;1245;1;2;1;1;68
201400006323;14;7;27;2330;3;1;1;6;68
201400006324;14;11;13;1600;1;1;1;1;68
201400006325;14;4;16;715;1;2;1;7;68
201400006326;14;5;18;2000;1;2;1;3;68
201400006327;14;5;8;1700;1;1;1;3;68
201400006328;14;6;13;130;3;2;1;6;68
201400006329;14;7;14;1945;1;2;1;3;68
201400006330;14;9;16;2200;3;1;1;6;68
201400006331;14;9;21;430;3;1;1;6;68
201400006332;14;10;14;1730;1;2;1;1;68
201400006333;14;10;21;500;3;1;1;3;68
201400006334;14;12;6;1000;1;1;2;1;68
201400006335;14;2;1;1815;5;1;1;3;68
201400006336;14;2;12;1400;1;2;1;6;68
201400006337;14;4;10;645;1;2;1;3;68
201400006338;14;4;29;1715;1;2;1;3;68
201400006339;14;6;5;2115;2;1;1;1;68
201400006340;14;6;12;1445;1;1;1;4;68
201400006341;14;7;8;1245;1;1;8;5;68
201400006342;14;8;14;1145;1;2;1;3;68
201400006343;14;10;2;1515;1;1;1;2;68
201400006344;14;11;16;1345;1;2;1;7;51
201400006345;14;3;11;1630;1;1;1;7;51
201400006346;14;3;13;1700;1;1;7;6;51
201400006347;14;3;14;1515;1;1;1;7;51
201400006348;14;3;14;1845;1;1;1;6;51
201400006349;14;4;22;1215;1;1;1;7;51
201400006350;14;6;24;1330;1;2;1;3;51
201400006351;14;9;17;1545;1;1;1;7;51
201400006352;14;10;13;1230;1;1;1;1;51
201400006353;14;7;3;1800;1;2;1;3;51
201400006354;14;8;4;645;1;1;1;1;51
201400006355;14;6;6;1430;1;1;1;7;51
201400006356;14;8;1;1230;1;1;1;1;51
201400006357;14;8;8;1230;1;1;8;7;51
201400006358;14;8;17;1645;1;1;1;7;51
201400006359;14;11;1;1645;1;1;1;7;51
201400006360;14;12;4;1700;2;2;8;6;51
201400006361;14;3;23;1130;1;2;1;6;51
201400006362;14;5;26;1630;1;2;1;6;51
201400006363;14;6;1;1500;1;1;1;1;51
201400006364;14;7;1;2115;1;2;1;3;51
201400006365;14;8;30;1445;1;1;1;1;51
201400006366;14;9;9;1400;1;2;1;3;51
201400006367;14;9;17;1615;1;2;1;2;51
201400006368;14;12;12;1730;3;1;6;1;51
201400006369;14;1;5;1230;1;1;1;7;51
201400006370;14;1;26;645;5;2;1;6;51
201400006371;14;1;29;730;2;1;1;6;51
201400006372;14;3;12;1500;1;1;7;6;51
201400006373;14;4;19;2345;5;2;1;1;51
201400006374;14;10;26;1700;1;1;1;1;51
201400006375;14;1;25;400;3;2;1;6;51
201400006376;14;2;3;1730;2;2;8;1;51
201400006377;14;3;8;1915;3;1;1;5;51
201400006378;14;3;30;2245;3;1;1;7;51
201400006379;14;4;4;1715;1;2;1;3;51
201400006380;14;5;29;1730;1;1;1;7;51
201400006381;14;6;5;1215;1;1;1;6;51
201400006382;14;6;7;845;1;1;1;3;51
201400006383;14;6;8;1200;1;1;7;7;51
201400006384;14;7;26;1515;1;1;1;4;51
201400006385;14;8;9;230;5;2;1;6;51
201400006386;14;10;2;1845;1;2;1;1;51
201400006387;14;10;11;1515;1;1;1;1;51
201400006388;14;10;18;900;1;2;7;6;51
201400006389;14;6;9;1730;1;2;1;5;51
201400006390;14;7;27;30;5;2;1;2;51
201400006391;14;11;8;2200;3;1;2;6;51
201400006392;14;2;15;1700;3;1;2;5;51
201400006393;14;3;20;1645;1;1;1;3;51
201400006394;14;4;22;945;1;2;1;1;51
201400006395;14;5;10;1100;1;2;1;3;51
201400006396;14;5;18;930;1;1;1;6;51
201400006397;14;5;30;345;3;1;1;7;51
201400006398;14;6;15;2115;3;1;1;7;51
201400006399;14;8;1;1630;1;2;7;1;51
201400006400;14;7;27;1645;1;2;7;1;51
201400006401;14;8;2;1715;1;2;7;3;51
201400006402;14;7;31;1815;1;2;7;3;51
201400006403;14;12;29;1215;1;1;4;3;51
201400006404;14;1;29;1845;2;1;1;5;51
201400006405;14;6;17;1245;1;1;1;1;51
201400006406;14;9;27;1715;1;2;1;6;51
201400006407;14;3;12;1430;1;2;1;6;51
201400006408;14;4;9;1915;1;2;7;6;51
201400006409;14;8;18;1545;1;2;1;2;51
201400006410;14;9;19;1545;1;2;1;3;51
201400006411;14;11;8;2100;3;1;1;7;51
201400006412;14;3;8;1500;1;1;1;3;51
201400006413;14;6;14;1700;1;1;1;6;51
201400006414;14;6;20;515;3;1;1;7;51
201400006415;14;6;29;2015;1;1;1;5;51
201400006416;14;7;3;1620;1;1;1;1;51
201400006417;14;8;7;2215;3;1;1;6;51
201400006418;14;8;28;445;3;1;5;6;51
201400006419;14;9;27;1615;1;1;1;4;51
201400006420;14;10;10;945;1;1;1;1;51
201400006421;14;11;27;1715;3;1;1;4;51
201400006422;14;11;29;1745;5;2;1;7;51
201400006423;14;4;11;1345;1;1;1;2;51
201400006424;14;5;8;1500;1;1;1;6;51
201400006425;14;8;18;1600;1;1;1;2;51
201400006426;14;1;6;1745;3;1;1;1;51
201400006427;14;2;3;1230;1;2;1;2;51
201400006428;14;2;7;2130;5;2;1;1;51
201400006429;14;2;10;1400;1;1;1;3;51
201400006430;14;2;22;430;3;1;1;6;51
201400006431;14;3;14;1930;3;1;1;1;51
201400006432;14;4;9;1315;1;2;1;1;51
201400006433;14;6;22;1045;1;1;1;2;51
201400006434;14;7;4;1215;1;1;1;1;51
201400006435;14;8;29;615;3;1;3;1;51
201400006436;14;9;13;2200;3;1;1;7;51
201400006437;14;11;12;100;3;1;9;6;51
201400006438;14;12;11;1530;2;1;2;2;51
201400006439;14;5;7;1930;2;1;8;7;51
201400006440;14;5;15;1715;1;2;1;1;51
201400006441;14;8;3;1645;1;2;1;3;51
201400006442;14;9;22;1515;1;1;1;6;51
201400006443;14;11;9;1845;5;2;8;6;51
201400006444;14;12;2;1800;3;1;2;7;51
201400006445;14;2;8;1345;1;2;2;2;51
201400006446;14;3;8;630;1;1;1;6;51
201400006447;14;3;24;715;1;1;2;7;51
201400006448;14;5;23;1530;1;2;1;2;51
201400006449;14;11;16;2345;3;1;2;7;51
201400006450;14;3;9;145;5;2;1;7;51
201400006451;14;5;23;1145;1;2;1;6;51
201400006452;14;8;26;1715;1;1;8;3;51
201400006453;14;9;20;1545;1;1;1;4;51
201400006454;14;9;25;1115;1;1;1;1;51
201400006455;14;10;25;2345;3;1;1;6;51
201400006456;14;10;31;830;1;2;5;1;51
201400006457;14;8;10;945;1;1;1;6;51
201400006458;14;10;12;30;5;2;1;7;51
201400006459;14;10;22;1345;1;1;8;7;51
201400006460;14;11;6;715;2;2;1;6;51
201400006461;14;11;26;1100;1;2;1;7;51
201400006462;14;4;1;1100;1;2;1;3;51
201400006463;14;4;16;1115;1;1;1;1;51
201400006464;14;6;7;1530;1;1;1;3;80
201400006465;14;8;14;2030;2;1;8;6;80
201400006466;14;10;14;2315;3;1;1;6;80
201400006467;14;12;22;1815;3;1;1;1;80
201400006468;14;2;7;1330;1;2;8;6;80
201400006469;14;5;16;1600;1;1;1;2;80
201400006470;14;5;16;1530;1;1;1;1;80
201400006471;14;6;11;1715;1;2;1;3;80
201400006472;14;7;14;245;5;2;1;3;80
201400006473;14;8;17;1730;1;1;1;1;80
201400006474;14;10;4;1700;1;1;1;2;80
201400006475;14;10;13;1445;1;1;1;1;80
201400006476;14;12;8;1330;1;1;8;3;80
201400006477;14;1;18;900;1;2;8;7;80
201400006478;14;1;27;1800;5;2;1;6;80
201400006479;14;3;30;1745;1;1;1;7;80
201400006480;14;6;21;1315;1;1;1;6;80
201400006481;14;8;9;1530;1;1;1;1;80
201400006482;14;8;10;1315;1;1;1;7;10
201400006483;14;8;12;1715;1;2;1;6;10
201400006484;14;10;22;915;1;2;3;3;10
201400006485;14;10;29;2115;5;2;2;1;10
201400006486;14;12;24;1130;1;2;1;6;10
201400006487;14;1;2;1545;1;1;1;3;10
201400006488;14;1;9;1215;1;1;1;6;10
201400006489;14;3;30;1930;1;1;1;6;10
201400006490;14;9;9;1515;1;2;1;2;10
201400006491;14;11;22;1330;1;1;1;6;10
201400006492;14;4;14;1330;1;2;7;6;10
201400006493;14;5;16;1645;1;1;1;1;10
201400006494;14;9;19;745;1;1;1;6;10
201400006495;14;11;3;1545;1;2;1;1;10
201400006496;14;12;22;445;3;1;1;6;10
201400006497;14;1;9;1300;1;1;1;6;10
201400006498;14;1;21;1700;2;1;1;5;10
201400006499;14;2;19;1730;1;1;1;1;10
201400006500;14;3;7;1645;1;2;1;6;10
201400006501;14;8;31;1545;1;1;8;1;10
201400006502;14;11;7;1630;2;1;1;6;10
201400006503;14;4;5;2300;3;1;1;3;10
201400006504;14;6;14;1700;1;1;1;7;10
201400006505;14;7;11;830;1;2;1;3;10
201400006506;14;9;28;1715;1;1;1;1;10
201400006507;14;9;29;1815;1;1;1;7;10
201400006508;14;9;30;1545;1;2;1;3;10
201400006509;14;10;6;1245;1;1;1;6;10
201400006510;14;10;24;1130;1;2;1;6;10
201400006511;14;12;9;1645;2;1;2;3;10
201400006512;14;1;20;1115;1;1;8;6;10
201400006513;14;4;1;1400;1;2;1;1;10
201400006514;14;4;12;1115;1;2;1;3;10
201400006515;14;4;14;1315;1;2;1;6;10
201400006516;14;5;17;1745;1;2;1;3;10
201400006517;14;5;26;1145;1;2;1;6;10
201400006518;14;9;5;245;5;2;1;7;10
201400006519;14;9;17;615;2;1;1;1;10
201400006520;14;11;10;2145;3;1;1;6;10
201400006521;14;2;9;1615;1;2;1;6;10
201400006522;14;5;23;1800;1;2;1;7;10
201400006523;14;9;13;2230;5;2;8;6;10
201400006524;14;11;2;1500;1;1;1;3;10
201400006525;14;11;7;2145;3;1;8;6;10
201400006526;14;3;17;1845;2;1;1;7;10
201400006527;14;6;22;745;1;1;1;6;10
201400006528;14;6;28;1600;1;1;8;7;10
201400006529;14;7;7;2045;1;1;1;6;10
201400006530;14;7;14;1800;1;1;8;7;10
201400006531;14;8;12;1545;1;1;1;6;10
201400006532;14;8;30;815;1;1;5;7;10
201400006533;14;8;30;2145;3;1;1;7;10
201400006534;14;8;29;615;2;1;3;7;10
201400006535;14;10;8;1915;3;1;2;6;10
201400006536;14;10;12;500;5;2;1;6;10
201400006537;14;10;19;2000;3;1;1;6;10
201400006538;14;10;31;2045;5;2;1;6;10
201400006539;14;9;20;2015;5;2;1;6;10
201400006540;14;2;18;745;1;1;1;1;10
201400006541;14;3;11;1345;1;2;1;1;10
201400006542;14;5;8;2000;1;1;1;6;10
201400006543;14;8;8;1445;1;1;1;3;10
201400006544;14;8;11;830;1;1;1;1;10
201400006545;14;8;31;2045;3;1;8;6;10
201400006546;14;10;8;830;1;1;2;1;10
201400006547;14;11;17;1745;5;2;2;1;10
201400006548;14;11;29;1815;3;1;8;3;52
201400006549;14;1;28;1900;3;1;1;3;52
201400006550;14;3;24;1915;2;2;1;3;52
201400006551;14;8;30;1815;1;1;1;3;52
201400006552;14;5;10;1700;1;2;1;6;52
201400006553;14;5;21;1830;1;2;1;3;52
201400006554;14;6;13;1400;1;2;1;6;52
201400006555;14;6;24;800;1;2;1;3;52
201400006556;14;6;30;1715;1;2;1;3;52
201400006557;14;9;18;645;2;2;2;1;52
201400006558;14;12;6;1700;5;2;2;6;52
201400006559;14;12;17;1700;5;1;2;1;52
201400006560;14;1;10;1330;1;2;1;6;52
201400006561;14;5;2;1415;1;2;1;6;52
201400006562;14;9;11;1830;1;2;1;3;52
201400006563;14;11;12;1715;4;2;3;6;52
201400006564;14;1;27;1130;1;2;1;3;52
201400006565;14;1;10;1915;3;1;1;1;52
201400006566;14;3;1;1900;3;2;1;3;52
201400006567;14;3;2;2315;5;2;1;1;52
201400006568;14;4;4;1215;1;2;1;2;52
201400006569;14;4;4;1600;1;2;1;3;52
201400006570;14;4;26;2245;3;1;3;2;52
201400006571;14;5;27;1715;1;2;1;6;52
201400006572;14;6;17;1845;1;1;1;7;52
201400006573;14;6;20;1715;1;1;1;6;52
201400006574;14;8;21;715;1;2;1;3;52
201400006575;14;10;1;915;1;2;1;3;52
201400006576;14;1;25;445;5;2;1;6;52
201400006577;14;5;24;2345;3;1;1;6;52
201400006578;14;5;28;1745;1;2;1;1;52
201400006579;14;6;16;1430;1;1;1;6;52
201400006580;14;12;23;1230;1;1;1;3;52
201400006581;14;2;2;1730;2;1;1;7;52
201400006582;14;7;1;1230;1;2;1;6;52
201400006583;14;7;19;1345;1;1;1;3;52
201400006584;14;9;6;1015;1;1;1;7;52
201400006585;14;9;17;2000;3;1;1;7;52
201400006586;14;1;20;445;5;1;5;6;52
201400006587;14;1;31;1215;1;2;1;6;52
201400006588;14;4;1;1400;1;2;1;3;52
201400006589;14;7;17;1845;1;1;1;2;52
201400006590;14;10;20;1700;1;2;1;6;52
201400006591;14;3;20;1200;1;1;1;3;52
201400006592;14;4;23;1125;1;2;1;3;52
201400006593;14;5;17;1600;1;1;1;6;52
201400006594;14;5;25;900;1;1;1;1;52
201400006595;14;5;24;1315;1;1;1;7;52
201400006596;14;5;29;1600;1;1;8;1;52
201400006597;14;7;2;2115;1;1;1;3;52
201400006598;14;8;10;1130;1;1;8;6;52
201400006599;14;9;27;2015;5;2;1;2;52
201400006600;14;10;8;1230;1;1;8;6;52
201400006601;14;11;3;1415;1;2;2;3;52
201400006602;14;12;2;1600;1;2;2;6;52
201400006603;14;1;8;1445;1;2;1;3;52
201400006604;14;9;6;1430;1;1;8;3;52
201400006605;14;1;7;1815;3;1;1;1;52
201400006606;14;1;18;1145;1;2;1;4;52
201400006607;14;1;23;1830;3;1;2;5;52
201400006608;14;4;8;1645;1;1;1;3;52
201400006609;14;6;14;1830;1;1;1;1;52
201400006610;14;7;17;1415;1;2;1;6;52
201400006611;14;9;11;1830;1;1;1;1;52
201400006612;14;9;14;1645;1;1;1;3;52
201400006613;14;9;19;130;3;1;1;6;52
201400006614;14;1;7;1545;1;1;1;6;21
201400006615;14;1;17;700;2;1;2;6;21
201400006616;14;2;28;2005;2;1;1;5;21
201400006617;14;6;2;700;1;1;1;5;21
201400006618;14;6;6;1545;1;2;1;2;21
201400006619;14;6;25;930;1;2;1;1;21
201400006620;14;10;17;1045;1;1;1;5;21
201400006621;14;11;14;1745;3;2;2;6;21
201400006622;14;12;11;745;2;2;2;1;21
201400006623;14;12;16;1730;5;2;9;3;21
201400006624;14;3;28;1200;1;2;1;6;21
201400006625;14;5;6;1015;1;2;2;3;21
201400006626;14;5;30;1745;1;1;1;3;21
201400006627;14;6;2;800;1;1;1;3;21
201400006628;14;7;26;1715;1;2;1;2;21
201400006629;14;9;18;1830;1;1;1;1;21
201400006630;14;10;15;1600;1;1;2;5;21
201400006631;14;2;21;2245;5;2;1;7;21
201400006632;14;2;25;1930;2;1;1;6;21
201400006633;14;3;7;1645;1;2;1;3;21
201400006634;14;3;8;2000;3;1;1;6;21
201400006635;14;5;4;1900;1;1;1;7;21
201400006636;14;6;21;1230;1;1;1;3;21
201400006637;14;6;22;1100;1;1;1;3;21
201400006638;14;9;26;1730;2;2;5;2;21
201400006639;14;10;15;1800;1;2;2;2;21
201400006640;14;11;6;415;3;1;1;6;21
201400006641;14;11;7;1730;5;2;1;1;21
201400006642;14;12;25;2330;5;2;1;1;21
201400006643;14;1;2;1745;3;1;8;6;21
201400006644;14;6;5;1515;1;1;1;3;21
201400006645;14;9;2;1445;1;2;1;6;21
201400006646;14;9;29;845;1;1;1;3;21
201400006647;14;10;13;815;1;1;1;1;21
201400006648;14;10;20;1145;1;1;1;7;21
201400006649;14;12;9;1730;3;1;2;6;21
201400006650;14;1;21;800;2;2;5;2;21
201400006651;14;4;6;1230;1;1;1;3;21
201400006652;14;4;26;630;2;1;5;7;21
201400006653;14;5;12;645;2;1;1;3;21
201400006654;14;5;18;1445;1;1;1;6;21
201400006655;14;6;25;1445;1;1;1;6;21
201400006656;14;6;26;1345;1;2;1;5;21
201400006657;14;8;3;915;1;1;1;6;21
201400006658;14;10;3;2000;3;1;1;2;21
201400006659;14;1;24;550;5;1;2;6;21
201400006660;14;1;30;1715;1;1;1;7;21
201400006661;14;3;28;715;1;1;1;3;21
201400006662;14;4;4;1045;1;2;1;6;21
201400006663;14;4;20;2245;3;1;1;6;21
201400006664;14;4;26;845;1;1;1;2;21
201400006665;14;5;14;40;3;2;1;6;21
201400006666;14;5;29;900;1;2;1;1;21
201400006667;14;6;20;1545;1;1;1;1;21
201400006668;14;9;23;1745;1;1;1;1;21
201400006669;14;10;24;2315;3;1;1;3;21
201400006670;14;11;16;500;3;1;2;7;21
201400006671;14;12;2;2230;3;1;2;2;21
201400006672;14;12;6;915;1;1;1;3;21
201400006673;14;11;3;1515;1;1;2;6;21
201400006674;14;11;18;1030;1;1;2;1;21
201400006675;14;6;19;1415;1;1;1;6;21
201400006676;14;7;14;1800;1;1;1;1;21
201400006677;14;8;10;1015;1;2;1;6;21
201400006678;14;9;13;500;3;1;1;6;21
201400006679;14;9;21;545;2;1;2;5;21
201400006680;14;9;20;1800;1;1;1;6;21
201400006681;14;10;4;1815;1;2;1;6;21
201400006682;14;10;9;945;1;1;2;1;21
201400006683;14;10;17;700;3;1;2;3;21
201400006684;14;1;26;845;2;1;1;1;21
201400006685;14;4;27;615;2;1;1;5;21
201400006686;14;5;5;1715;1;1;1;1;21
201400006687;14;6;25;1700;1;2;1;3;21
201400006688;14;6;29;1715;1;1;2;6;21
201400006689;14;7;8;1700;1;1;1;1;21
201400006690;14;7;10;730;1;1;2;7;21
201400006691;14;7;19;1015;1;1;1;2;21
201400006692;14;8;9;1930;1;1;1;6;21
201400006693;14;8;19;1500;1;1;1;6;21
201400006694;14;9;2;1730;1;1;1;3;21
201400006695;14;5;5;1200;1;1;1;3;21
201400006696;14;5;16;2115;2;1;1;7;21
201400006697;14;9;12;1515;1;1;1;2;21
201400006698;14;3;28;1645;1;2;1;3;21
201400006699;14;5;14;1315;1;1;8;3;58
201400006700;14;6;22;445;3;1;1;7;58
201400006701;14;8;2;845;1;1;1;6;58