Num_Acc;an;mois;jour;hrmn;lum;agg;atm;col;dep
201400006702;14;9;17;1315;1;1;1;6;58
201400006703;14;9;20;1215;1;1;1;7;58
201400006704;14;11;4;1430;1;1;2;1;58
201400006705;14;11;16;1500;1;2;2;3;58
201400006706;14;12;1;1245;1;2;1;6;58
201400006707;14;12;6;1815;5;2;1;6;58
201400006708;14;12;27;1000;1;2;2;6;58
201400006709;14;5;11;1800;1;1;7;3;58
201400006710;14;1;20;1815;3;1;2;7;58
201400006711;14;4;13;1545;1;1;1;7;58
201400006712;14;5;24;1600;1;1;1;7;58
201400006713;14;6;8;1700;1;1;7;3;58
201400006714;14;6;13;2200;3;1;1;7;58
201400006715;14;6;27;1200;1;2;1;3;58
201400006716;14;8;18;1245;1;1;2;1;58
201400006717;14;10;18;1930;3;2;1;1;58
201400006718;14;10;19;2030;3;1;1;6;58
201400006719;14;10;21;1815;1;1;8;3;58
201400006720;14;12;29;1700;3;1;9;7;58
201400006721;14;3;18;1430;1;1;1;3;58
201400006722;14;7;28;1830;1;1;2;1;58
201400006723;14;8;6;1645;1;1;2;6;58
201400006724;14;9;19;1930;3;1;1;7;58
201400006725;14;11;29;500;4;1;8;1;58
201400006726;14;3;12;1615;1;1;1;6;58
201400006727;14;3;16;930;1;2;7;6;58
201400006728;14;3;25;700;2;2;8;6;58
201400006729;14;1;13;1830;5;2;3;4;58
201400006730;14;2;18;800;1;1;1;5;58
201400006731;14;1;8;1000;1;1;1;6;58
201400006732;14;1;26;1615;1;2;1;3;58
201400006733;14;1;28;1015;1;1;1;3;58
201400006734;14;2;24;1615;1;2;1;3;58
201400006735;14;1;16;530;3;1;2;6;58
201400006736;14;3;16;1845;1;1;1;7;58
201400006737;14;1;22;730;3;1;1;7;58
201400006738;14;10;19;1830;1;1;1;6;58
201400006739;14;1;8;2100;3;1;2;6;58
201400006740;14;2;2;1515;1;2;1;6;58
201400006741;14;3;5;2030;5;2;1;1;58
201400006742;14;3;24;1415;1;2;1;6;58
201400006743;14;4;16;745;1;1;1;6;58
201400006744;14;9;7;1700;1;2;1;2;58
201400006745;14;1;31;2215;3;1;1;1;58
201400006746;14;3;14;800;1;1;1;5;58
201400006747;14;3;14;1745;1;2;1;3;58
201400006748;14;7;26;1330;1;1;1;3;58
201400006749;14;9;4;1700;1;1;1;2;58
201400006750;14;9;16;900;1;2;1;3;58
201400006751;14;11;7;1900;3;1;1;2;58
201400006752;14;12;24;1900;3;1;2;2;58
201400006753;14;6;6;800;1;1;1;1;58
201400006754;14;5;30;1315;1;1;1;6;58
201400006755;14;7;23;915;1;1;1;2;58
201400006756;14;7;27;1715;1;1;1;6;58
201400006757;14;8;11;2215;5;2;1;6;58
201400006758;14;9;14;445;5;2;1;6;58
201400006759;14;11;29;2030;3;1;1;7;58
201400006760;14;12;9;730;2;2;9;1;58
201400006761;14;1;12;1345;1;1;1;6;58
201400006762;14;1;29;1600;1;1;2;1;58
201400006763;14;3;25;1230;1;1;1;1;58
201400006764;14;6;9;1715;1;2;1;3;71
201400006765;14;6;21;1130;1;1;1;3;71
201400006766;14;6;22;1445;1;1;1;7;71
201400006767;14;6;26;1515;1;2;1;3;71
201400006768;14;7;5;1800;1;1;3;3;71
201400006769;14;7;14;530;2;1;1;7;71
201400006770;14;8;10;545;2;1;2;1;71
201400006771;14;9;25;715;1;1;5;6;71
201400006772;14;10;29;1815;5;2;1;1;71
201400006773;14;1;7;630;3;2;8;6;71
201400006774;14;1;7;1730;2;2;1;6;71
201400006775;14;3;9;1745;1;1;1;7;71
201400006776;14;3;9;1745;1;1;1;6;71
201400006777;14;3;27;2330;5;2;3;6;71
201400006778;14;5;9;845;1;2;1;1;71
201400006779;14;5;26;915;1;1;1;1;71
201400006780;14;6;10;1550;1;2;1;6;71
201400006781;14;8;22;2115;3;1;1;6;71
201400006782;14;10;14;1815;1;1;1;6;71
201400006783;14;1;26;1145;1;1;1;1;71
201400006784;14;2;19;1600;1;1;1;6;71
201400006785;14;4;7;1815;1;2;1;1;71
201400006786;14;6;18;700;1;1;1;7;71
201400006787;14;8;29;2315;3;1;1;7;71
201400006788;14;1;27;715;2;2;2;6;71
201400006789;14;3;2;2000;5;2;1;6;71
201400006790;14;6;3;2115;2;2;1;6;71
201400006791;14;6;27;300;3;1;1;6;71
201400006792;14;7;4;2345;3;1;2;6;71
201400006793;14;7;4;915;1;1;2;6;71
201400006794;14;7;6;900;1;1;8;7;71
201400006795;14;8;23;900;1;1;1;1;71
201400006796;14;9;18;300;3;1;2;7;71
201400006797;14;9;23;700;1;2;5;6;71
201400006798;14;10;18;1030;1;2;1;3;71
201400006799;14;10;19;630;3;2;1;6;71
201400006800;14;10;23;1915;5;1;2;7;71
201400006801;14;4;26;100;3;1;1;6;71
201400006802;14;5;15;900;1;1;1;7;71
201400006803;14;6;29;400;3;1;2;6;71
201400006804;14;8;3;1315;1;1;1;5;71
201400006805;14;9;27;2045;3;1;1;7;71
201400006806;14;10;13;1730;1;2;1;1;71
201400006807;14;11;26;2030;3;1;5;1;71
201400006808;14;6;16;750;1;1;1;5;71
201400006809;14;1;12;1345;1;2;1;3;71
201400006810;14;3;16;1400;1;1;7;3;71
201400006811;14;5;25;400;3;1;1;6;71
201400006812;14;8;23;1200;1;1;1;3;71
201400006813;14;8;29;1730;1;1;1;7;71
201400006814;14;10;14;1630;1;2;1;6;71
201400006815;14;5;4;630;2;1;1;7;71
201400006816;14;10;20;800;1;1;1;6;71
201400006817;14;12;15;2000;3;1;2;6;71
201400006818;14;1;22;1845;3;1;5;1;71
201400006819;14;2;21;45;3;1;1;1;71
201400006820;14;3;9;1730;1;1;1;1;71
201400006821;14;5;25;1800;1;1;1;3;71
201400006822;14;6;15;1300;1;1;7;1;71
201400006823;14;2;16;1645;1;1;1;6;71
201400006824;14;3;9;1845;2;1;1;7;71
201400006825;14;7;3;2215;2;2;1;1;71
201400006826;14;11;21;1130;1;1;1;7;71
201400006827;14;12;11;1915;3;1;2;5;71
201400006828;14;1;1;1730;2;2;8;1;71
201400006829;14;1;25;845;3;1;1;7;71
201400006830;14;2;8;1900;3;2;2;6;71
201400006831;14;3;18;1915;2;1;1;7;71
201400006832;14;4;2;1815;1;1;1;1;71
201400006833;14;4;20;830;1;1;1;6;71
201400006834;14;5;6;1700;1;1;1;7;71
201400006835;14;6;10;1445;1;1;1;1;71
201400006836;14;6;16;1530;1;1;1;4;71
201400006837;14;7;11;1215;1;1;8;1;71
201400006838;14;7;15;1530;1;1;1;5;71
201400006839;14;7;29;2000;1;2;2;6;71
201400006840;14;8;19;1830;1;1;1;3;71
201400006841;14;9;7;530;3;1;1;7;71
201400006842;14;9;14;1915;1;2;1;6;71
201400006843;14;11;13;1615;1;2;1;2;71
201400006844;14;12;14;2000;3;2;5;7;71
201400006845;14;12;16;615;3;1;2;3;71
201400006846;14;12;18;1700;5;2;2;6;71
201400006847;14;12;20;600;5;2;2;6;71
201400006848;14;4;13;530;3;1;1;6;71
201400006849;14;11;1;1500;1;1;1;2;71
201400006850;14;1;25;1330;1;1;1;6;71
201400006851;14;2;2;530;5;1;1;7;71
201400006852;14;2;21;1815;3;1;1;3;71
201400006853;14;7;25;1330;1;1;1;3;71
201400006854;14;9;26;1530;1;1;1;6;71
201400006855;14;1;28;700;3;1;5;1;71
201400006856;14;4;26;915;1;1;1;2;71
201400006857;14;6;24;1445;1;1;7;3;71
201400006858;14;1;12;930;1;2;9;7;71
201400006859;14;2;14;330;3;1;1;6;71
201400006860;14;3;8;615;2;1;1;1;71
201400006861;14;7;6;2030;1;1;8;6;71
201400006862;14;3;28;245;4;2;1;6;71
201400006863;14;4;16;1730;1;2;1;6;71
201400006864;14;6;6;1630;1;1;1;1;71
201400006865;14;6;7;1515;1;2;1;1;71
201400006866;14;8;10;415;3;1;1;5;71
201400006867;14;8;13;1045;1;1;2;6;71
201400006868;14;10;26;200;3;1;1;3;71
201400006869;14;4;19;1700;1;1;1;7;71
201400006870;14;6;4;1745;1;2;1;3;71
201400006871;14;6;28;30;3;1;1;6;71
201400006872;14;8;6;1930;1;2;8;6;71
201400006873;14;9;29;1130;1;1;1;1;71
201400006874;14;12;21;1015;1;1;8;1;71
201400006875;14;8;28;1030;1;1;1;2;71
201400006876;14;9;20;2300;3;2;2;6;71
201400006877;14;11;14;1430;1;1;2;1;71
201400006878;14;12;2;1915;3;1;1;1;71
201400006879;14;1;14;1600;1;2;8;3;71
201400006880;14;4;5;1130;1;2;1;6;71
201400006881;14;5;10;1900;2;1;2;7;89
201400006882;14;5;23;2245;1;2;1;1;89
201400006883;14;11;28;1630;1;2;1;6;89
201400006884;14;1;10;1100;1;2;1;6;89
201400006885;14;3;15;1200;1;2;1;6;89
201400006886;14;4;5;2030;2;1;1;7;89
201400006887;14;6;23;1145;1;1;1;3;89
201400006888;14;8;5;745;1;1;1;1;89
201400006889;14;12;13;2300;5;2;2;2;89
201400006890;14;3;28;1900;2;2;1;3;89
201400006891;14;8;15;1230;1;1;1;3;89
201400006892;14;8;30;1830;1;2;1;3;89
201400006893;14;9;22;1700;1;1;1;3;89
201400006894;14;10;29;1330;1;1;1;3;89
201400006895;14;11;27;1830;5;2;1;6;89
201400006896;14;12;9;1545;1;2;1;3;89
201400006897;14;1;30;815;1;1;1;1;89
201400006898;14;3;16;1415;1;1;1;1;89
201400006899;14;9;26;1345;1;2;1;1;89
201400006900;14;12;23;2345;3;1;5;7;89
201400006901;14;1;18;1400;1;1;1;7;89
201400006902;14;3;14;1515;1;1;1;3;89
201400006903;14;4;19;1800;1;2;1;6;89
201400006904;14;5;26;2200;3;1;1;6;89
201400006905;14;5;28;1930;1;1;1;6;89
201400006906;14;6;19;1515;1;1;7;1;89
201400006907;14;6;28;1100;1;1;1;7;89
201400006908;14;8;28;2130;3;1;2;7;89
201400006909;14;8;30;1230;1;2;1;3;89
201400006910;14;10;8;1300;1;1;1;7;89
201400006911;14;11;29;1700;2;2;1;3;89
201400006912;14;12;11;1015;1;1;1;7;89
201400006913;14;1;9;1430;1;2;1;3;89
201400006914;14;1;24;1745;1;1;1;5;89
201400006915;14;2;7;1130;1;2;8;6;89
201400006916;14;3;14;2145;3;1;1;1;89
201400006917;14;3;22;1130;1;1;8;3;89
201400006918;14;4;16;1545;1;1;1;6;89
201400006919;14;5;23;1645;1;1;1;3;89
201400006920;14;5;31;1345;1;2;1;3;89
201400006921;14;6;23;1330;1;1;1;3;89
201400006922;14;7;16;1515;1;2;1;6;89
201400006923;14;7;16;1815;1;1;1;3;89
201400006924;14;9;4;1730;1;1;1;7;89
201400006925;14;9;4;1900;1;1;1;3;89
201400006926;14;9;12;1915;1;1;1;1;89
201400006927;14;9;18;945;1;2;1;1;89
201400006928;14;9;18;1515;1;1;1;3;89
201400006929;14;10;20;15;3;1;1;3;89
201400006930;14;10;20;730;2;1;5;1;89
201400006931;14;10;27;2130;5;2;1;6;89
201400006932;14;11;2;1;3;1;5;1;89
201400006933;14;11;9;100;3;1;1;6;89
201400006934;14;1;13;800;2;1;2;1;89
201400006935;14;5;24;900;1;1;1;6;89
201400006936;14;2;10;700;3;1;3;3;89
201400006937;14;2;20;745;1;2;1;3;89
201400006938;14;2;26;1200;1;1;8;1;89
201400006939;14;3;12;745;1;1;7;3;89
201400006940;14;11;16;1530;1;1;2;1;89
201400006941;14;11;23;30;3;1;5;6;89
201400006942;14;8;19;2000;1;2;1;1;89
201400006943;14;2;20;1800;1;1;1;6;89
201400006944;14;5;5;1500;1;1;1;3;89
201400006945;14;8;14;15;3;1;1;7;89
201400006946;14;10;25;1530;1;1;1;6;89
201400006947;14;4;16;815;1;1;1;3;89
201400006948;14;1;20;1800;3;1;2;5;89
201400006949;14;9;30;2200;3;1;1;6;89
201400006950;14;9;27;1515;1;1;1;7;89
201400006951;14;4;3;1045;1;1;8;3;89
201400006952;14;6;8;515;2;1;1;6;89
201400006953;14;6;30;845;1;2;7;1;89
201400006954;14;7;27;600;2;2;1;6;89
201400006955;14;8;23;1545;1;1;1;3;89
201400006956;14;9;1;830;1;1;1;1;89
201400006957;14;9;6;1100;1;1;1;6;89
201400006958;14;1;17;1630;1;1;7;1;89
201400006959;14;5;23;1900;1;1;8;6;89
201400006960;14;1;17;1330;1;1;1;1;89
201400006961;14;2;7;1945;3;1;1;3;89
201400006962;14;4;17;1600;1;2;1;1;89
201400006963;14;5;16;815;1;1;1;2;89
201400006964;14;7;5;45;3;2;1;7;89
201400006965;14;7;24;800;1;1;1;1;89
201400006966;14;8;9;1100;1;2;1;6;89
201400006967;14;8;22;645;1;1;1;6;89
201400006968;14;9;22;1145;1;1;1;6;89
201400006969;14;10;20;1600;1;1;1;6;89
201400006970;14;10;28;1615;1;1;1;6;89
201400006971;14;11;10;1100;1;2;1;6;89
201400006972;14;12;13;1145;1;2;1;3;89
201400006973;14;2;8;1500;1;2;8;2;89
201400006974;14;3;18;1630;1;2;1;6;89
201400006975;14;4;10;745;1;1;7;3;89
201400006976;14;5;22;1900;1;2;1;3;89
201400006977;14;5;30;830;1;1;1;1;89
201400006978;14;11;18;1030;2;2;8;1;89
201400006979;14;3;8;1530;1;1;1;7;89
201400006980;14;7;17;1100;1;1;1;1;89
201400006981;14;9;19;1430;1;1;2;6;89
201400006982;14;2;1;2030;3;1;2;4;89
201400006983;14;2;7;1515;1;1;1;3;89
201400006984;14;4;10;730;2;1;1;2;89
201400006985;14;4;10;830;2;1;1;3;89
201400006986;14;4;24;1930;1;1;1;6;89
201400006987;14;4;27;2030;2;1;8;6;89
201400006988;14;6;4;1500;1;1;1;1;89
201400006989;14;6;12;1300;1;1;1;3;89
201400006990;14;7;2;1300;1;1;1;2;89
201400006991;14;8;29;2330;3;1;1;1;89
201400006992;14;9;7;415;3;1;1;7;89
201400006993;14;2;22;2000;3;1;2;7;89
201400006994;14;2;27;1030;1;1;2;3;89
201400006995;14;8;9;800;1;1;1;6;89
201400006996;14;8;29;1600;1;1;1;6;89
201400006997;14;9;6;1000;1;1;1;7;89
201400006998;14;9;20;2245;3;1;1;7;25
201400006999;14;10;31;1130;1;1;1;6;25
201400007000;14;11;21;1330;1;1;1;6;25
201400007001;14;6;7;1000;1;1;1;7;25
201400007002;14;3;15;1415;1;1;1;3;25
201400007003;14;1;23;1515;1;2;8;6;25
201400007004;14;5;3;1230;1;1;1;7;25
201400007005;14;5;18;1030;1;1;1;7;25
201400007006;14;5;18;1745;1;2;1;7;25
201400007007;14;8;20;1515;1;1;1;1;25
201400007008;14;9;6;1645;1;1;1;6;25
201400007009;14;11;8;1815;3;1;8;7;25
201400007010;14;11;30;1030;1;1;1;6;25
201400007011;14;1;1;1600;1;1;1;6;25
201400007012;14;6;15;1930;1;2;1;6;25
201400007013;14;6;17;2130;2;1;1;6;25
201400007014;14;8;22;2245;3;1;1;7;25
201400007015;14;11;22;1600;1;2;1;6;25
201400007016;14;12;10;1815;3;1;9;5;25
201400007017;14;12;9;1715;3;1;1;6;25
201400007018;14;1;2;1845;5;2;1;3;25
201400007019;14;1;6;1800;3;1;8;6;25
201400007020;14;5;1;1915;1;1;1;6;25
201400007021;14;6;30;1000;1;1;1;1;25
201400007022;14;7;2;45;3;2;1;6;25
201400007023;14;7;20;1215;1;1;1;6;25
201400007024;14;11;16;1400;1;1;2;1;25
201400007025;14;2;7;1915;3;1;1;3;25
201400007026;14;2;11;1330;1;1;1;2;25
201400007027;14;2;11;1230;1;1;1;6;25
201400007028;14;2;25;1700;1;1;2;3;25
201400007029;14;3;13;1145;1;1;1;5;25
201400007030;14;3;13;2215;3;1;1;6;25
201400007031;14;4;9;1700;1;1;1;2;25
201400007032;14;4;28;215;3;1;2;7;25
201400007033;14;4;29;1645;1;1;1;3;25
201400007034;14;6;1;300;3;1;1;6;25
201400007035;14;6;6;515;5;1;1;1;25
201400007036;14;9;25;1045;1;1;8;4;25
201400007037;14;9;14;2215;3;1;1;1;25
201400007038;14;10;10;1745;1;1;3;6;25
201400007039;14;10;25;2215;4;2;1;1;25
201400007040;14;11;2;1330;1;1;1;2;25
201400007041;14;2;27;1430;1;1;2;1;25
201400007042;14;3;2;1315;1;1;1;6;25
201400007043;14;4;21;1515;1;1;1;5;25
201400007044;14;5;13;715;1;1;2;1;25
201400007045;14;6;6;1230;1;1;1;3;25
201400007046;14;8;31;1430;1;1;1;1;25
201400007047;14;9;21;1230;1;1;1;1;25
201400007048;14;10;18;1700;1;1;1;7;25
201400007049;14;7;24;945;1;2;1;6;25
201400007050;14;1;18;1345;1;2;1;3;25
201400007051;14;2;12;730;2;1;9;7;25
201400007052;14;3;9;1600;1;1;1;7;25
201400007053;14;4;6;2115;3;1;1;6;25
201400007054;14;4;8;1245;1;1;1;6;25
201400007055;14;4;16;1600;1;2;1;6;25
201400007056;14;5;22;845;1;2;1;6;25
201400007057;14;6;25;1600;1;1;1;1;25
201400007058;14;8;30;1700;1;1;1;5;25
201400007059;14;9;28;1115;1;2;1;6;25
201400007060;14;10;24;1445;1;2;1;1;25
201400007061;14;11;27;745;2;2;2;6;25
201400007062;14;4;16;1730;1;1;1;7;25
201400007063;14;9;7;1400;1;1;1;1;25
201400007064;14;10;18;1130;1;1;1;7;25
201400007065;14;11;6;715;3;1;5;1;25
201400007066;14;6;17;1130;1;1;1;3;25
201400007067;14;11;16;45;3;1;8;7;25
201400007068;14;7;4;1745;1;1;2;6;25
201400007069;14;8;27;1730;1;2;1;3;25
201400007070;14;12;8;2345;5;2;1;6;25
201400007071;14;2;3;545;3;2;1;1;25
201400007072;14;4;7;915;1;1;1;2;25
201400007073;14;5;5;1845;1;1;1;7;25
201400007074;14;6;22;2145;3;1;1;6;25
201400007075;14;6;28;1315;1;1;1;1;25
201400007076;14;7;23;1015;1;2;1;1;25
201400007077;14;10;2;1345;1;2;1;3;25
201400007078;14;11;5;815;1;2;8;4;25
201400007079;14;12;23;2330;4;1;5;7;25
201400007080;14;3;13;1645;1;2;7;6;25
201400007081;14;4;18;1745;1;2;1;2;25
201400007082;14;6;7;2345;5;2;1;6;25
201400007083;14;6;14;330;3;2;1;6;25
201400007084;14;7;23;1715;1;1;1;2;25
201400007085;14;11;21;1800;5;2;1;1;25
201400007086;14;4;15;1400;1;1;1;1;25
201400007087;14;8;11;945;1;1;1;7;25
201400007088;14;4;16;815;1;2;7;6;25
201400007089;14;6;14;815;1;2;7;6;25
201400007090;14;2;4;2100;5;2;1;3;25
201400007091;14;2;19;1445;1;2;1;6;25
201400007092;14;3;21;1630;1;1;1;6;25
201400007093;14;3;21;2200;5;2;8;3;25
201400007094;14;6;16;1415;1;1;7;7;25
201400007095;14;6;24;1445;1;1;1;3;25
201400007096;14;6;30;1445;1;2;1;6;25
201400007097;14;8;22;945;1;2;1;1;25
201400007098;14;11;16;1730;1;1;1;6;25
201400007099;14;12;16;2330;5;2;1;6;25
201400007100;14;4;6;1530;1;1;7;1;25
201400007101;14;6;16;1415;1;1;1;6;25
201400007102;14;7;28;915;1;1;2;1;25
201400007103;14;8;9;915;1;1;2;1;25
201400007104;14;11;2;1500;1;1;1;6;25
201400007105;14;12;21;1100;1;1;1;6;25
201400007106;14;2;14;1900;3;1;1;6;25
201400007107;14;6;5;1345;1;1;1;2;25
201400007108;14;7;1;1515;1;1;1;6;25
201400007109;14;9;27;1115;1;1;1;3;25
201400007110;14;10;30;915;3;1;5;1;25
201400007111;14;12;20;1700;5;2;1;6;25
201400007112;14;1;8;2230;5;2;1;1;25
201400007113;14;2;3;1430;1;1;1;3;25
201400007114;14;3;11;1615;1;2;1;1;25
201400007115;14;9;3;1445;1;2;1;6;25
201400007116;14;9;24;1630;1;2;1;1;25
201400007117;14;10;20;1345;1;2;1;2;25
201400007118;14;11;26;1815;3;1;2;6;25
201400007119;14;1;10;1515;1;1;1;1;25
201400007120;14;3;17;1945;1;2;7;6;25
201400007121;14;3;19;1700;1;2;1;6;25
201400007122;14;3;22;1030;1;1;1;3;25
201400007123;14;8;7;1645;1;1;1;6;25
201400007124;14;8;28;1230;1;1;1;3;25
201400007125;14;9;12;1745;1;1;1;5;25
201400007126;14;10;24;1745;2;1;1;6;25
201400007127;14;11;21;430;3;1;5;6;25
201400007128;14;12;2;330;3;1;2;1;25
201400007129;14;6;27;1600;1;1;1;7;25
201400007130;14;6;27;1430;1;1;1;7;40
201400007131;14;4;21;1030;1;1;1;1;40
201400007132;14;5;10;1515;1;1;1;6;40
201400007133;14;7;5;1800;1;1;1;6;40
201400007134;14;7;17;1400;1;1;1;5;40
201400007135;14;10;16;745;2;1;3;2;40
201400007136;14;7;27;1130;1;1;1;1;39
201400007137;14;10;11;830;1;1;2;6;39
201400007138;14;11;9;1230;1;1;2;1;39
201400007139;14;8;23;1915;1;1;2;1;39
201400007140;14;9;1;1330;1;2;1;3;39
201400007141;14;6;9;1645;1;1;1;3;39
201400007142;14;2;18;2145;3;1;1;2;39
201400007143;14;3;27;2015;3;1;1;3;39
201400007144;14;4;26;30;3;1;1;1;39
201400007145;14;5;26;1545;1;1;3;6;39
201400007146;14;6;10;1900;1;1;1;2;39
201400007147;14;7;5;445;3;1;1;2;39
201400007148;14;8;12;1445;1;1;1;2;39
201400007149;14;8;21;315;3;1;1;2;39
201400007150;14;8;30;1545;1;1;1;6;39
201400007151;14;11;21;2145;3;1;1;6;39
201400007152;14;2;19;1445;1;1;1;2;39
201400007153;14;4;4;1600;1;1;1;6;39
201400007154;14;4;12;515;3;1;1;6;39
201400007155;14;5;10;430;3;1;1;2;39
201400007156;14;2;7;745;1;1;1;4;39
201400007157;14;2;10;1940;5;2;8;3;39
201400007158;14;2;14;2215;3;2;9;7;39
201400007159;14;2;22;500;2;1;1;1;39
201400007160;14;3;30;420;5;2;1;6;39
201400007161;14;4;8;900;1;1;1;3;39
201400007162;14;5;4;1500;1;1;1;6;39
201400007163;14;8;23;1100;1;1;8;6;39
201400007164;14;11;21;30;3;1;1;1;39
201400007165;14;12;16;1745;3;1;2;6;39
201400007166;14;1;8;1000;1;1;1;6;39
201400007167;14;2;2;900;1;1;1;7;39
201400007168;14;4;2;2145;3;1;1;6;39
201400007169;14;11;16;1715;2;1;3;6;39
201400007170;14;1;2;1415;1;2;1;6;39
201400007171;14;1;19;2015;3;1;1;2;39
201400007172;14;1;21;815;2;1;1;6;39
201400007173;14;2;10;1700;1;2;2;6;39
201400007174;14;4;19;1915;1;2;1;3;39
201400007175;14;8;3;1845;1;1;1;7;39
201400007176;14;8;5;1345;1;2;1;3;39
201400007177;14;8;6;1000;1;1;1;3;39
201400007178;14;8;11;1115;1;2;1;3;39
201400007179;14;8;23;1115;1;2;8;3;39
201400007180;14;10;18;1130;1;2;1;1;39
201400007181;14;10;26;1330;1;2;1;6;39
201400007182;14;12;6;1230;1;1;2;3;39
201400007183;14;12;14;730;5;2;3;3;39
201400007184;14;3;20;900;1;1;1;1;39
201400007185;14;4;21;1745;1;1;1;3;39
201400007186;14;5;18;1000;1;1;1;3;39
201400007187;14;5;24;330;3;1;1;6;39
201400007188;14;7;6;945;1;1;1;1;39
201400007189;14;7;21;1500;1;1;1;3;39
201400007190;14;8;30;1330;1;1;1;5;39
201400007191;14;12;2;1800;5;2;2;6;39
201400007192;14;1;17;1945;3;2;1;2;39
201400007193;14;5;25;1915;1;1;1;6;39
201400007194;14;6;9;1500;1;1;1;3;39
201400007195;14;6;25;1745;1;2;1;1;39
201400007196;14;7;26;1545;1;1;1;6;39
201400007197;14;7;27;1115;1;1;1;7;39
201400007198;14;8;23;1615;1;1;1;6;39
201400007199;14;10;5;530;3;1;3;6;39
201400007200;14;12;11;945;1;1;2;6;39
201400007201;14;12;23;1845;3;1;1;1;39
201400007202;14;1;21;745;3;1;1;2;39
201400007203;14;3;5;1430;1;1;1;2;39
201400007204;14;5;26;845;1;2;8;6;39
201400007205;14;6;14;2045;1;2;7;3;39
201400007206;14;6;23;1815;1;1;2;6;39
201400007207;14;8;28;1015;1;1;1;3;39
201400007208;14;9;12;1700;1;1;1;7;39
201400007209;14;9;14;800;1;2;1;6;39
201400007210;14;10;1;815;2;1;5;6;39
201400007211;14;10;5;1445;1;1;2;7;39
201400007212;14;1;6;900;1;2;1;3;39
201400007213;14;3;9;1830;1;1;1;3;39
201400007214;14;7;27;1430;1;1;1;6;39
201400007215;14;12;2;1700;3;1;2;3;39
201400007216;14;1;10;1515;1;1;7;5;39
201400007217;14;6;1;1630;1;1;1;3;39
201400007218;14;2;23;200;3;2;1;6;39
201400007219;14;3;14;1645;1;1;1;3;39
201400007220;14;5;17;1745;1;2;1;1;39
201400007221;14;7;26;2000;1;2;1;3;40
201400007222;14;8;2;1515;1;1;1;6;40
201400007223;14;8;24;1845;1;2;1;3;40
201400007224;14;2;3;1830;3;1;1;7;40
201400007225;14;8;6;1200;1;1;2;3;70
201400007226;14;8;25;1845;1;1;1;3;70
201400007227;14;9;16;1745;1;2;1;3;70
201400007228;14;9;27;1845;1;2;1;1;70
201400007229;14;10;23;2115;3;1;1;2;70
201400007230;14;3;31;2045;3;1;1;3;70
201400007231;14;4;10;1400;1;2;1;3;70
201400007232;14;5;31;2000;1;1;1;3;70
201400007233;14;1;1;515;3;1;8;3;70
201400007234;14;1;4;1815;3;1;2;2;70
201400007235;14;1;10;1630;1;1;1;3;70
201400007236;14;1;26;1915;3;1;2;1;70
201400007237;14;2;18;1800;2;1;1;2;70
201400007238;14;4;24;315;3;1;1;6;70
201400007239;14;10;28;1030;1;1;1;7;70
201400007240;14;11;8;845;1;1;8;3;70
201400007241;14;11;24;1000;1;1;1;3;70
201400007242;14;2;21;1130;1;1;1;6;70
201400007243;14;2;23;600;3;1;1;6;70
201400007244;14;2;26;2200;5;2;8;1;70
201400007245;14;3;17;1730;1;2;1;6;70
201400007246;14;3;18;1045;1;2;1;3;70
201400007247;14;4;19;1815;1;2;8;6;70
201400007248;14;6;2;1145;1;2;1;6;70
201400007249;14;6;27;815;1;1;1;7;70
201400007250;14;7;20;1000;1;1;1;7;70
201400007251;14;7;27;1800;1;2;1;6;70
201400007252;14;10;2;1945;5;2;1;2;70
201400007253;14;4;21;930;1;2;2;6;70
201400007254;14;6;13;1930;1;2;1;6;70
201400007255;14;6;30;600;2;1;5;6;70
201400007256;14;8;17;1945;1;1;1;7;70
201400007257;14;11;3;715;2;1;2;2;70
201400007258;14;11;5;1730;2;1;1;6;70
201400007259;14;1;3;1945;5;2;2;5;70
201400007260;14;4;19;145;3;1;1;6;70
201400007261;14;4;23;130;3;1;1;6;70
201400007262;14;4;24;1545;1;1;1;7;70
201400007263;14;5;1;2200;3;1;2;1;70
201400007264;14;5;29;1645;1;1;1;2;70
201400007265;14;7;17;1730;1;1;1;1;70
201400007266;14;8;17;1130;1;2;1;3;70
201400007267;14;9;27;1515;1;1;1;5;70
201400007268;14;12;1;1530;1;2;1;1;70
201400007269;14;2;20;815;1;1;5;1;70
201400007270;14;10;8;1445;1;1;1;6;70
201400007271;14;1;10;1715;5;2;1;3;70
201400007272;14;1;18;1545;1;1;1;6;70
201400007273;14;3;23;1915;3;2;1;7;70
201400007274;14;4;4;1345;1;2;1;3;70
201400007275;14;6;2;2115;2;2;1;1;70
201400007276;14;6;22;1030;1;1;1;6;70
201400007277;14;7;17;2130;2;1;1;7;70
201400007278;14;8;4;1130;1;1;1;3;70
201400007279;14;9;3;1615;1;1;1;1;70
201400007280;14;9;5;1845;1;2;1;1;70
201400007281;14;9;24;730;1;1;1;5;70
201400007282;14;9;29;1600;1;1;1;1;70
201400007283;14;12;2;1700;2;1;1;7;70
201400007284;14;4;22;2345;5;1;1;6;70
201400007285;14;5;24;1730;1;2;1;7;70
201400007286;14;6;5;1730;1;2;1;1;70
201400007287;14;6;21;1415;1;2;1;1;70