Num_Acc;an;mois;jour;hrmn;lum;agg;atm;col;dep
201400007288;14;8;28;1400;1;2;1;6;70
201400007289;14;3;6;1715;1;2;1;1;70
201400007290;14;4;11;1945;1;2;1;5;70
201400007291;14;7;18;1830;1;1;1;3;70
201400007292;14;7;26;1830;1;2;1;1;70
201400007293;14;10;18;1315;1;1;1;6;70
201400007294;14;10;31;1130;1;2;1;3;70
201400007295;14;11;7;1800;5;2;2;6;70
201400007296;14;1;31;1845;3;1;1;6;90
201400007297;14;6;9;1315;1;1;7;1;90
201400007298;14;7;11;1645;1;2;2;3;90
201400007299;14;9;29;1615;1;2;1;2;90
201400007300;14;12;4;715;2;2;5;6;90
201400007301;14;2;26;1530;1;1;1;6;90
201400007302;14;3;8;1000;1;2;1;6;90
201400007303;14;4;10;1815;1;1;1;1;90
201400007304;14;6;14;1630;1;2;1;3;90
201400007305;14;6;23;945;1;2;1;1;90
201400007306;14;7;24;2215;3;1;1;3;90
201400007307;14;1;30;1900;3;1;9;6;90
201400007308;14;4;11;1700;1;1;1;1;90
201400007309;14;5;5;1045;1;1;1;7;90
201400007310;14;8;2;1345;1;2;9;3;90
201400007311;14;8;23;400;3;1;1;7;90
201400007312;14;8;24;1445;1;1;1;7;90
201400007313;14;10;10;900;1;1;2;1;90
201400007314;14;10;13;1330;1;1;1;3;90
201400007315;14;11;1;1445;1;1;1;6;90
201400007316;14;11;28;1700;5;2;1;3;90
201400007317;14;11;29;1915;3;1;1;6;90
201400007318;14;6;22;45;3;1;1;6;90
201400007319;14;6;3;1630;1;2;1;3;90
201400007320;14;6;3;1100;1;1;2;6;90
201400007321;14;7;6;2200;3;1;8;3;90
201400007322;14;8;24;930;1;1;1;6;90
201400007323;14;10;20;1045;1;2;1;6;90
201400007324;14;10;24;1730;1;2;1;2;26
201400007325;14;3;12;1330;1;1;1;1;26
201400007326;14;4;11;1330;1;2;1;7;38
201400007327;14;7;12;2345;3;1;8;6;38
201400007328;14;7;24;1930;1;1;1;3;38
201400007329;14;7;31;945;1;2;7;3;38
201400007330;14;12;24;200;3;1;9;6;26
201400007331;14;1;17;1345;1;1;1;3;38
201400007332;14;1;30;700;3;1;1;5;26
201400007333;14;2;22;1830;5;2;4;3;38
201400007334;14;3;9;1545;1;1;1;6;38
201400007335;14;3;19;1815;1;1;1;6;26
201400007336;14;4;10;1130;1;1;1;6;26
201400007337;14;4;13;1330;1;1;1;6;26
201400007338;14;5;11;515;2;2;2;6;26
201400007339;14;6;11;1930;1;1;1;2;26
201400007340;14;4;20;1730;1;1;1;7;26
201400007341;14;7;12;1415;1;2;1;3;26
201400007342;14;7;24;1145;1;2;1;1;26
201400007343;14;8;22;1145;1;1;1;1;26
201400007344;14;8;30;1315;1;1;1;2;26
201400007345;14;9;14;930;1;1;1;1;26
201400007346;14;11;10;1430;1;2;1;1;26
201400007347;14;11;29;400;5;2;1;2;26
201400007348;14;12;14;430;3;1;1;6;26
201400007349;14;2;1;630;3;1;1;6;26
201400007350;14;3;16;430;3;1;1;6;26
201400007351;14;3;25;545;3;1;1;5;26
201400007352;14;4;10;1600;1;1;1;6;26
201400007353;14;5;20;1700;1;2;1;3;26
201400007354;14;6;1;1445;1;1;1;1;26
201400007355;14;6;7;430;3;1;1;7;26
201400007356;14;6;8;1330;1;1;1;7;26
201400007357;14;7;5;600;2;1;1;6;26
201400007358;14;8;17;1830;1;1;1;3;26
201400007359;14;8;26;1015;1;1;3;3;26
201400007360;14;9;19;1030;1;1;1;3;26
201400007361;14;11;14;1900;3;1;2;1;26
201400007362;14;12;27;1300;1;1;4;1;26
201400007363;14;1;4;2000;3;1;9;6;26
201400007364;14;1;11;330;3;1;9;6;26
201400007365;14;2;2;1630;1;1;1;1;26
201400007366;14;3;24;945;1;1;4;4;26
201400007367;14;4;4;2245;3;1;1;5;26
201400007368;14;4;13;1200;1;1;1;6;26
201400007369;14;4;18;1545;1;1;2;6;26
201400007370;14;4;23;1815;1;1;4;4;26
201400007371;14;6;12;1015;1;1;1;6;26
201400007372;14;1;23;1415;1;1;2;1;26
201400007373;14;2;15;300;5;1;1;6;26
201400007374;14;3;9;1700;1;2;1;3;26
201400007375;14;3;13;1345;1;1;1;1;26
201400007376;14;5;15;1400;1;1;1;6;26
201400007377;14;6;11;1745;1;2;1;3;26
201400007378;14;6;18;1015;1;1;7;1;26
201400007379;14;7;10;2015;3;1;2;6;26
201400007380;14;7;18;45;3;1;1;7;26
201400007381;14;7;22;1300;1;1;2;1;26
201400007382;14;8;6;1730;1;1;1;3;26
201400007383;14;9;21;1900;2;1;3;1;26
201400007384;14;9;25;1815;1;1;1;5;26
201400007385;14;9;27;1930;2;1;1;3;26
201400007386;14;10;4;1730;1;1;1;5;26
201400007387;14;10;18;1630;1;1;1;1;26
201400007388;14;11;11;1330;1;1;1;7;26
201400007389;14;11;15;1645;2;1;2;1;26
201400007390;14;11;29;1415;1;2;1;5;26
201400007391;14;1;22;1145;1;2;7;6;26
201400007392;14;1;28;1435;1;2;1;5;26
201400007395;14;7;9;2035;2;2;1;6;26
201400007396;14;7;17;25;5;2;1;6;13
201400007399;14;10;11;1530;1;2;2;7;13
201400007400;14;12;6;1205;1;2;1;6;13
201400007401;14;1;15;600;3;1;9;1;13
201400007402;14;6;19;1315;1;1;1;6;13
201400007403;14;7;27;1445;1;1;1;7;13
201400007404;14;8;30;1445;1;2;1;3;13
201400007405;14;10;26;1;3;2;1;7;13
201400007406;14;11;16;1900;1;1;1;1;13
201400007407;14;12;2;1815;2;2;2;6;13
201400007408;14;12;18;730;3;2;3;6;13
201400007409;14;12;18;730;3;1;3;1;13
201400007410;14;3;8;1945;3;1;1;1;13
201400007411;14;8;31;515;5;2;1;7;13
201400007412;14;4;15;1215;1;1;1;1;13
201400007413;14;5;31;1615;1;1;1;7;13
201400007414;14;9;7;1230;1;1;1;1;13
201400007415;14;9;14;1545;1;1;1;3;13
201400007416;14;9;27;1500;1;1;1;6;13
201400007417;14;9;27;1700;1;1;1;6;13
201400007418;14;10;16;2100;3;1;2;3;13
201400007419;14;12;24;1130;1;1;9;7;13
201400007420;14;8;17;1100;1;1;7;6;13
201400007421;14;6;6;1800;1;1;1;5;13
201400007422;14;8;5;1545;1;1;1;5;13
201400007423;14;9;24;1030;1;1;1;6;13
201400007424;14;10;6;945;1;1;1;7;13
201400007425;14;4;14;615;2;1;1;1;13
201400007426;14;5;6;1300;1;2;1;6;13
201400007427;14;7;6;2245;5;2;2;5;13
201400007428;14;7;14;1830;1;1;1;3;13
201400007429;14;10;2;1830;1;1;1;6;13
201400007430;14;7;3;1800;1;1;1;1;13
201400007431;14;11;22;1115;1;1;1;3;13
201400007432;14;7;27;915;1;2;1;1;13
201400007433;14;1;10;1430;1;2;7;6;13
201400007434;14;1;30;630;3;1;1;3;13
201400007435;14;7;4;700;2;1;1;1;13
201400007436;14;7;5;1730;1;1;1;1;13
201400007437;14;7;13;1430;1;1;1;1;13
201400007438;14;8;1;1245;1;1;1;1;13
201400007439;14;9;20;2030;3;1;1;6;13
201400007440;14;11;16;2215;3;1;3;7;13
201400007441;14;11;21;1100;1;2;1;6;13
201400007442;14;1;8;1530;1;2;1;6;13
201400007443;14;3;29;1515;1;1;1;7;13
201400007444;14;4;11;1945;1;1;1;1;13
201400007445;14;8;5;830;1;2;1;1;13
201400007446;14;9;6;1200;1;2;1;6;13
201400007447;14;11;9;1000;1;1;2;1;13
201400007448;14;4;8;1445;1;1;1;3;13
201400007449;14;3;30;1915;1;2;1;6;13
201400007450;14;4;25;730;1;1;1;7;13
201400007451;14;6;22;1000;1;1;1;3;13
201400007452;14;8;12;1400;1;1;1;2;13
201400007453;14;9;10;1130;1;2;1;2;13
201400007454;14;9;27;945;1;2;1;3;13
201400007455;14;11;1;145;3;2;1;7;13
201400007456;14;11;19;1745;3;1;1;3;13
201400007457;14;12;31;1715;2;2;1;6;13
201400007458;14;1;18;2030;3;1;2;6;13
201400007459;14;1;21;1145;1;1;1;1;13
201400007460;14;2;6;1845;3;1;1;6;13
201400007461;14;6;9;1700;1;1;1;6;13
201400007462;14;6;21;1645;1;1;1;1;13
201400007463;14;11;3;1415;1;1;8;5;13
201400007464;14;11;7;1745;2;2;8;6;13
201400007465;14;12;14;400;3;1;2;7;13
201400007466;14;3;31;1545;1;2;1;2;13
201400007467;14;4;6;2300;4;1;1;6;13
201400007468;14;4;17;1715;1;1;1;1;13
201400007469;14;5;4;1130;1;1;1;6;13
201400007470;14;5;8;1645;1;1;1;7;13
201400007471;14;7;22;1300;1;1;2;5;13
201400007472;14;7;29;1015;1;1;2;3;13
201400007473;14;8;23;745;1;1;1;5;13
201400007474;14;9;10;1700;1;1;2;7;13
201400007475;14;9;27;1630;1;2;1;1;13
201400007476;14;10;6;815;1;1;5;1;13
201400007477;14;10;26;1445;1;1;1;6;13
201400007478;14;10;31;2130;3;1;1;6;13
201400007479;14;12;11;1330;1;2;2;6;13
201400007480;14;4;8;1045;1;1;2;5;13
201400007481;14;5;24;1715;1;1;1;6;13
201400007482;14;10;12;1415;1;1;8;1;13
201400007483;14;10;18;1130;1;1;1;3;13
201400007484;14;10;26;1715;1;1;1;4;13
201400007485;14;11;30;700;2;1;2;6;13
201400007486;14;1;2;1225;1;2;8;6;13
201400007489;14;5;14;1705;1;2;1;3;13
201400007490;14;6;25;935;1;1;1;5;13
201400007491;14;9;23;1415;1;2;1;4;13
201400007492;14;2;4;1715;1;1;1;5;13
201400007493;14;3;12;745;1;1;1;3;13
201400007494;14;9;17;1935;1;1;1;4;13
201400007495;14;9;19;1530;1;1;1;7;13
201400007496;14;6;25;1030;1;1;7;5;13
201400007497;14;7;12;30;3;1;1;6;13
201400007498;14;9;16;1645;1;1;1;1;13
201400007499;14;1;17;2045;3;1;1;1;13
201400007500;14;1;27;815;1;1;1;5;13
201400007501;14;2;14;815;4;1;2;7;13
201400007502;14;6;16;1745;1;2;1;6;13
201400007503;14;8;1;1545;1;1;1;6;13
201400007504;14;10;30;1600;1;1;1;3;13
201400007505;14;12;1;1800;3;1;1;6;13
201400007506;14;12;1;1400;1;1;8;2;13
201400007507;14;12;3;2015;3;1;1;1;13
201400007508;14;12;7;445;3;1;1;6;13
201400007509;14;12;9;1615;1;2;8;7;13
201400007510;14;4;10;1245;1;1;1;7;13
201400007511;14;5;4;2130;3;1;1;6;13
201400007512;14;9;11;1530;1;1;1;1;13
201400007513;14;9;14;145;5;1;1;3;13
201400007514;14;9;14;1130;1;1;1;6;13
201400007515;14;11;1;1000;1;2;1;1;13
201400007516;14;1;13;1200;1;1;2;1;13
201400007517;14;2;18;600;3;1;1;2;13
201400007518;14;3;20;2015;1;1;1;5;13
201400007519;14;5;10;1430;1;1;1;7;13
201400007520;14;9;5;1700;1;1;1;6;13
201400007521;14;9;14;515;3;1;5;6;13
201400007522;14;10;15;700;2;1;5;6;13
201400007523;14;10;17;1315;1;2;1;1;13
201400007524;14;10;27;1400;1;2;1;6;13
201400007525;14;11;23;1600;1;2;1;3;13
201400007526;14;2;19;1600;1;2;1;6;13
201400007527;14;3;23;1845;3;2;1;3;13
201400007528;14;4;13;1700;1;1;1;3;13
201400007529;14;6;21;1545;1;1;1;7;13
201400007530;14;7;13;600;1;2;1;6;13
201400007531;14;8;20;1900;1;2;1;1;13
201400007532;14;9;8;1045;1;1;1;1;13
201400007533;14;10;31;1515;1;2;1;6;13
201400007534;14;1;18;1100;1;1;8;1;13
201400007535;14;2;5;130;3;1;9;7;13
201400007536;14;3;26;2030;3;1;1;5;13
201400007537;14;5;15;1730;1;1;1;3;13
201400007538;14;6;1;1130;1;1;1;1;13
201400007539;14;8;25;1030;1;1;1;3;13
201400007540;14;9;29;1430;1;1;1;1;13
201400007541;14;12;3;1345;1;1;1;7;13
201400007542;14;1;16;1215;1;2;2;3;13
201400007543;14;2;1;1930;5;2;2;6;13
201400007544;14;6;18;845;1;2;1;6;13
201400007545;14;7;6;630;3;1;1;1;13
201400007546;14;12;9;1730;3;1;1;4;13
201400007547;14;12;17;1800;3;1;3;3;13
201400007548;14;3;9;945;1;1;1;6;13
201400007549;14;7;3;1700;1;1;1;3;13
201400007550;14;11;30;1600;1;1;1;6;13
201400007551;14;12;17;1745;3;1;3;6;13
201400007552;14;1;28;715;3;1;1;2;13
201400007553;14;3;12;1500;1;2;1;6;40
201400007554;14;3;20;1545;1;2;1;2;40
201400007555;14;6;18;1615;1;2;1;3;40
201400007556;14;9;19;1615;1;2;1;1;40
201400007557;14;10;11;1330;1;2;1;7;40
201400007558;14;11;15;1400;1;2;1;6;40
201400007559;14;12;7;1415;1;2;1;6;40
201400007560;14;8;19;1230;1;1;7;7;40
201400007561;14;10;23;730;2;1;8;7;40
201400007562;14;7;13;715;1;1;8;6;40
201400007563;14;2;1;2000;5;2;2;6;40
201400007564;14;5;20;1800;1;1;1;3;40
201400007565;14;6;24;300;3;1;1;6;40
201400007566;14;8;7;2200;2;1;8;6;40
201400007567;14;9;21;1730;1;2;2;6;40
201400007568;14;11;1;1100;1;1;1;6;40
201400007569;14;11;29;800;2;2;1;6;40
201400007570;14;2;27;831;1;1;9;1;40
201400007571;14;3;2;15;5;2;1;6;40
201400007572;14;9;6;1715;1;2;1;1;40
201400007573;14;11;21;1600;5;2;1;6;40
201400007574;14;12;9;1900;3;1;2;5;40
201400007575;14;3;14;1230;1;1;1;1;40
201400007576;14;3;28;1415;1;1;1;5;40
201400007577;14;3;29;1215;1;1;1;6;40
201400007578;14;4;4;1715;1;2;1;3;40
201400007579;14;4;17;1815;1;1;1;3;40
201400007580;14;6;30;900;1;1;1;5;40
201400007581;14;7;31;1445;1;1;3;5;40
201400007582;14;8;1;1945;1;1;1;6;40
201400007583;14;8;7;1830;1;2;1;1;40
201400007584;14;8;19;1515;1;1;3;1;40
201400007585;14;9;3;1630;1;1;2;1;40
201400007586;14;9;7;1345;1;1;2;1;40
201400007587;14;9;20;830;1;2;2;3;40
201400007588;14;11;29;1115;1;1;1;6;40
201400007589;14;2;21;546;3;1;3;6;40
201400007590;14;11;20;730;2;1;5;7;40
201400007591;14;1;13;715;2;1;1;7;40
201400007592;14;5;9;1530;1;1;1;1;40
201400007593;14;6;29;1730;1;1;2;6;40
201400007594;14;7;6;615;2;1;1;6;40
201400007595;14;7;17;1445;1;1;1;4;40
201400007596;14;8;4;1115;1;1;1;2;40
201400007597;14;9;10;1130;1;1;1;3;40
201400007598;14;10;31;1645;1;1;1;5;40
201400007599;14;11;4;1415;1;1;3;2;40
201400007600;14;11;29;445;3;1;1;2;40
201400007601;14;12;31;1430;1;1;1;4;40
201400007602;14;1;4;1730;3;1;2;3;40
201400007603;14;1;9;915;1;2;1;2;40
201400007604;14;1;23;1630;1;1;1;6;40
201400007605;14;1;22;1915;3;1;1;3;40
201400007606;14;2;2;1500;1;1;1;7;40
201400007607;14;2;8;2215;3;1;2;1;40
201400007608;14;2;15;1445;1;1;1;1;40
201400007609;14;2;17;1630;1;1;1;1;40
201400007610;14;2;22;900;1;2;1;2;40
201400007611;14;3;6;745;1;1;1;3;40
201400007612;14;3;8;1900;3;1;1;2;40
201400007613;14;3;14;1030;1;1;1;1;40
201400007614;14;3;30;1915;1;1;1;5;40
201400007615;14;3;31;1530;1;1;1;5;40
201400007616;14;3;31;930;1;1;1;5;40
201400007617;14;4;10;2130;3;1;1;6;40
201400007618;14;4;12;1945;1;1;1;2;40
201400007619;14;4;17;1345;1;1;1;6;40
201400007620;14;4;22;1615;1;2;1;3;40
201400007621;14;4;26;2015;3;1;3;3;40
201400007622;14;5;14;1400;1;1;1;3;40
201400007623;14;5;21;1315;1;1;1;5;40
201400007624;14;5;25;1900;1;1;1;6;40
201400007625;14;5;26;1530;1;1;1;6;40
201400007626;14;5;27;745;1;1;1;7;40
201400007627;14;6;1;715;1;1;1;2;40
201400007628;14;6;24;800;1;1;1;3;40
201400007629;14;6;8;845;1;1;1;3;40
201400007630;14;6;1;1030;1;1;1;7;40
201400007631;14;6;19;1800;1;1;1;6;40
201400007632;14;6;22;1900;1;1;1;3;40
201400007633;14;7;8;1845;1;1;2;7;40
201400007634;14;7;10;1145;1;2;2;6;40
201400007635;14;7;21;900;1;1;1;1;40
201400007636;14;7;31;1845;1;1;1;1;40
201400007637;14;7;31;1645;1;1;1;7;40
201400007638;14;8;6;1745;1;1;1;5;40
201400007639;14;8;31;2015;2;1;1;6;40
201400007640;14;9;11;1745;1;2;1;1;40
201400007641;14;9;11;1715;1;1;1;3;40
201400007642;14;9;19;900;1;1;2;1;40
201400007643;14;9;24;1000;1;2;1;6;40
201400007644;14;9;30;945;1;1;1;1;40
201400007645;14;9;28;1700;1;2;1;6;40
201400007646;14;10;4;445;3;1;1;6;40
201400007647;14;10;6;1115;1;1;1;1;40
201400007648;14;10;12;900;3;1;1;6;40
201400007649;14;10;15;1815;2;1;1;3;40
201400007650;14;10;18;1430;1;1;1;7;40
201400007651;14;10;23;1545;1;1;1;2;40
201400007652;14;10;27;1300;1;1;1;7;40
201400007653;14;10;23;1430;1;1;1;3;40
201400007654;14;11;16;900;1;1;1;6;40
201400007655;14;11;3;630;1;1;2;6;40
201400007656;14;12;13;30;3;1;1;6;40
201400007657;14;11;19;1315;1;1;1;1;40
201400007658;14;12;19;1645;1;1;1;3;40
201400007659;14;12;20;2000;1;1;1;1;40
201400007660;14;12;21;430;3;1;1;6;40
201400007661;14;12;22;1545;1;1;1;5;40
201400007662;14;12;24;1200;1;1;1;3;40
201400007663;14;2;1;915;1;1;9;1;40
201400007664;14;8;5;1700;1;1;1;1;40
201400007665;14;8;6;1600;1;1;1;1;40
201400007666;14;8;14;930;1;1;1;6;40
201400007667;14;12;9;1745;3;1;1;6;40
201400007668;14;12;23;1100;1;2;1;4;40
201400007669;14;12;24;1445;1;1;1;3;40
201400007670;14;2;15;1645;1;1;1;3;40
201400007671;14;2;27;645;2;1;1;1;40
201400007672;14;3;19;1230;1;1;1;1;40
201400007673;14;7;1;600;2;1;1;6;40
201400007674;14;7;18;1900;1;1;1;1;40
201400007675;14;7;19;430;3;1;1;6;40
201400007676;14;10;3;2015;3;2;1;7;50
201400007677;14;10;15;900;3;1;1;3;50
201400007678;14;11;25;1030;1;1;3;1;50
201400007679;14;12;25;215;3;1;1;6;50
201400007680;14;7;31;1030;1;1;1;5;50
201400007681;14;1;14;1645;1;2;1;2;50
201400007682;14;2;11;630;3;1;1;5;50
201400007683;14;2;25;200;5;2;1;6;50
201400007684;14;2;27;1330;1;1;1;2;50
201400007685;14;3;17;645;1;1;1;2;50
201400007686;14;3;28;2115;3;2;1;7;50
201400007687;14;4;14;1330;1;2;1;6;50
201400007688;14;5;6;800;1;2;1;3;50
201400007689;14;6;5;800;1;2;1;2;50
201400007690;14;6;17;945;1;2;1;5;50
201400007691;14;7;1;1500;1;1;1;3;50
201400007692;14;8;3;1015;1;1;1;3;50
201400007693;14;8;18;1530;1;2;1;6;50
201400007694;14;10;5;1900;2;1;1;2;50
201400007695;14;9;7;1745;1;2;1;6;50
201400007696;14;10;14;830;1;1;1;3;50
201400007697;14;10;13;1630;1;2;1;3;50
201400007698;14;10;18;1600;1;1;1;7;50
201400007699;14;10;19;2030;4;1;1;2;50
201400007700;14;11;2;1930;5;2;1;6;50
201400007701;14;11;8;830;1;1;1;7;50
201400007702;14;11;18;1430;1;2;1;3;50
201400007703;14;3;26;745;1;1;1;5;50
201400007704;14;5;28;1630;1;1;1;6;50
201400007705;14;6;5;1745;1;1;1;1;50
201400007706;14;6;19;1500;1;1;1;1;50
201400007707;14;8;23;745;2;1;1;1;50
201400007708;14;10;22;1845;3;2;1;3;50
201400007709;14;10;26;1630;1;1;1;5;50
201400007710;14;11;10;1145;1;1;1;1;50
201400007711;14;1;6;1615;1;2;1;6;50
201400007712;14;2;13;1900;5;2;2;3;50
201400007713;14;4;10;1700;1;1;1;3;50
201400007714;14;4;13;1715;1;1;1;6;50
201400007715;14;7;24;1400;1;2;1;5;50
201400007716;14;9;30;930;2;1;3;3;50
201400007717;14;1;28;1545;1;1;1;5;60
201400007718;14;4;14;1200;1;1;1;1;60
201400007719;14;4;17;930;1;1;1;1;60
201400007720;14;6;27;930;1;1;1;6;60
201400007721;14;9;16;745;1;1;7;3;60
201400007722;14;12;14;400;3;1;2;7;60
201400007723;14;1;28;1645;1;1;1;1;60
201400007724;14;3;12;1830;1;2;1;6;60
201400007725;14;5;23;1645;1;1;1;3;60
201400007726;14;6;5;1600;1;1;1;6;60
201400007727;14;6;6;700;1;1;1;7;60
201400007728;14;6;8;1915;1;1;1;3;60
201400007729;14;6;14;1230;1;1;1;7;60
201400007730;14;7;14;15;3;1;1;7;60
201400007731;14;7;13;1445;1;1;1;1;60
201400007732;14;8;23;1530;1;1;1;7;60
201400007733;14;9;6;1115;1;1;1;3;60
201400007734;14;9;20;1900;2;1;1;3;60
201400007735;14;1;16;2000;3;1;3;5;60
201400007736;14;2;11;1145;1;2;1;6;60
201400007737;14;4;9;845;1;2;1;1;60
201400007738;14;5;19;1415;1;1;1;1;60
201400007739;14;10;9;715;2;1;1;5;60
201400007740;14;10;18;1645;1;1;1;3;60
201400007741;14;5;22;30;5;2;1;3;60
201400007742;14;8;1;1730;1;1;1;1;60
201400007743;14;1;3;1015;1;1;2;1;60
201400007744;14;6;17;1415;1;1;1;7;60
201400007745;14;7;5;1915;1;1;1;7;60
201400007746;14;7;25;1800;1;2;1;3;60
201400007747;14;8;16;1445;1;1;1;7;60
201400007748;14;8;21;1030;1;1;1;2;60
201400007749;14;8;26;930;1;1;1;3;60
201400007750;14;11;8;1345;1;2;1;6;60
201400007751;14;12;19;1745;2;1;1;6;60
201400007752;14;1;21;1700;1;1;1;3;60
201400007753;14;5;9;1545;1;2;1;1;60
201400007754;14;6;8;2245;3;2;1;6;60
201400007755;14;7;3;530;2;1;1;6;60
201400007756;14;8;1;1500;1;1;1;1;60
201400007757;14;9;29;2000;3;1;1;3;60
201400007758;14;12;20;1030;1;2;1;6;60
201400007759;14;1;26;1600;1;1;1;1;60
201400007760;14;2;22;1445;1;1;1;3;60
201400007761;14;8;4;1815;1;1;1;3;60
201400007762;14;4;3;15;5;2;1;6;60
201400007763;14;6;4;1545;1;1;1;1;60
201400007764;14;6;4;1830;1;1;1;3;60
201400007765;14;6;11;815;1;1;1;3;60
201400007766;14;8;15;2330;3;1;1;1;60
201400007767;14;1;23;1030;1;2;1;6;60
201400007768;14;1;25;1830;3;2;1;3;60
201400007769;14;8;30;830;1;1;1;2;60
201400007770;14;9;12;1130;1;2;1;2;60
201400007771;14;9;25;1600;1;1;1;6;60
201400007772;14;3;5;1845;2;2;1;3;60
201400007773;14;8;5;2130;3;1;1;1;60
201400007774;14;10;18;1000;1;1;1;1;60
201400007775;14;1;11;1745;3;1;1;1;60
201400007776;14;1;21;1615;1;2;1;2;60
201400007777;14;3;5;1030;1;2;1;6;60
201400007778;14;5;16;1730;1;2;1;3;60
201400007779;14;5;19;2000;1;1;1;1;60
201400007780;14;7;15;1000;1;2;1;6;60
201400007781;14;7;26;1830;1;2;1;5;60
201400007782;14;8;14;330;5;2;1;1;60
201400007783;14;8;19;1530;1;2;1;3;60
201400007784;14;8;31;1200;1;1;1;3;60
201400007785;14;9;5;1515;1;1;1;3;60
201400007786;14;9;14;1145;1;1;1;1;60
201400007787;14;11;9;1430;1;1;2;1;60
201400007788;14;12;18;1945;3;1;1;6;60
201400007789;14;2;21;1745;1;2;1;6;60
201400007790;14;6;12;1200;1;2;1;6;60
201400007791;14;6;18;1600;1;1;1;6;60
201400007792;14;7;26;2000;1;2;1;7;60
201400007793;14;8;10;1130;1;2;1;6;60
201400007794;14;8;29;2145;3;1;1;6;60
201400007795;14;9;9;2045;3;1;1;6;60
201400007796;14;9;21;1500;1;1;1;6;60
201400007797;14;11;19;1545;1;1;1;1;60
201400007798;14;3;28;845;1;2;7;1;60
201400007799;14;6;6;830;1;1;1;2;60
201400007800;14;2;23;2130;3;1;1;1;60
201400007801;14;3;24;845;1;2;1;6;60
201400007802;14;5;27;2230;5;2;1;2;60
201400007803;14;5;28;1930;1;1;1;6;60
201400007804;14;10;26;2045;5;2;1;7;60
201400007805;14;4;3;1015;1;1;1;1;60
201400007806;14;5;25;1630;1;1;1;2;60
201400007807;14;7;7;1915;1;2;1;6;83
201400007808;14;7;9;1715;2;1;1;5;83
201400007809;14;8;4;2030;2;1;1;6;83
201400007810;14;10;3;1445;1;2;1;1;83
201400007811;14;5;13;915;1;1;1;3;83
201400007812;14;5;15;2315;5;2;1;6;83
201400007813;14;3;6;1500;1;1;1;3;83
201400007814;14;3;9;1300;1;1;7;1;83
201400007815;14;5;17;2145;2;1;1;7;83
201400007816;14;6;5;1500;1;1;1;5;83
201400007817;14;6;17;1530;1;1;1;2;83
201400007818;14;9;19;1845;1;1;1;3;83
201400007819;14;10;20;345;3;1;1;6;83
201400007820;14;3;10;1730;1;1;1;6;83
201400007821;14;3;11;1745;2;2;1;3;83
201400007822;14;3;27;1315;1;1;1;5;83
201400007823;14;5;30;2030;1;1;2;1;83
201400007824;14;5;31;200;3;1;2;6;83
201400007825;14;6;17;1430;1;1;1;3;83
201400007826;14;7;21;1530;1;1;1;1;83
201400007827;14;7;28;500;3;1;1;6;83
201400007828;14;9;9;1100;1;1;1;6;83
201400007829;14;10;1;945;1;1;1;1;83
201400007830;14;10;3;1645;1;1;1;7;83
201400007831;14;10;22;1700;1;1;1;5;83
201400007832;14;11;6;2330;5;1;1;6;83
201400007833;14;12;5;2200;3;1;1;6;83
201400007834;14;3;9;1600;1;1;1;5;83
201400007835;14;3;23;1215;1;2;1;6;83
201400007836;14;4;28;1545;1;2;1;6;83
201400007837;14;5;31;400;3;1;1;1;83
201400007838;14;9;10;2245;3;1;1;7;83
201400007839;14;10;13;1200;1;1;8;7;83
201400007840;14;12;9;1515;1;1;1;1;83
201400007841;14;12;21;1900;3;1;1;3;83
201400007842;14;1;17;915;1;1;8;7;83
201400007843;14;2;12;700;2;1;1;5;83
201400007844;14;2;12;915;1;1;9;7;83
201400007845;14;4;10;1715;1;1;1;1;83
201400007846;14;4;22;1530;1;1;1;6;83
201400007847;14;7;9;700;1;1;1;7;83
201400007848;14;8;1;1245;1;1;1;1;83
201400007849;14;8;25;945;1;2;1;1;83
201400007850;14;11;20;430;1;1;1;2;83
201400007851;14;11;21;1100;1;1;1;6;83
201400007852;14;4;22;1800;2;1;2;7;83
201400007853;14;4;21;1745;1;1;2;7;83
201400007854;14;7;6;1900;1;1;1;6;83
201400007855;14;7;15;1145;1;1;1;1;83
201400007856;14;7;16;1200;1;1;1;6;83
201400007857;14;7;28;1615;1;1;1;7;83
201400007858;14;8;15;2030;2;1;1;6;83
201400007859;14;8;21;1815;1;1;1;7;83
201400007860;14;5;27;1930;1;1;1;7;83
201400007861;14;8;9;1445;1;1;1;5;83
201400007862;14;8;16;1345;1;1;1;3;83
201400007863;14;8;11;1200;1;1;1;1;83
201400007864;14;8;27;200;3;1;2;6;83
201400007865;14;11;26;1800;5;2;2;6;83
201400007866;14;12;31;930;5;2;1;6;83
201400007867;14;2;3;1215;1;1;1;3;83
201400007868;14;8;11;1730;1;1;1;1;83
201400007869;14;9;10;1245;1;1;7;1;83
201400007870;14;3;16;800;1;1;1;5;83
201400007871;14;6;11;1745;1;1;1;7;83
201400007872;14;7;14;1230;1;1;1;3;83
201400007873;14;8;1;1300;1;1;1;3;83
201400007874;14;8;15;1730;1;1;1;3;83
201400007875;14;10;14;1715;1;1;1;1;83
201400007876;14;12;20;700;2;1;9;7;83
201400007877;14;4;19;1645;1;1;1;1;83
201400007878;14;5;2;1600;1;1;8;5;83