Num_Acc;an;mois;jour;hrmn;lum;agg;atm;col;dep
201400007879;14;7;11;400;3;1;1;7;83
201400007880;14;7;15;1230;1;1;1;7;83
201400007881;14;7;27;1015;1;1;1;6;83
201400007882;14;7;27;1645;1;1;1;1;83
201400007883;14;8;19;1545;1;1;1;6;83
201400007884;14;8;31;1330;1;1;1;7;83
201400007885;14;9;4;1445;1;1;1;2;83
201400007886;14;10;10;1745;1;1;1;6;83
201400007887;14;10;19;1245;1;1;1;7;83
201400007888;14;1;2;1000;1;1;4;6;83
201400007889;14;9;28;1700;1;1;1;7;83
201400007890;14;10;26;1130;1;1;1;1;83
201400007891;14;3;9;1;3;1;1;1;83
201400007892;14;8;15;1945;1;1;1;1;83
201400007893;14;8;22;1215;1;1;1;2;83
201400007894;14;1;29;800;2;1;1;3;83
201400007895;14;4;14;1530;1;1;7;7;83
201400007896;14;4;16;1645;1;1;1;6;83
201400007897;14;4;19;1300;1;2;1;4;83
201400007898;14;4;19;1430;1;1;1;5;83
201400007899;14;4;25;1515;1;1;1;6;83
201400007900;14;7;2;1845;1;1;1;3;83
201400007901;14;7;5;1215;1;1;1;2;83
201400007902;14;8;10;15;3;1;1;6;83
201400007903;14;8;22;630;3;1;1;6;83
201400007904;14;9;5;1430;1;1;1;6;83
201400007905;14;9;23;1245;1;1;1;7;83
201400007906;14;10;23;800;1;1;1;7;83
201400007907;14;11;16;1745;3;2;1;6;83
201400007908;14;11;17;1645;1;1;7;6;83
201400007909;14;3;5;1300;1;1;1;7;83
201400007910;14;4;20;1045;1;1;2;6;83
201400007911;14;5;22;1045;1;1;1;3;83
201400007912;14;7;30;1700;1;1;1;5;83
201400007913;14;8;9;945;1;2;1;1;83
201400007914;14;9;27;1200;1;1;1;3;83
201400007915;14;9;30;700;2;1;2;1;83
201400007916;14;10;6;800;2;2;7;5;83
201400007917;14;11;28;1630;1;1;8;6;83
201400007918;14;12;10;1230;1;1;1;3;83
201400007919;14;12;31;730;2;1;1;1;83
201400007920;14;2;2;1145;1;1;1;6;83
201400007921;14;3;9;1530;1;1;1;7;83
201400007922;14;8;21;1615;1;2;1;7;83
201400007923;14;8;23;1515;1;1;1;1;83
201400007924;14;10;9;900;1;1;1;6;83
201400007925;14;10;26;1215;1;1;1;7;83
201400007926;14;2;23;1445;1;2;1;1;83
201400007927;14;6;28;930;1;2;1;2;83
201400007928;14;7;5;1545;1;2;1;5;83
201400007929;14;7;24;2145;3;1;1;6;83
201400007930;14;9;12;2040;4;2;1;6;83
201400007931;14;10;15;815;1;2;1;1;83
201400007932;14;1;16;1815;5;2;2;6;83
201400007933;14;5;11;1000;1;1;2;7;83
201400007934;14;6;1;1230;1;2;1;3;83
201400007935;14;6;12;1745;1;1;1;7;83
201400007936;14;6;15;645;1;1;1;6;83
201400007937;14;9;30;830;1;2;2;3;83
201400007938;14;12;15;1800;3;1;2;3;83
201400007939;14;12;29;1630;1;1;1;1;83
201400007940;14;4;12;2145;3;1;1;7;83
201400007941;14;5;23;1915;1;1;1;7;83
201400007942;14;5;31;1115;1;1;1;6;83
201400007943;14;5;31;345;3;1;1;6;83
201400007944;14;6;2;1830;1;1;1;6;83
201400007945;14;7;12;1730;1;1;1;3;83
201400007946;14;7;15;830;1;2;7;6;83
201400007947;14;8;22;2145;3;1;1;2;83
201400007948;14;10;18;2245;3;1;1;7;83
201400007949;14;10;24;1545;1;2;1;6;83
201400007950;14;2;3;1045;1;2;1;3;83
201400007951;14;7;26;1800;1;1;1;1;83
201400007952;14;8;12;1315;1;1;1;6;83
201400007953;14;8;19;1045;1;1;1;4;83
201400007954;14;10;12;1815;2;1;1;1;83
201400007955;14;11;15;915;1;1;4;7;83
201400007956;14;12;11;945;1;1;9;6;83
201400007957;14;3;9;1900;5;2;1;1;83
201400007958;14;5;4;1215;1;1;1;5;83
201400007959;14;8;12;1600;1;1;1;3;83
201400007960;14;9;19;1950;2;1;1;5;83
201400007961;14;2;8;600;2;1;5;7;83
201400007962;14;4;28;1415;1;1;1;6;83
201400007963;14;5;7;1800;1;1;2;7;83
201400007964;14;5;30;1515;1;1;8;1;83
201400007965;14;6;3;2000;1;1;1;6;83
201400007966;14;2;28;1530;1;1;4;7;83
201400007967;14;5;11;1030;1;1;3;6;83
201400007968;14;5;16;1630;1;1;1;1;83
201400007969;14;5;18;1815;1;1;1;1;83
201400007970;14;6;16;1545;1;1;1;5;83
201400007971;14;8;5;2300;3;1;1;1;83
201400007972;14;8;29;1915;2;1;1;7;83
201400007973;14;9;1;1545;1;1;1;2;83
201400007974;14;6;23;145;3;1;1;6;83
201400007975;14;5;26;1530;1;1;1;3;83
201400007976;14;8;24;300;3;1;1;7;83
201400007977;14;4;20;515;3;1;1;7;83
201400007978;14;6;1;1515;1;2;7;7;83
201400007979;14;8;8;915;1;2;1;2;83
201400007980;14;8;12;1430;1;2;1;2;83
201400007981;14;8;19;115;3;2;1;7;83
201400007982;14;9;30;1315;1;1;2;1;83
201400007983;14;9;30;1830;2;1;2;1;83
201400007984;14;2;26;1945;4;1;1;1;83
201400007985;14;6;15;2200;3;1;1;7;83
201400007986;14;8;19;815;1;2;1;3;83
201400007987;14;9;5;1900;1;1;1;1;83
201400007988;14;9;7;1345;1;2;1;3;83
201400007989;14;10;28;1700;2;2;1;6;83
201400007990;14;11;28;830;1;1;8;3;83
201400007991;14;3;29;1200;1;1;1;3;83
201400007992;14;10;23;1030;1;2;1;6;83
201400007993;14;10;29;945;1;1;1;6;83
201400007994;14;10;29;1630;1;1;1;6;83
201400007995;14;11;18;1545;1;1;1;7;83
201400007996;14;12;8;1100;1;2;1;2;83
201400007997;14;5;31;630;1;1;1;6;83
201400007998;14;6;20;1030;1;1;1;1;83
201400007999;14;9;25;1930;3;1;1;7;83
201400008000;14;11;26;1800;5;2;2;3;83
201400008001;14;9;30;1545;1;1;2;6;83
201400008002;14;10;14;1015;1;1;3;5;83
201400008003;14;11;24;830;1;1;1;1;83
201400008004;14;11;19;730;5;2;1;6;83
201400008005;14;7;23;1230;1;1;1;1;83
201400008006;14;1;27;1700;1;2;1;6;83
201400008007;14;2;14;1630;1;1;1;6;83
201400008008;14;4;4;945;1;2;9;5;83
201400008009;14;4;22;1600;1;2;1;6;83
201400008010;14;4;24;1130;1;2;1;1;83
201400008011;14;5;7;2045;5;2;1;1;83
201400008012;14;5;13;945;1;1;1;1;83
201400008013;14;6;13;1430;1;1;1;6;83
201400008014;14;7;1;1430;1;2;1;1;83
201400008015;14;7;16;1245;1;1;7;1;83
201400008016;14;7;17;1830;1;2;1;3;83
201400008017;14;7;20;1300;1;2;1;3;83
201400008018;14;7;25;1045;1;1;1;1;83
201400008019;14;8;7;900;1;2;1;1;83
201400008020;14;8;28;1915;1;2;1;7;83
201400008021;14;8;30;1530;1;2;1;3;84
201400008022;14;10;3;700;2;1;2;1;84
201400008023;14;10;11;1745;1;1;1;1;84
201400008024;14;10;23;1600;1;2;1;7;84
201400008025;14;10;26;1045;1;1;1;5;84
201400008026;14;12;11;1930;5;2;1;6;84
201400008027;14;1;15;1500;1;1;1;7;84
201400008028;14;4;12;1030;1;1;1;2;84
201400008029;14;6;16;1415;1;1;1;7;84
201400008030;14;6;21;1800;1;1;1;7;84
201400008031;14;7;4;1645;1;1;1;7;84
201400008032;14;7;18;1930;1;1;1;3;84
201400008033;14;7;27;1845;1;1;1;7;84
201400008034;14;10;5;1615;1;1;1;5;84
201400008035;14;12;25;1630;1;1;1;6;84
201400008036;14;9;13;315;5;1;1;6;84
201400008037;14;9;21;1145;1;2;1;3;84
201400008038;14;10;25;900;1;2;1;6;84
201400008039;14;11;30;1745;5;2;1;7;84
201400008040;14;4;6;1245;1;1;1;6;84
201400008041;14;6;16;1945;1;1;1;1;84
201400008042;14;8;10;1115;1;1;1;1;84
201400008043;14;10;29;1830;5;2;1;6;84
201400008044;14;1;27;1045;1;1;1;6;84
201400008045;14;4;26;1130;1;1;1;6;84
201400008046;14;6;20;1630;1;1;1;6;84
201400008047;14;6;22;1600;1;1;1;1;84
201400008048;14;8;10;1100;1;1;1;6;84
201400008049;14;8;17;1230;1;1;1;3;84
201400008050;14;10;16;1445;1;1;1;6;84
201400008051;14;10;28;1630;1;2;1;6;84
201400008052;14;11;7;1115;1;2;1;6;84
201400008053;14;12;5;1215;1;1;1;6;84
201400008054;14;4;19;1215;1;2;1;1;84
201400008055;14;5;8;815;1;1;1;3;84
201400008056;14;7;3;1415;1;2;1;1;84
201400008057;14;9;16;930;1;1;1;1;84
201400008058;14;12;2;2245;5;2;1;6;84
201400008059;14;12;18;1530;1;1;1;5;84
201400008060;14;6;21;1600;1;1;1;6;84
201400008061;14;8;7;1600;1;1;1;1;84
201400008062;14;8;19;1700;1;1;1;5;84
201400008063;14;9;7;1630;1;2;1;3;84
201400008064;14;1;13;845;1;1;1;7;84
201400008065;14;6;9;1500;1;1;1;1;84
201400008066;14;6;26;745;1;2;1;1;84
201400008067;14;8;24;415;3;1;1;6;84
201400008068;14;10;19;1745;1;1;1;1;84
201400008069;14;1;22;1815;3;1;1;3;84
201400008070;14;9;28;1715;1;1;1;6;84
201400008071;14;12;30;1645;2;1;1;7;84
201400008072;14;12;31;1015;1;1;1;1;84
201400008073;14;1;16;1145;1;1;4;3;84
201400008074;14;2;18;1715;1;1;1;1;84
201400008075;14;2;18;1720;1;1;1;3;84
201400008076;14;3;1;145;5;2;1;6;84
201400008077;14;3;4;1800;2;1;1;3;84
201400008078;14;4;1;730;1;2;1;5;84
201400008079;14;5;6;2300;5;2;1;6;84
201400008080;14;5;11;1515;1;1;1;5;84
201400008081;14;7;11;1230;1;1;1;7;84
201400008082;14;7;17;1715;1;1;1;3;84
201400008083;14;9;17;830;5;2;1;6;84
201400008084;14;2;18;1800;2;1;1;3;84
201400008085;14;5;24;1745;1;1;1;2;84
201400008086;14;8;4;1830;1;1;1;6;84
201400008087;14;8;5;1745;1;1;1;7;84
201400008088;14;8;17;1645;1;1;1;7;84
201400008089;14;8;30;1545;1;1;1;7;84
201400008090;14;9;7;930;1;1;1;1;84
201400008091;14;11;27;1730;3;1;3;7;84
201400008092;14;1;28;1000;1;1;1;3;84
201400008093;14;5;6;1145;1;1;1;6;84
201400008094;14;6;5;1430;1;2;1;2;84
201400008095;14;7;30;1815;1;1;1;1;84
201400008096;14;9;2;1800;1;2;1;3;84
201400008097;14;9;8;1600;1;2;1;6;84
201400008098;14;9;8;1830;1;2;1;7;84
201400008099;14;10;4;2115;3;2;8;3;84
201400008100;14;11;18;1030;1;1;1;7;84
201400008101;14;12;11;845;1;1;1;1;84
201400008102;14;1;31;1730;2;2;1;6;84
201400008103;14;3;25;1515;1;1;1;2;84
201400008104;14;4;1;1045;1;2;1;6;84
201400008105;14;6;14;815;1;1;1;1;84
201400008106;14;7;22;1345;1;1;1;1;84
201400008107;14;10;23;1645;1;1;1;1;84
201400008108;14;3;17;1615;1;2;1;3;84
201400008109;14;3;19;1715;1;1;1;2;84
201400008110;14;3;30;1845;1;1;1;6;84
201400008111;14;5;24;415;3;1;1;6;84
201400008112;14;8;10;1230;1;1;1;2;84
201400008113;14;9;14;2215;1;1;1;7;84
201400008114;14;10;8;800;2;1;1;6;84
201400008115;14;10;10;1745;1;1;1;1;84
201400008116;14;11;21;1545;1;1;1;1;84
201400008117;14;7;21;1945;1;1;1;1;84
201400008118;14;8;25;2215;3;1;1;7;84
201400008119;14;9;20;1;4;1;1;7;84
201400008120;14;1;18;1845;3;2;2;6;84
201400008121;14;1;20;1745;5;2;1;6;84
201400008122;14;3;11;1530;1;1;1;3;84
201400008123;14;3;16;900;1;2;1;6;84
201400008124;14;5;13;1745;1;1;1;1;84
201400008125;14;5;14;1830;1;2;7;1;84
201400008126;14;5;16;1115;1;1;1;1;84
201400008127;14;5;17;1930;1;2;1;6;84
201400008128;14;5;30;1800;2;1;3;3;84
201400008129;14;6;3;845;1;2;1;3;84
201400008130;14;6;24;915;1;1;1;3;84
201400008131;14;9;26;1930;2;1;1;1;84
201400008132;14;10;22;1300;1;2;1;6;84
201400008133;14;10;29;1545;1;1;1;2;84
201400008134;14;10;30;1930;3;1;1;2;84
201400008135;14;10;28;1415;1;2;1;3;84
201400008136;14;11;11;745;2;1;3;1;84
201400008137;14;1;15;1015;1;1;1;6;84
201400008138;14;4;17;1045;1;1;1;7;84
201400008139;14;8;13;530;2;1;1;6;84
201400008140;14;10;7;1015;1;2;1;7;84
201400008141;14;11;5;815;3;1;1;1;84
201400008142;14;11;8;330;3;1;1;7;84
201400008143;14;1;4;2045;3;1;2;1;84
201400008144;14;1;8;1615;1;1;1;3;84
201400008145;14;1;14;330;3;1;1;7;84
201400008146;14;2;23;1200;1;1;1;2;84
201400008147;14;2;23;1500;1;1;1;7;84
201400008148;14;3;7;1330;1;1;1;7;84
201400008149;14;3;12;2015;3;1;1;6;84
201400008150;14;3;15;1545;1;1;1;7;84
201400008151;14;4;13;1800;1;1;1;1;84
201400008152;14;4;14;645;1;2;1;3;84
201400008153;14;4;28;1930;1;1;1;6;84
201400008154;14;5;25;1115;1;2;1;3;84
201400008155;14;7;22;2245;3;1;1;6;84
201400008156;14;7;29;1845;1;1;1;6;84
201400008157;14;8;8;2145;3;1;1;6;84
201400008158;14;8;10;1745;1;1;1;5;84
201400008159;14;9;13;1630;1;1;1;3;34
201400008160;14;9;25;615;5;2;1;6;34
201400008161;14;10;2;1645;1;1;1;2;34
201400008162;14;10;18;1145;1;1;1;7;34
201400008163;14;10;22;1600;1;2;1;1;34
201400008164;14;11;16;930;3;1;1;6;34
201400008165;14;11;17;2230;3;1;1;7;34
201400008166;14;11;23;1630;1;2;1;6;34
201400008167;14;12;22;245;3;1;1;6;34
201400008168;14;12;23;1300;1;1;1;3;34
201400008169;14;1;28;845;1;2;1;5;34
201400008170;14;2;10;1845;3;1;1;3;34
201400008171;14;2;28;645;3;1;1;6;34
201400008172;14;3;26;1345;1;1;1;5;34
201400008173;14;3;27;1645;1;1;1;4;34
201400008174;14;5;7;1200;1;2;1;6;34
201400008175;14;7;7;2215;3;1;1;6;34
201400008176;14;9;6;1015;1;1;1;3;34
201400008177;14;11;5;2045;3;1;1;1;34
201400008178;14;11;21;1700;2;1;1;1;34
201400008179;14;1;25;1345;1;1;1;1;34
201400008180;14;2;3;715;2;1;1;3;34
201400008181;14;3;4;1530;1;1;1;6;34
201400008182;14;4;5;130;3;1;1;7;34
201400008183;14;4;6;1215;1;1;1;6;34
201400008184;14;4;11;1730;1;1;1;3;34
201400008185;14;4;19;1500;1;1;1;6;34
201400008186;14;5;9;900;1;1;1;1;34
201400008187;14;5;12;1530;1;1;1;6;34
201400008188;14;5;12;1115;1;1;1;1;34
201400008189;14;5;17;1615;1;1;1;2;34
201400008190;14;6;16;1730;1;2;1;6;34
201400008191;14;6;20;1700;1;1;1;1;34
201400008192;14;7;8;1530;1;1;1;1;34
201400008193;14;7;12;1645;1;1;2;7;34
201400008194;14;8;19;2130;3;1;1;1;34
201400008195;14;8;22;545;3;1;1;1;34
201400008196;14;8;29;1015;1;1;1;6;34
201400008197;14;10;23;1915;5;2;1;2;34
201400008198;14;11;8;1545;1;2;1;6;34
201400008199;14;12;18;745;2;1;1;1;34
201400008200;14;1;12;2015;5;2;1;6;34
201400008201;14;1;19;2015;5;1;2;7;34
201400008202;14;4;5;2045;5;2;1;1;34
201400008203;14;4;6;1715;1;1;1;1;34
201400008204;14;6;23;915;1;1;1;2;34
201400008205;14;7;12;930;1;1;1;6;34
201400008206;14;7;18;1630;1;1;1;5;34
201400008207;14;7;22;1500;1;1;1;3;34
201400008208;14;8;1;1800;1;1;1;1;34
201400008209;14;8;10;230;3;1;1;2;34
201400008210;14;8;10;945;1;1;1;3;34
201400008211;14;8;20;730;1;1;1;1;34
201400008212;14;9;12;2330;3;1;1;7;34
201400008213;14;9;14;715;1;1;1;6;34
201400008214;14;9;16;800;1;1;1;3;34
201400008215;14;9;18;830;1;1;1;3;34
201400008216;14;10;1;1345;1;1;1;2;34
201400008217;14;10;15;1145;1;1;1;3;34
201400008218;14;10;23;1115;1;1;1;1;34
201400008219;14;11;12;1715;2;1;2;2;34
201400008220;14;12;15;1815;3;1;1;7;34
201400008221;14;12;17;715;2;1;1;1;34
201400008222;14;12;30;1745;5;2;1;3;34
201400008223;14;1;2;1530;1;1;2;1;34
201400008224;14;3;2;1700;1;1;1;6;34
201400008225;14;3;6;1800;1;1;1;1;34
201400008226;14;4;12;2300;5;2;1;6;34
201400008227;14;5;6;1445;1;2;1;6;34
201400008228;14;5;30;745;1;1;1;2;34
201400008229;14;6;1;1730;1;2;1;1;34
201400008230;14;6;5;1600;1;2;1;2;34
201400008231;14;7;10;1830;1;2;1;1;34
201400008232;14;8;28;1600;1;2;1;1;34
201400008233;14;9;2;2145;5;2;1;6;34
201400008234;14;10;9;2315;3;1;1;5;34
201400008235;14;1;27;1345;1;1;1;3;34
201400008236;14;1;28;1345;1;1;1;3;34
201400008237;14;2;11;800;1;1;1;6;34
201400008238;14;5;25;230;5;1;1;3;34
201400008239;14;5;27;1745;1;1;1;1;34
201400008240;14;6;6;915;1;1;1;1;34
201400008241;14;6;16;1645;1;1;1;6;34
201400008242;14;6;17;2015;5;1;1;6;34
201400008243;14;6;17;1400;1;1;1;2;34
201400008244;14;7;22;1;3;1;1;2;34
201400008245;14;7;23;1130;1;2;1;1;34
201400008246;14;7;15;1830;1;2;1;6;34
201400008247;14;8;8;830;1;1;1;3;34
201400008248;14;8;12;1600;1;1;1;3;34
201400008249;14;8;16;400;5;2;1;2;34
201400008250;14;8;23;1800;1;1;1;6;34
201400008251;14;8;28;1415;1;2;1;2;34
201400008252;14;9;16;815;1;1;1;2;34
201400008253;14;10;2;900;1;1;7;6;34
201400008254;14;10;3;1000;1;2;1;7;34
201400008255;14;10;14;830;1;1;3;3;34
201400008256;14;10;16;800;1;1;1;4;34
201400008257;14;10;25;1200;1;1;1;1;34
201400008258;14;11;15;415;5;1;3;6;34
201400008259;14;1;22;645;3;1;1;6;34
201400008260;14;2;17;1730;1;1;1;1;34
201400008261;14;4;5;945;1;1;1;5;34
201400008262;14;4;11;2015;3;1;1;1;34
201400008263;14;8;5;1600;1;1;1;1;34
201400008264;14;11;17;2200;3;1;1;1;34
201400008265;14;5;27;745;1;1;7;3;34
201400008266;14;5;28;1745;1;1;1;1;34
201400008267;14;9;21;1830;1;2;1;3;34
201400008268;14;9;21;2100;5;1;1;1;34
201400008269;14;10;28;1200;1;1;1;6;34
201400008270;14;10;29;1045;1;1;1;3;34
201400008271;14;11;16;1715;2;1;1;1;34
201400008272;14;12;30;2130;3;1;1;1;34
201400008273;14;3;10;1215;1;1;1;4;34
201400008274;14;5;29;2045;2;2;1;1;34
201400008275;14;7;17;945;1;1;1;1;34
201400008276;14;9;11;1630;1;2;1;7;34
201400008277;14;9;15;1630;1;2;1;6;34
201400008278;14;11;10;1615;1;1;1;3;34
201400008279;14;1;6;1345;1;2;1;7;34
201400008280;14;3;7;1530;1;1;1;1;34
201400008281;14;4;5;1645;1;1;1;6;34
201400008282;14;5;18;1900;1;2;1;2;34
201400008283;14;5;30;1815;1;2;1;6;34
201400008284;14;6;4;345;5;2;1;6;34
201400008285;14;7;27;1100;1;2;7;6;34
201400008286;14;8;21;1400;1;1;1;1;34
201400008287;14;9;11;1045;1;1;1;3;34
201400008288;14;5;22;1845;1;1;2;1;34
201400008289;14;5;27;1730;1;2;1;3;34
201400008290;14;7;8;715;1;1;1;2;34
201400008291;14;9;3;145;3;1;1;7;34
201400008292;14;9;15;1930;3;2;3;1;11
201400008293;14;9;29;1715;1;1;1;1;11
201400008294;14;10;14;715;2;2;1;2;11
201400008295;14;10;27;515;5;2;1;6;11
201400008296;14;11;1;530;3;1;5;6;11
201400008297;14;11;16;345;3;1;1;7;11
201400008298;14;1;10;915;1;1;1;1;11
201400008299;14;1;17;1930;3;2;1;1;11
201400008300;14;1;20;2215;3;1;1;1;11
201400008301;14;3;28;2315;3;1;1;7;11
201400008302;14;4;7;800;1;1;1;3;11
201400008303;14;5;7;2130;5;1;1;7;11
201400008304;14;5;20;1545;1;2;1;5;11
201400008305;14;6;13;1215;1;2;1;3;11
201400008306;14;7;16;1615;1;1;1;7;11
201400008307;14;7;23;945;1;1;1;1;11
201400008308;14;8;1;845;1;2;1;2;11
201400008309;14;8;18;1845;1;1;1;6;11
201400008310;14;8;21;1445;1;2;1;1;11
201400008311;14;8;29;2245;3;1;1;3;11
201400008312;14;9;11;1815;1;1;1;7;11
201400008313;14;9;22;2100;3;1;1;3;11
201400008314;14;10;4;1830;1;2;1;6;11
201400008315;14;10;8;1600;1;2;1;3;11
201400008316;14;10;9;945;1;1;1;2;11
201400008317;14;10;10;1545;1;1;1;1;11
201400008318;14;10;14;800;1;2;1;6;11
201400008319;14;10;18;2030;5;2;1;2;11
201400008320;14;10;23;1300;1;2;1;1;11
201400008321;14;12;2;1745;3;1;6;1;11
201400008322;14;12;10;1145;1;1;1;1;11
201400008323;14;2;2;330;5;1;8;2;11
201400008324;14;2;9;1530;1;2;1;6;11
201400008325;14;3;18;945;1;2;8;6;11
201400008326;14;3;28;1330;1;2;1;6;11
201400008327;14;5;13;1000;1;2;1;3;11
201400008328;14;6;6;1600;1;2;1;2;11
201400008329;14;10;19;2015;5;2;1;1;11
201400008330;14;10;21;945;1;1;7;6;11
201400008331;14;1;10;815;1;1;5;6;11
201400008332;14;3;28;1500;1;2;1;1;11
201400008333;14;4;16;1100;1;1;1;1;11
201400008334;14;5;30;1515;1;1;1;6;11
201400008335;14;6;26;1530;1;1;1;2;11
201400008336;14;7;10;1200;1;1;1;2;11
201400008337;14;8;29;1230;1;2;1;2;11
201400008338;14;9;3;945;1;2;1;6;11
201400008339;14;9;8;1630;1;2;1;6;11
201400008340;14;9;10;1945;2;2;1;6;11
201400008341;14;11;8;1630;1;2;1;7;11
201400008342;14;12;31;1445;1;1;6;1;11
201400008343;14;1;15;915;1;2;7;6;11
201400008344;14;3;5;1545;1;1;1;6;11
201400008345;14;3;23;1015;1;2;1;7;11
201400008346;14;4;26;1145;1;1;1;1;11
201400008347;14;4;28;2015;1;1;1;1;11
201400008348;14;7;27;1730;1;1;1;7;11
201400008349;14;11;22;2230;5;1;1;6;11
201400008350;14;11;27;1845;2;1;2;5;11
201400008351;14;5;22;1715;1;1;8;4;11
201400008352;14;8;23;1430;1;1;1;1;11
201400008353;14;8;26;2045;2;1;1;1;11
201400008354;14;9;28;845;2;2;1;6;11
201400008355;14;10;15;1045;1;1;1;2;11
201400008356;14;2;5;1300;1;1;3;6;11
201400008357;14;4;26;1815;1;1;1;2;11
201400008358;14;5;24;1845;1;1;1;3;11
201400008359;14;11;23;1115;1;1;1;3;11
201400008360;14;12;12;2115;5;2;1;1;11
201400008361;14;12;26;1545;2;1;7;1;11
201400008362;14;1;14;1030;1;2;1;6;11
201400008363;14;2;6;645;2;1;9;6;11
201400008364;14;5;31;245;3;1;1;6;11
201400008365;14;6;2;2230;1;2;1;6;11
201400008366;14;6;16;1915;1;1;1;6;11
201400008367;14;6;19;700;2;1;1;3;11
201400008368;14;8;29;1430;1;1;1;1;11
201400008369;14;10;21;1745;1;2;1;3;11
201400008370;14;10;24;1845;3;1;1;1;11
201400008371;14;11;29;2300;5;2;2;3;11
201400008372;14;5;28;1345;1;1;1;1;11
201400008373;14;2;23;1515;1;1;1;6;11
201400008374;14;5;20;2045;3;1;1;7;11
201400008375;14;5;31;2030;1;2;1;7;11
201400008376;14;6;11;1100;1;1;1;5;11
201400008377;14;2;5;915;1;1;2;3;11
201400008378;14;3;26;800;1;2;1;6;11
201400008379;14;8;27;1615;1;1;1;1;11
201400008380;14;10;27;1645;1;1;1;2;11
201400008381;14;1;25;1445;1;1;1;3;11
201400008382;14;1;30;945;1;1;2;1;11
201400008383;14;6;16;530;2;1;1;2;11
201400008384;14;7;25;1800;1;1;2;3;11
201400008385;14;12;17;1900;3;1;2;3;11
201400008386;14;12;18;1730;1;1;1;1;11
201400008387;14;1;27;1200;1;2;1;6;11
201400008388;14;4;3;1745;1;1;8;7;11
201400008389;14;4;8;1045;1;2;1;6;11
201400008390;14;5;3;1045;1;1;1;5;11
201400008391;14;7;8;930;1;2;1;6;11
201400008392;14;7;20;45;3;1;1;3;11
201400008393;14;2;22;1200;1;1;1;6;11
201400008394;14;4;13;1900;1;2;1;6;11
201400008395;14;5;5;2015;2;2;1;6;11
201400008396;14;5;18;530;2;1;1;7;11
201400008397;14;6;16;1745;1;1;7;3;11
201400008398;14;12;31;1915;1;2;1;6;11
201400008399;14;1;7;730;2;1;1;1;11
201400008400;14;2;1;545;5;2;2;6;11
201400008401;14;2;23;1600;1;1;1;6;11
201400008402;14;2;27;2200;5;2;1;6;11
201400008403;14;3;28;1900;2;2;1;2;11
201400008404;14;6;2;1600;1;1;1;1;11
201400008405;14;7;16;1830;1;1;1;3;11
201400008406;14;8;6;2100;3;2;1;7;11
201400008407;14;8;14;1945;1;1;1;7;11
201400008408;14;9;1;1500;1;1;1;1;11
201400008409;14;11;6;45;3;1;1;6;11
201400008410;14;12;28;1730;2;1;4;6;11
201400008411;14;1;18;815;5;2;3;2;11
201400008412;14;2;26;1915;5;2;1;1;11
201400008413;14;3;14;1500;1;2;1;6;11
201400008414;14;3;11;945;1;1;1;5;11
201400008415;14;3;21;645;2;2;1;7;11
201400008416;14;3;28;2130;3;1;1;3;11
201400008417;14;3;17;1600;1;2;1;6;30
201400008418;14;4;12;1245;1;1;1;5;30
201400008419;14;4;22;1730;1;1;2;2;30
201400008420;14;4;28;1845;1;2;1;3;30
201400008421;14;7;19;1415;1;1;1;1;30
201400008422;14;8;17;1000;1;1;1;6;30
201400008423;14;11;5;1345;1;1;1;6;30
201400008424;14;11;14;1645;2;1;2;7;30
201400008425;14;11;24;1545;1;2;1;1;30
201400008426;14;1;23;1130;1;2;1;6;30
201400008427;14;2;28;1930;3;1;1;3;30
201400008428;14;7;21;1345;1;2;1;3;30
201400008429;14;9;10;1245;1;2;1;6;30
201400008430;14;1;11;1200;1;2;1;3;30
201400008431;14;5;5;1445;1;2;1;1;30
201400008432;14;8;27;1730;1;2;1;3;30
201400008433;14;8;26;130;5;2;1;6;30
201400008434;14;10;9;1800;2;1;1;3;30
201400008435;14;11;1;1630;1;1;1;6;30
201400008436;14;11;21;1;3;1;1;6;30
201400008437;14;12;15;1800;5;2;1;1;30
201400008438;14;2;25;1815;2;1;1;1;30
201400008439;14;4;6;1500;1;2;1;6;30
201400008440;14;5;3;1845;5;2;1;3;30
201400008441;14;2;2;1715;1;2;1;7;30
201400008442;14;6;14;900;1;2;1;1;30
201400008443;14;7;27;2230;5;2;1;6;30
201400008444;14;8;9;2330;5;2;1;3;30
201400008445;14;10;13;2230;3;1;1;6;30
201400008446;14;10;31;2045;5;2;1;6;30
201400008447;14;1;30;1430;1;1;2;6;30
201400008448;14;1;25;515;3;1;1;7;30
201400008449;14;2;24;2345;3;1;1;6;30
201400008450;14;3;16;415;5;2;1;6;30
201400008451;14;4;23;1445;1;1;1;3;30
201400008452;14;5;5;1230;1;2;1;6;30
201400008453;14;5;6;2145;1;1;1;1;30
201400008454;14;6;8;1715;1;1;1;6;30
201400008455;14;6;16;730;2;1;1;6;30
201400008456;14;7;14;1615;1;1;1;1;30
201400008457;14;7;19;1330;1;2;1;3;30
201400008458;14;7;31;1815;1;2;1;3;30
201400008459;14;8;18;1345;1;1;1;1;30
201400008460;14;8;28;1845;1;2;1;3;30
201400008461;14;9;17;730;1;2;1;1;30
201400008462;14;11;21;1;3;1;1;1;30
201400008463;14;12;7;1300;1;1;1;3;30