Num_Acc;an;mois;jour;hrmn;lum;agg;atm;col;dep
201400008464;14;12;30;2130;5;2;6;6;30
201400008465;14;1;7;1815;2;2;9;1;30
201400008466;14;4;11;615;2;1;5;5;30
201400008467;14;6;19;1730;1;1;1;1;30
201400008468;14;6;25;1545;1;1;1;3;30
201400008469;14;10;3;945;1;1;1;1;30
201400008470;14;10;17;1545;1;1;1;5;30
201400008471;14;6;13;745;1;1;1;3;30
201400008472;14;8;4;1430;1;1;1;6;30
201400008473;14;8;16;1500;1;1;1;3;30
201400008474;14;11;29;1930;3;1;2;7;30
201400008475;14;12;29;1730;2;2;1;6;30
201400008476;14;5;11;145;5;2;1;6;30
201400008477;14;5;17;1230;1;1;1;3;30
201400008478;14;6;8;1045;1;1;1;6;30
201400008479;14;6;22;2100;2;1;1;7;30
201400008480;14;7;17;1145;1;2;1;6;30
201400008481;14;8;9;945;1;2;1;1;30
201400008482;14;11;6;2300;1;1;1;6;30
201400008483;14;12;1;745;2;1;8;1;30
201400008484;14;12;2;1730;5;1;8;6;30
201400008485;14;1;10;1815;5;2;1;6;30
201400008486;14;1;30;1600;1;1;1;6;30
201400008487;14;2;9;1545;1;1;1;3;30
201400008488;14;4;12;1630;1;1;1;6;30
201400008490;14;5;18;700;1;2;1;6;30
201400008491;14;5;17;1800;1;2;1;6;30
201400008492;14;7;2;1400;1;2;1;1;30
201400008493;14;6;25;2045;2;1;1;6;30
201400008494;14;7;6;415;3;1;1;6;30
201400008495;14;8;7;1030;1;1;1;3;30
201400008496;14;8;27;1045;1;1;1;5;30
201400008497;14;12;12;445;5;2;1;3;30
201400008498;14;12;14;645;5;2;1;6;30
201400008499;14;12;20;345;3;1;1;6;30
201400008500;14;1;4;100;3;1;2;6;30
201400008501;14;1;2;1815;2;1;1;2;30
201400008502;14;2;18;1300;1;1;1;7;30
201400008503;14;6;20;1200;1;2;1;3;30
201400008504;14;8;18;1145;1;1;1;1;30
201400008505;14;8;23;1745;1;1;1;1;30
201400008506;14;9;18;830;1;1;1;6;30
201400008507;14;10;15;1600;1;1;1;1;30
201400008508;14;9;24;1530;1;2;1;3;30
201400008509;14;12;24;1615;1;1;7;3;30
201400008510;14;6;27;1930;1;2;1;6;30
201400008511;14;8;21;845;1;2;1;1;30
201400008512;14;10;26;1130;1;2;1;3;30
201400008513;14;11;1;300;3;1;1;7;30
201400008514;14;4;19;1600;1;1;1;7;30
201400008515;14;4;27;130;5;2;2;6;30
201400008516;14;5;30;1700;1;2;1;6;30
201400008517;14;6;8;1800;1;1;1;7;30
201400008518;14;8;9;1500;1;1;1;1;30
201400008519;14;9;6;645;2;1;1;6;30
201400008520;14;2;9;700;1;1;1;6;30
201400008521;14;3;12;2015;3;1;1;7;30
201400008522;14;5;4;830;1;1;1;7;30
201400008523;14;8;12;1800;1;1;1;5;30
201400008524;14;8;21;1000;1;1;1;6;30
201400008525;14;8;25;845;1;1;1;6;30
201400008526;14;10;13;1515;1;1;1;1;30
201400008527;14;10;16;1945;3;1;1;1;30
201400008528;14;3;8;945;1;2;1;6;30
201400008529;14;4;12;2230;3;1;1;7;30
201400008530;14;7;24;2230;3;1;1;4;30
201400008531;14;8;20;1745;1;1;1;3;30
201400008532;14;8;25;1830;1;2;1;3;30
201400008533;14;8;30;1730;1;1;1;3;30
201400008534;14;10;24;1845;3;1;1;3;30
201400008535;14;11;25;945;3;2;1;6;30
201400008536;14;12;6;1445;3;1;1;5;30
201400008537;14;8;17;200;3;1;1;6;30
201400008538;14;6;1;1515;1;2;1;1;30
201400008539;14;6;16;1500;1;1;1;1;30
201400008540;14;7;30;1330;1;1;1;3;30
201400008541;14;9;11;1445;1;2;1;3;30
201400008542;14;3;22;700;1;1;9;7;30
201400008543;14;4;4;2215;5;2;1;6;30
201400008544;14;5;1;1645;1;2;1;3;30
201400008545;14;5;9;2245;3;1;1;6;30
201400008546;14;5;25;1930;1;1;1;7;30
201400008547;14;8;15;945;1;1;1;2;30
201400008548;14;8;29;730;1;1;1;2;30
201400008549;14;2;11;1800;5;2;1;3;30
201400008550;14;3;1;1900;3;1;1;6;30
201400008551;14;3;11;1930;3;1;1;3;30
201400008552;14;12;18;1600;1;1;1;1;30
201400008553;14;1;4;745;1;1;8;1;30
201400008554;14;4;14;1345;1;1;1;3;30
201400008555;14;5;14;900;1;1;1;7;30
201400008556;14;6;24;1700;1;2;1;3;30
201400008557;14;7;23;1545;1;1;1;1;30
201400008558;14;9;11;1945;2;2;1;6;30
201400008559;14;12;2;830;1;1;1;7;30
201400008560;14;9;24;830;1;1;1;7;30
201400008561;14;12;11;1100;1;1;1;2;30
201400008562;14;2;24;1400;1;1;6;6;30
201400008563;14;3;1;1430;1;1;1;7;30
201400008564;14;5;7;745;1;1;1;6;30
201400008565;14;5;8;1815;1;1;1;7;30
201400008566;14;5;25;945;1;2;1;6;30
201400008567;14;5;24;2330;3;1;1;1;30
201400008568;14;8;2;630;3;1;8;6;30
201400008569;14;8;31;2345;3;1;1;6;30
201400008570;14;9;3;1645;1;1;1;7;30
201400008571;14;10;6;1800;1;1;1;6;30
201400008572;14;11;6;1630;2;2;7;6;30
201400008573;14;5;14;1700;1;1;1;3;30
201400008574;14;7;25;230;3;1;1;6;30
201400008575;14;10;28;1900;3;1;1;6;30
201400008576;14;11;18;1515;1;2;1;2;30
201400008577;14;2;6;1500;1;1;1;7;30
201400008578;14;2;16;1930;3;1;1;7;30
201400008579;14;3;28;1645;1;1;1;6;30
201400008580;14;5;7;1645;1;1;1;5;30
201400008581;14;6;5;300;4;2;1;6;30
201400008582;14;6;30;1315;1;1;1;1;30
201400008583;14;7;31;1300;1;1;1;6;30
201400008584;14;9;2;1545;1;1;1;1;30
201400008585;14;10;30;2245;3;1;1;6;30
201400008586;14;11;12;2230;3;1;1;6;30
201400008587;14;11;23;1915;3;1;2;7;30
201400008588;14;1;21;1700;1;2;1;6;30
201400008589;14;2;12;1830;2;1;1;1;30
201400008590;14;4;28;1615;1;2;1;1;30
201400008591;14;6;23;830;1;1;2;5;30
201400008592;14;9;26;200;5;2;1;6;30
201400008593;14;10;17;1300;1;1;1;6;30
201400008594;14;10;18;45;5;2;1;6;30
201400008595;14;10;18;1445;1;2;1;1;30
201400008596;14;10;18;1745;1;1;1;6;30
201400008597;14;11;30;2045;3;1;3;7;30
201400008598;14;12;17;1030;1;1;2;6;30
201400008599;14;1;7;2000;3;1;1;3;30
201400008600;14;2;11;1300;1;1;1;2;30
201400008601;14;2;25;1315;1;1;1;6;30
201400008602;14;4;27;2130;2;1;2;6;30
201400008603;14;5;20;1000;1;2;1;1;30
201400008604;14;6;16;1730;1;1;1;3;30
201400008605;14;7;2;830;2;1;8;6;30
201400008606;14;7;5;530;1;1;1;6;30
201400008607;14;7;26;500;3;1;1;5;30
201400008608;14;8;27;1330;1;1;1;6;30
201400008609;14;9;15;1415;1;1;1;6;30
201400008610;14;9;24;2030;3;1;1;1;30
201400008611;14;10;9;1800;1;2;1;6;30
201400008612;14;11;30;515;3;1;3;1;30
201400008613;14;12;1;1530;1;1;2;1;30
201400008614;14;12;14;630;3;1;1;6;30
201400008615;14;5;15;700;1;1;1;1;30
201400008616;14;5;20;1700;1;1;1;7;30
201400008617;14;5;20;1245;1;1;6;1;30
201400008618;14;6;10;1415;1;1;1;1;30
201400008619;14;11;17;1800;3;1;1;1;30
201400008620;14;3;9;1900;5;2;1;1;30
201400008621;14;5;28;1245;1;1;1;5;30
201400008622;14;5;14;1845;1;2;1;6;30
201400008623;14;7;14;1630;1;2;1;3;30
201400008624;14;7;22;1430;1;2;1;3;30
201400008625;14;10;11;1645;1;1;1;3;30
201400008626;14;11;15;930;1;1;7;2;30
201400008627;14;6;9;1645;1;1;1;6;30
201400008628;14;8;17;1630;1;1;1;7;48
201400008629;14;12;14;330;3;1;1;6;48
201400008630;14;1;7;1630;1;1;1;6;48
201400008631;14;1;12;130;3;1;1;7;48
201400008632;14;3;1;1615;1;2;1;1;48
201400008633;14;5;4;1915;1;1;1;7;48
201400008634;14;5;26;1500;1;1;2;6;48
201400008635;14;7;15;45;3;1;1;7;48
201400008636;14;9;6;1200;1;1;1;6;48
201400008637;14;9;19;2115;5;2;1;3;48
201400008638;14;10;18;1845;3;1;1;6;48
201400008639;14;11;27;1515;1;1;2;1;48
201400008640;14;1;7;1715;2;1;1;3;48
201400008641;14;1;12;1815;3;1;1;6;48
201400008642;14;1;31;1515;1;1;1;3;48
201400008643;14;2;1;545;3;1;1;1;48
201400008644;14;2;2;1400;1;2;1;7;48
201400008645;14;3;2;1715;1;2;1;1;48
201400008646;14;4;2;815;1;1;8;1;48
201400008647;14;4;4;1615;1;1;1;2;48
201400008648;14;5;2;1745;1;2;1;3;48
201400008649;14;5;12;1800;3;1;1;1;48
201400008650;14;5;25;1215;1;1;1;7;48
201400008651;14;6;1;2130;2;1;1;1;48
201400008652;14;6;6;1645;1;1;6;1;66
201400008653;14;6;10;900;1;1;1;1;66
201400008654;14;6;27;1445;1;1;1;3;66
201400008655;14;7;18;1800;1;1;1;5;66
201400008656;14;7;23;1730;1;1;1;6;66
201400008657;14;8;5;2230;3;1;1;6;66
201400008658;14;8;18;1800;1;1;1;2;66
201400008659;14;8;21;15;3;1;1;1;66
201400008660;14;9;4;1345;1;2;1;6;66
201400008661;14;9;9;1615;1;2;1;7;66
201400008662;14;10;5;430;3;1;2;6;66
201400008663;14;10;26;1845;3;1;1;4;66
201400008664;14;12;15;1345;1;2;2;1;66
201400008665;14;8;4;1330;1;1;1;1;66
201400008666;14;9;26;1045;1;1;1;6;66
201400008667;14;2;17;1130;1;2;1;6;66
201400008668;14;3;3;1600;1;1;1;3;66
201400008669;14;4;27;2245;3;1;1;7;66
201400008670;14;7;3;1430;1;1;1;6;66
201400008671;14;7;6;45;5;1;1;6;66
201400008672;14;6;30;1330;1;2;1;3;66
201400008673;14;7;13;500;3;1;1;6;66
201400008674;14;7;14;1500;1;1;1;3;66
201400008675;14;7;25;1845;1;1;1;1;66
201400008676;14;8;1;1900;1;1;8;3;66
201400008677;14;8;27;1645;1;2;1;3;66
201400008678;14;9;11;1700;1;1;1;3;66
201400008679;14;11;8;1415;1;1;1;3;66
201400008680;14;11;26;1600;2;2;2;1;66
201400008681;14;12;10;945;1;1;1;1;66
201400008682;14;1;25;1315;1;1;1;1;66
201400008683;14;5;31;1515;1;1;1;6;66
201400008684;14;7;22;1;3;1;1;7;66
201400008685;14;3;11;100;3;1;1;7;66
201400008686;14;4;25;2215;3;2;1;1;66
201400008687;14;5;6;1830;1;2;1;2;66
201400008688;14;6;22;1400;1;1;1;6;66
201400008689;14;7;11;600;2;1;1;6;66
201400008690;14;7;15;715;2;2;1;3;66
201400008691;14;7;31;2300;3;1;1;3;66
201400008692;14;8;16;1045;1;1;1;2;66
201400008693;14;8;19;1200;1;1;1;1;66
201400008694;14;8;23;2345;3;1;1;6;66
201400008695;14;8;25;1115;1;1;1;3;66
201400008696;14;9;6;1730;1;2;1;3;66
201400008697;14;12;6;1345;1;1;3;2;66
201400008698;14;12;7;115;5;2;1;7;66
201400008699;14;1;2;2245;3;1;1;7;66
201400008700;14;1;17;1745;2;1;8;1;66
201400008701;14;3;8;500;3;1;1;7;66
201400008702;14;3;10;1545;1;2;1;3;66
201400008703;14;5;7;945;3;2;1;1;66
201400008704;14;5;28;1215;1;1;1;6;66
201400008705;14;5;16;1445;1;1;1;3;66
201400008706;14;7;4;1215;1;2;6;6;66
201400008707;14;7;20;445;3;1;1;6;66
201400008708;14;7;21;1515;1;1;1;3;66
201400008709;14;10;3;915;5;2;1;6;66
201400008710;14;10;28;1945;2;1;1;1;66
201400008711;14;11;12;1915;3;1;1;1;66
201400008712;14;12;20;1545;1;2;1;3;66
201400008713;14;3;28;1045;1;1;1;3;66
201400008714;14;4;11;2315;3;1;1;7;66
201400008715;14;4;22;1530;1;1;1;3;66
201400008716;14;5;16;1400;1;2;1;2;66
201400008717;14;5;29;1545;1;2;1;3;66
201400008718;14;6;5;1930;1;2;1;3;66
201400008719;14;9;15;1200;1;1;8;1;66
201400008720;14;9;26;830;1;2;1;3;66
201400008721;14;10;22;1900;5;2;1;1;66
201400008722;14;3;10;1500;1;2;1;1;66
201400008723;14;5;18;1415;1;1;1;7;66
201400008724;14;6;22;2230;3;1;1;3;66
201400008725;14;8;2;200;3;1;1;7;66
201400008726;14;1;2;1645;1;1;1;6;66
201400008727;14;1;31;245;3;1;9;7;66
201400008728;14;3;11;1515;1;1;1;3;66
201400008729;14;4;5;1900;1;2;1;6;66
201400008730;14;4;10;2300;5;1;1;2;2A
201400008731;14;5;21;1930;1;1;6;7;2A
201400008732;14;5;31;445;3;1;2;6;2A
201400008733;14;6;8;630;2;1;1;1;2A
201400008734;14;6;24;830;1;1;1;7;2A
201400008735;14;6;29;1530;1;1;1;1;2A
201400008736;14;7;16;845;1;1;1;6;2A
201400008737;14;7;18;1045;1;1;1;2;2A
201400008738;14;7;17;1700;1;1;1;1;2A
201400008739;14;8;2;1745;3;1;2;1;2A
201400008740;14;8;9;1430;1;1;1;6;2A
201400008741;14;8;17;1900;1;1;1;2;2A
201400008742;14;8;28;445;3;1;1;3;2A
201400008743;14;9;15;1015;1;1;2;1;2A
201400008744;14;10;1;1900;2;1;1;1;2A
201400008745;14;10;2;2245;3;1;1;7;2A
201400008746;14;10;31;2000;5;2;1;3;2A
201400008747;14;11;9;1830;2;1;1;3;2A
201400008748;14;11;14;815;1;1;1;1;2A
201400008749;14;11;24;1815;4;1;2;6;2A
201400008750;14;11;26;1000;1;1;2;1;2A
201400008751;14;12;17;1115;3;1;1;3;2A
201400008752;14;12;28;1315;1;1;1;3;2A
201400008753;14;1;31;800;1;1;8;4;2A
201400008754;14;3;7;1845;5;2;1;3;2A
201400008755;14;5;3;1745;1;1;1;6;2A
201400008756;14;5;10;430;3;1;1;6;2A
201400008757;14;7;12;1515;1;1;1;1;2A
201400008758;14;7;25;2130;2;2;1;6;2A
201400008759;14;11;17;1700;2;2;1;1;2A
201400008760;14;11;24;715;2;1;2;6;2A
201400008761;14;5;23;2045;2;1;3;7;2A
201400008762;14;8;1;915;1;1;1;3;2A
201400008763;14;8;22;1315;1;2;1;1;2A
201400008764;14;8;29;1315;1;2;1;1;2A
201400008765;14;2;6;1745;2;2;1;7;2A
201400008766;14;5;9;1715;1;1;1;2;2A
201400008767;14;6;10;1815;1;2;1;3;2A
201400008768;14;6;20;1645;1;1;1;6;2A
201400008769;14;7;19;2245;3;1;1;7;2A
201400008770;14;7;27;1730;1;1;1;1;2A
201400008771;14;9;8;400;3;1;1;1;2A
201400008772;14;9;10;2315;3;2;1;7;2A
201400008773;14;9;22;2100;5;2;1;7;2A
201400008774;14;10;23;1700;1;2;1;3;2A
201400008775;14;11;7;800;1;1;1;3;2A
201400008776;14;12;30;1945;5;1;1;1;2A
201400008777;14;2;16;45;5;1;1;6;2A
201400008778;14;3;8;1115;1;1;1;3;2A
201400008779;14;3;24;800;1;1;1;3;2A
201400008780;14;5;14;800;1;1;1;6;2A
201400008781;14;6;5;1045;2;2;1;6;2A
201400008782;14;6;11;2115;3;1;1;7;2A
201400008783;14;6;18;1730;1;1;1;3;2A
201400008784;14;7;17;1515;1;2;1;3;2A
201400008785;14;8;3;15;3;1;1;2;2A
201400008786;14;10;5;115;3;1;1;7;2A
201400008787;14;11;5;1830;3;1;2;3;2A
201400008788;14;11;14;2345;3;1;3;7;2A
201400008789;14;12;21;545;3;1;1;4;2B
201400008790;14;4;11;200;3;1;1;6;2B
201400008791;14;4;22;1030;1;1;2;6;2B
201400008792;14;6;12;1545;1;1;3;1;2B
201400008793;14;8;28;1130;1;1;1;7;2B
201400008794;14;9;18;1130;1;1;3;6;2B
201400008795;14;10;18;1045;1;1;1;3;2B
201400008796;14;10;26;1100;1;1;1;6;2B
201400008797;14;3;23;830;3;1;1;6;2B
201400008798;14;3;28;2200;5;2;1;3;2B
201400008799;14;4;1;845;1;1;1;1;2B
201400008800;14;4;14;1800;1;2;1;3;2B
201400008801;14;4;13;1245;1;2;1;3;2B
201400008802;14;4;18;1530;1;1;1;1;2B
201400008803;14;4;24;1530;1;1;1;7;2B
201400008804;14;5;5;1800;1;2;1;6;2B
201400008805;14;5;11;1330;1;2;1;3;2B
201400008806;14;6;1;800;1;1;1;3;2B
201400008807;14;6;5;1400;1;1;1;1;2B
201400008808;14;6;9;1845;1;1;1;6;2B
201400008809;14;8;14;2300;3;1;1;6;2B
201400008810;14;8;15;1930;1;2;1;1;2B
201400008811;14;10;23;1545;1;1;1;1;2B
201400008812;14;11;14;2245;3;1;3;7;2B
201400008813;14;11;29;315;5;2;1;6;2B
201400008814;14;12;24;1630;1;1;1;1;2B
201400008815;14;2;21;1215;1;1;1;1;2B
201400008816;14;3;15;1515;1;1;1;1;2B
201400008817;14;4;13;430;3;1;1;6;2B
201400008818;14;5;13;2200;5;2;1;3;2B
201400008819;14;5;22;1200;1;2;1;6;2B
201400008820;14;6;10;1400;1;1;1;1;2B
201400008821;14;6;30;15;3;1;1;6;2B
201400008822;14;8;4;1600;1;1;1;6;2B
201400008823;14;8;10;2145;1;1;1;6;2B
201400008824;14;8;18;115;3;2;1;1;2B
201400008825;14;9;21;730;2;1;1;6;2B
201400008826;14;9;27;1015;1;1;1;3;2B
201400008827;14;10;25;2145;3;1;1;7;2B
201400008828;14;12;14;1500;1;1;8;6;2B
201400008829;14;12;17;1645;2;1;8;1;2B
201400008830;14;12;15;930;1;1;1;1;2B
201400008831;14;12;26;1145;1;1;1;7;2B
201400008832;14;1;12;1515;1;1;1;7;2B
201400008833;14;1;15;730;3;1;1;1;2B
201400008834;14;4;17;1345;1;2;1;1;2B
201400008835;14;4;20;615;2;2;1;6;2B
201400008836;14;4;27;445;3;1;2;6;2B
201400008837;14;8;10;300;3;2;1;7;2B
201400008838;14;9;4;1115;1;1;1;7;2B
201400008839;14;12;17;730;2;1;1;5;2B
201400008840;14;12;26;1400;1;1;1;6;2B
201400008841;14;2;12;945;1;1;1;6;2B
201400008842;14;3;23;1;3;1;2;6;2B
201400008843;14;4;24;800;1;1;1;2;2B
201400008844;14;6;13;100;3;1;1;7;2B
201400008845;14;6;29;445;3;1;2;6;2B
201400008846;14;9;9;615;2;2;1;3;2B
201400008847;14;9;9;915;1;2;1;6;2B
201400008848;14;10;26;1445;1;1;7;5;2B
201400008849;14;12;13;1500;1;1;1;6;2B
201400008850;14;1;9;1830;3;1;1;7;2B
201400008851;14;2;20;1015;1;1;1;5;2B
201400008852;14;3;26;2030;3;1;1;3;2B
201400008853;14;5;21;1845;1;1;8;6;2B
201400008854;14;8;13;1500;1;1;1;1;2B
201400008855;14;8;28;1700;1;1;1;1;2B
201400008856;14;9;21;415;3;1;1;7;2B
201400008857;14;9;2;1415;1;1;1;2;2B
201400008858;14;10;31;1230;1;1;1;6;2B
201400008859;14;12;13;100;5;1;2;6;50
201400008860;14;3;11;1800;1;2;1;1;50
201400008861;14;3;16;2215;3;1;1;6;50
201400008862;14;3;24;1115;1;1;1;3;50
201400008863;14;4;27;1930;1;1;1;7;50
201400008864;14;5;23;945;1;1;1;1;50
201400008865;14;7;18;100;3;1;1;2;50
201400008866;14;8;29;2045;2;1;1;6;50
201400008867;14;10;4;1815;1;2;1;6;50
201400008868;14;10;18;1800;1;2;1;3;50
201400008869;14;10;29;1830;3;1;1;3;50
201400008870;14;11;6;930;1;1;1;3;50
201400008871;14;1;7;2000;3;2;2;7;50
201400008872;14;1;25;1715;1;1;1;6;50
201400008873;14;2;7;1745;1;1;1;1;50
201400008874;14;2;16;2130;4;2;1;6;50
201400008875;14;6;8;1915;1;1;1;7;50
201400008876;14;7;3;1700;1;2;1;6;50
201400008877;14;8;15;1845;1;1;7;3;50
201400008878;14;8;22;1930;1;2;1;6;50
201400008879;14;9;1;1615;1;1;1;6;50
201400008880;14;9;7;1630;1;1;1;1;50
201400008881;14;11;10;1800;3;2;8;3;50
201400008882;14;11;14;1400;1;1;3;3;50
201400008883;14;3;16;1615;2;1;7;1;50
201400008884;14;2;18;1515;1;2;1;6;50
201400008885;14;3;9;1930;2;1;1;1;50
201400008886;14;4;27;1630;1;1;1;1;50
201400008887;14;4;27;900;1;1;1;1;50
201400008888;14;5;3;945;1;1;1;5;50
201400008889;14;5;18;1330;1;1;1;6;50
201400008890;14;5;27;1815;1;1;1;5;50
201400008891;14;6;18;1000;1;1;1;5;50
201400008892;14;11;28;1630;1;1;2;6;50
201400008893;14;12;25;1745;2;1;1;1;50
201400008894;14;8;23;200;3;1;1;7;50
201400008895;14;9;2;1100;1;2;1;6;50
201400008896;14;6;29;1430;1;2;1;1;50
201400008897;14;6;7;1630;1;2;1;7;50
201400008898;14;9;15;1;3;1;1;6;50
201400008899;14;9;28;1415;1;1;1;7;50
201400008900;14;11;7;600;3;1;1;6;50
201400008901;14;12;20;1000;1;1;1;1;50
201400008902;14;10;26;1545;1;1;1;6;50
201400008903;14;11;14;1830;3;1;3;7;50
201400008904;14;6;7;1730;1;1;1;7;50
201400008905;14;7;7;1800;1;1;1;5;50
201400008906;14;8;3;1730;1;1;1;2;50
201400008907;14;11;7;1815;3;1;1;1;50
201400008908;14;3;24;800;1;1;1;6;50
201400008909;14;3;29;1115;1;1;1;1;50
201400008910;14;4;27;1045;1;1;1;6;50
201400008911;14;8;23;1630;1;1;1;6;50
201400008912;14;8;27;1415;1;1;1;2;50
201400008913;14;2;27;845;1;1;1;6;50
201400008914;14;7;29;1045;1;1;1;6;78
201400008915;14;12;8;1700;5;1;1;6;78
201400008916;14;12;11;1800;3;1;2;6;78
201400008917;14;11;8;2000;3;1;1;1;78
201400008918;14;5;31;1830;1;1;1;3;78
201400008919;14;9;7;1700;1;2;1;1;78
201400008920;14;1;17;1500;1;1;1;1;78
201400008921;14;2;27;2045;4;1;2;6;78
201400008922;14;6;20;730;1;1;1;1;78
201400008923;14;7;29;1245;1;1;1;3;78
201400008924;14;8;31;500;3;1;1;7;78
201400008925;14;9;27;615;3;1;1;6;78
201400008926;14;10;6;330;5;2;1;7;78
201400008927;14;10;9;1700;1;2;1;3;78
201400008928;14;12;13;1830;5;2;1;1;78
201400008929;14;12;15;1115;1;2;1;1;78
201400008930;14;12;21;1630;1;1;1;5;78
201400008931;14;1;7;2000;3;1;1;5;78
201400008932;14;5;2;1930;1;2;1;3;78
201400008933;14;7;31;1615;1;1;1;1;78
201400008934;14;9;8;815;1;2;1;3;78
201400008935;14;10;9;1845;1;2;1;6;78
201400008936;14;12;11;1430;1;2;1;3;78
201400008937;14;6;16;2345;3;1;1;7;78
201400008938;14;10;2;1615;1;1;1;1;78
201400008939;14;4;9;800;2;1;1;1;78
201400008940;14;6;22;830;1;1;1;3;78
201400008941;14;8;25;530;3;2;1;7;78
201400008942;14;7;23;1800;1;1;1;1;78
201400008943;14;2;13;1930;5;2;1;5;78
201400008944;14;3;9;1515;1;1;1;3;78
201400008945;14;4;15;1815;1;2;1;6;78
201400008946;14;6;29;115;3;2;1;6;78
201400008947;14;6;29;2315;3;1;1;1;78
201400008948;14;8;19;600;3;1;1;6;78
201400008949;14;9;27;700;2;2;1;3;78
201400008950;14;12;2;1600;1;2;8;6;78
201400008951;14;12;21;1730;1;1;1;1;78
201400008952;14;1;21;1030;1;2;1;6;78
201400008953;14;2;15;1545;1;1;1;7;78
201400008954;14;3;11;1330;1;1;1;3;78
201400008955;14;3;23;715;1;1;1;5;78
201400008956;14;3;25;1400;1;1;1;6;78
201400008957;14;6;25;1330;1;1;1;1;78
201400008958;14;7;20;1415;2;1;1;1;78
201400008959;14;9;6;1630;1;2;1;2;78
201400008960;14;10;15;1745;1;1;1;6;78
201400008961;14;11;8;800;1;2;1;5;78
201400008962;14;11;26;1500;1;1;2;3;78
201400008963;14;12;5;715;3;1;1;3;78
201400008964;14;12;31;700;3;1;1;2;78
201400008965;14;1;14;245;3;1;2;3;78
201400008966;14;1;20;1030;1;1;6;3;78
201400008967;14;3;21;1730;1;1;1;3;78
201400008968;14;4;18;915;1;1;1;6;78
201400008969;14;7;31;830;1;1;1;1;78
201400008970;14;8;18;1845;1;2;1;7;78
201400008971;14;10;16;1645;1;1;1;3;78
201400008972;14;1;30;1030;1;2;1;1;78
201400008973;14;2;16;1830;3;2;2;6;78
201400008974;14;3;7;1415;1;1;1;5;78
201400008975;14;5;4;815;1;1;1;6;78
201400008976;14;6;7;2315;3;1;1;3;78
201400008977;14;6;11;1430;1;1;1;3;91
201400008978;14;8;30;1100;1;1;1;6;91
201400008979;14;3;21;1630;1;1;1;3;91
201400008980;14;4;12;1715;1;1;1;5;91
201400008981;14;7;14;1115;1;2;1;3;91
201400008982;14;7;22;915;1;1;1;1;91
201400008983;14;8;6;1715;1;1;1;6;91
201400008984;14;10;6;1800;1;2;1;1;91
201400008985;14;10;29;1630;1;1;1;7;91
201400008986;14;1;18;1330;1;1;4;6;91
201400008987;14;9;1;1515;1;1;1;5;91
201400008988;14;6;9;1000;1;1;1;6;91
201400008989;14;8;3;945;1;2;1;6;91
201400008990;14;12;1;1145;1;1;1;1;91
201400008991;14;3;23;1830;1;1;1;2;91
201400008992;14;4;29;1745;1;1;1;3;91
201400008993;14;6;7;915;1;1;1;1;91
201400008994;14;8;8;2100;3;1;1;3;91
201400008995;14;8;19;1230;1;1;1;1;91
201400008996;14;11;2;1700;1;1;1;3;91
201400008997;14;12;19;1715;2;2;1;1;91
201400008998;14;2;10;1515;1;2;3;6;91
201400008999;14;3;2;1430;1;1;1;6;91
201400009000;14;6;1;2345;5;2;1;5;91
201400009001;14;6;18;1045;1;1;1;3;91
201400009002;14;6;20;1300;1;2;1;3;91
201400009003;14;3;8;930;1;1;1;3;91
201400009004;14;3;22;1045;1;1;1;3;91
201400009005;14;4;4;1130;1;1;3;1;91
201400009006;14;4;15;1300;1;1;1;1;91
201400009007;14;7;9;830;1;1;1;5;91
201400009008;14;7;20;630;1;1;1;5;91
201400009009;14;8;2;1700;1;2;1;3;91
201400009010;14;8;7;930;1;1;1;3;91
201400009011;14;10;4;700;2;1;1;1;91
201400009012;14;10;7;645;2;1;1;3;91
201400009013;14;10;12;1845;2;2;1;3;91
201400009014;14;10;13;1645;1;1;1;2;91
201400009015;14;4;23;1630;1;1;1;6;91
201400009016;14;5;26;930;1;1;1;6;91
201400009017;14;5;28;1530;1;1;1;7;91
201400009018;14;6;25;1645;1;1;1;1;91
201400009019;14;7;25;1400;1;1;1;3;91
201400009020;14;9;6;1445;1;1;1;1;91
201400009021;14;10;31;1515;1;1;1;3;91
201400009022;14;7;4;615;2;1;1;6;91
201400009023;14;7;19;1330;1;2;1;7;91
201400009024;14;7;24;1230;1;2;1;6;91
201400009025;14;7;25;2200;3;1;1;6;91
201400009026;14;8;2;1130;1;1;1;2;91
201400009027;14;8;8;945;1;2;1;3;91
201400009028;14;9;12;1145;1;1;1;6;91
201400009029;14;9;26;1430;1;2;1;6;91
201400009030;14;1;15;930;1;1;1;6;91
201400009031;14;1;24;1845;5;2;8;6;91
201400009032;14;2;14;1030;1;2;1;6;91
201400009033;14;3;16;2030;3;1;1;6;91
201400009034;14;3;26;2045;3;1;3;7;91
201400009035;14;5;3;1730;1;2;1;6;91
201400009036;14;6;21;715;1;2;1;3;91
201400009037;14;6;22;245;5;2;1;6;91
201400009038;14;6;24;1600;1;1;1;3;91
201400009039;14;6;30;1830;1;2;1;1;91
201400009040;14;7;20;1430;1;1;1;1;91
201400009041;14;8;1;1215;1;2;1;1;91
201400009042;14;9;1;1900;1;2;1;6;91
201400009043;14;9;6;245;3;1;1;6;91
201400009044;14;9;13;945;1;2;7;6;91
201400009045;14;9;16;1800;1;2;1;3;91
201400009046;14;11;18;925;1;2;1;3;91
201400009047;14;2;28;2045;3;1;3;3;91
201400009048;14;3;22;2015;3;1;8;1;91
201400009049;14;5;10;1945;1;1;1;1;91
201400009050;14;6;3;1700;1;1;1;7;91
201400009051;14;6;28;845;1;2;1;6;91