Num_Acc;an;mois;jour;hrmn;lum;agg;atm;col;dep
201400009052;14;9;14;1800;1;1;1;1;91
201400009053;14;12;8;1330;1;1;7;1;91
201400009054;14;9;1;2030;3;1;1;1;91
201400009055;14;6;3;845;1;1;1;5;91
201400009056;14;8;28;1930;1;2;1;3;91
201400009057;14;4;29;2115;3;1;1;7;91
201400009058;14;7;5;515;2;2;1;7;91
201400009059;14;8;24;2145;3;1;1;7;91
201400009060;14;10;1;1445;1;1;1;5;91
201400009061;14;11;5;830;1;2;8;3;91
201400009062;14;11;12;1830;3;1;3;3;91
201400009063;14;11;15;1700;2;1;2;1;91
201400009064;14;11;18;645;2;1;1;5;91
201400009065;14;11;21;530;3;2;1;6;91
201400009066;14;1;25;300;3;1;1;6;91
201400009067;14;3;6;1815;1;1;1;2;95
201400009068;14;4;13;1845;1;1;1;1;95
201400009069;14;4;24;1530;1;2;1;7;95
201400009070;14;6;4;1115;1;1;1;1;95
201400009071;14;6;7;1015;3;1;1;6;95
201400009072;14;7;1;1945;1;2;1;6;95
201400009073;14;9;28;1130;1;1;1;1;95
201400009074;14;1;1;330;5;2;1;6;95
201400009075;14;4;4;1430;1;1;1;1;95
201400009076;14;4;25;1000;1;1;1;1;95
201400009077;14;6;14;1415;1;1;1;3;95
201400009078;14;6;20;1645;1;2;1;3;95
201400009079;14;7;18;1700;1;1;1;1;95
201400009080;14;8;6;1215;1;2;1;1;95
201400009081;14;12;12;2300;3;1;1;7;95
201400009082;14;1;9;800;1;1;1;3;95
201400009083;14;6;19;1815;1;2;1;1;95
201400009084;14;7;20;2145;5;2;1;7;95
201400009085;14;7;27;1200;1;1;1;6;77
201400009086;14;12;4;2330;3;1;1;1;77
201400009087;14;6;6;1045;1;1;1;3;77
201400009088;14;6;24;1645;1;2;1;6;77
201400009089;14;9;13;1800;1;2;1;1;77
201400009090;14;9;19;1630;1;2;1;1;77
201400009091;14;11;28;1800;5;2;8;1;77
201400009092;14;12;2;1415;1;1;1;3;77
201400009093;14;1;15;2045;3;2;1;6;77
201400009094;14;3;28;745;1;1;1;2;77
201400009095;14;5;17;1800;1;2;1;6;77
201400009096;14;6;14;1315;1;2;1;6;77
201400009097;14;9;1;1;3;1;1;7;77
201400009098;14;9;5;330;5;2;1;6;77
201400009099;14;12;5;30;5;2;2;7;77
201400009100;14;6;27;15;3;1;1;7;77
201400009101;14;7;14;1600;1;1;1;1;77
201400009102;14;8;9;530;2;1;1;6;77
201400009103;14;2;17;1630;1;1;1;1;77
201400009104;14;5;8;1930;1;1;1;1;77
201400009105;14;5;17;1345;1;1;1;3;77
201400009106;14;6;15;1700;1;1;1;7;77
201400009107;14;7;21;1645;1;1;1;2;77
201400009108;14;7;27;1900;1;1;1;7;77
201400009109;14;10;9;1730;1;1;1;1;77
201400009110;14;3;23;1845;3;1;1;7;77
201400009111;14;7;5;1415;1;1;1;3;77
201400009112;14;12;11;715;2;2;1;3;77
201400009113;14;1;20;645;5;1;1;5;77
201400009114;14;9;6;1545;1;1;1;5;77
201400009115;14;9;29;1500;1;1;1;5;77
201400009116;14;3;16;1600;1;1;1;1;77
201400009117;14;6;12;1145;1;1;1;6;77
201400009118;14;6;29;945;1;1;1;2;77
201400009119;14;7;25;1615;1;1;1;1;77
201400009120;14;8;5;1600;1;1;1;5;77
201400009121;14;9;21;1730;1;1;1;1;77
201400009122;14;10;31;1830;3;1;1;6;77
201400009123;14;11;12;1600;1;1;2;6;77
201400009124;14;11;28;1715;3;1;3;5;77
201400009125;14;12;8;1130;2;2;1;3;77
201400009126;14;12;22;2315;5;2;1;6;77
201400009127;14;1;20;1750;5;2;1;6;77
201400009128;14;2;20;2120;5;2;1;7;77
201400009129;14;2;25;2020;5;2;1;6;77
201400009130;14;2;28;2235;5;2;4;6;77
201400009131;14;3;16;350;5;2;1;6;77
201400009132;14;3;21;1750;1;2;1;6;77
201400009133;14;3;28;1345;1;2;1;6;77
201400009134;14;4;28;1200;1;2;1;3;77
201400009135;14;5;3;1800;1;2;1;7;77
201400009136;14;6;16;1430;1;2;1;3;77
201400009137;14;7;11;1630;1;2;1;4;77
201400009138;14;7;19;1715;1;2;1;3;77
201400009139;14;7;23;1605;1;2;1;2;77
201400009140;14;7;23;1615;1;2;1;3;77
201400009141;14;7;27;1010;1;2;1;1;77
201400009142;14;7;29;1405;1;2;1;3;77
201400009143;14;7;30;1120;1;2;1;6;77
201400009144;14;8;2;1045;1;2;1;1;77
201400009145;14;8;8;1607;1;2;1;3;77
201400009146;14;8;15;1310;1;2;1;3;77
201400009147;14;8;16;1137;1;2;7;6;77
201400009148;14;8;23;1420;1;2;1;2;77
201400009149;14;7;23;910;1;2;1;7;77
201400009150;14;9;30;720;1;2;3;6;77
201400009151;14;10;18;1020;1;2;1;6;77
201400009152;14;11;5;1745;5;2;2;6;77
201400009153;14;11;5;1850;3;1;2;7;77
201400009154;14;11;24;815;1;2;1;3;77
201400009155;14;12;13;1945;5;2;1;2;77
201400009156;14;1;9;1245;1;2;1;6;77
201400009157;14;1;12;1935;5;2;1;3;77
201400009158;14;4;5;1345;1;2;1;6;77
201400009159;14;4;17;2005;1;2;1;3;77
201400009160;14;4;29;2230;5;2;1;5;77
201400009161;14;6;5;1315;1;1;1;1;77
201400009162;14;6;9;1220;1;1;7;7;77
201400009163;14;6;6;910;1;2;1;6;77
201400009164;14;6;10;820;1;2;1;6;77
201400009165;14;6;19;730;1;2;1;3;77
201400009166;14;6;24;1530;1;2;1;6;77
201400009167;14;6;25;1730;1;2;1;3;77
201400009168;14;7;3;950;1;2;1;3;77
201400009169;14;7;5;1545;1;1;1;7;77
201400009170;14;7;9;1230;1;2;1;1;77
201400009171;14;7;10;1930;1;2;8;2;77
201400009172;14;8;20;1455;1;2;1;3;77
201400009173;14;8;29;1709;1;2;1;3;77
201400009174;14;9;14;800;1;2;1;6;77
201400009175;14;9;15;2345;5;2;2;6;77
201400009176;14;10;17;1810;1;2;1;6;77
201400009177;14;10;18;1131;1;2;1;6;77
201400009178;14;10;30;1700;1;2;1;3;77
201400009179;14;11;12;1535;1;2;2;6;77
201400009180;14;12;13;2348;5;2;1;1;77
201400009181;14;12;17;1010;1;2;1;1;77
201400009182;14;5;15;2315;3;1;1;7;77
201400009183;14;5;18;1600;1;1;1;7;77
201400009184;14;6;15;1845;1;1;1;2;77
201400009185;14;7;7;1730;1;2;1;6;77
201400009186;14;7;29;830;1;1;1;3;77
201400009187;14;10;31;1045;1;2;1;2;77
201400009188;14;4;23;1730;1;1;1;1;77
201400009189;14;11;1;1100;1;1;1;1;77
201400009190;14;4;1;715;1;1;1;7;77
201400009191;14;4;2;1500;1;1;1;2;77
201400009192;14;3;25;845;1;1;2;3;77
201400009193;14;11;29;1300;1;1;1;2;77
201400009194;14;12;29;1615;2;2;1;3;77
201400009195;14;8;6;1200;1;2;2;1;77
201400009196;14;9;17;1700;1;1;1;3;77
201400009197;14;10;19;1745;1;1;1;5;77
201400009198;14;11;29;815;1;1;1;6;77
201400009199;14;4;24;800;1;2;1;5;77
201400009200;14;6;7;230;3;1;1;6;77
201400009201;14;7;9;1215;1;2;1;3;77
201400009202;14;7;31;1100;1;1;1;1;77
201400009203;14;9;17;900;1;2;1;6;77
201400009204;14;11;12;1815;5;2;1;6;77
201400009205;14;2;11;1215;1;2;8;3;77
201400009206;14;6;6;1230;1;1;1;3;77
201400009207;14;8;1;945;1;1;1;6;77
201400009208;14;12;22;1900;3;1;1;7;77
201400009209;14;6;28;1945;1;1;1;3;77
201400009210;14;7;10;1915;5;2;1;7;77
201400009211;14;9;21;415;3;1;2;6;77
201400009212;14;2;18;1700;1;1;1;4;77
201400009213;14;3;10;2015;3;1;1;7;77
201400009214;14;6;4;1230;1;1;3;2;77
201400009215;14;6;15;1515;1;1;1;1;77
201400009216;14;2;16;1730;1;1;1;1;77
201400009217;14;3;27;1715;1;1;1;3;77
201400009218;14;7;10;1145;1;2;1;6;77
201400009219;14;2;9;1145;1;2;1;6;77
201400009220;14;2;12;900;1;1;1;2;77
201400009221;14;3;5;100;3;1;1;1;77
201400009222;14;3;31;1030;1;2;1;3;77
201400009223;14;4;9;900;1;1;1;1;77
201400009224;14;8;10;1215;1;1;1;6;77
201400009225;14;9;6;2115;3;1;1;6;77
201400009226;14;1;5;830;1;1;1;6;77
201400009227;14;3;22;1600;1;1;1;4;45
201400009228;14;4;13;1930;1;2;1;6;45
201400009229;14;7;3;845;1;1;1;2;45
201400009230;14;2;2;1000;1;1;1;6;45
201400009231;14;2;26;800;2;1;1;2;45
201400009232;14;3;3;1930;3;1;1;3;45
201400009233;14;4;30;1745;1;1;1;3;45
201400009234;14;5;24;1000;1;2;1;6;45
201400009235;14;5;29;1030;1;2;1;6;45
201400009236;14;8;13;1000;1;2;1;7;45
201400009237;14;8;26;2245;1;1;2;6;45
201400009238;14;9;13;1600;1;1;1;6;45
201400009239;14;9;13;1600;1;1;1;1;45
201400009240;14;7;2;1745;1;1;1;6;45
201400009241;14;7;18;1745;1;1;1;1;45
201400009242;14;8;20;1430;1;2;1;6;45
201400009243;14;11;8;1015;1;2;1;7;45
201400009244;14;4;12;1230;1;2;1;3;45
201400009245;14;2;7;745;1;2;1;6;45
201400009246;14;3;20;1745;1;2;1;3;45
201400009247;14;9;3;1745;1;2;1;6;45
201400009248;14;10;25;1600;1;2;1;3;45
201400009249;14;10;26;1845;3;1;1;2;45
201400009250;14;4;9;1430;1;2;1;1;45
201400009251;14;6;5;1800;1;1;7;3;45
201400009252;14;6;13;1915;1;2;1;7;45
201400009253;14;9;11;2130;5;2;1;3;45
201400009254;14;11;21;1645;1;1;1;2;45
201400009255;14;11;26;930;1;2;2;6;45
201400009256;14;1;5;1615;1;1;1;3;45
201400009257;14;1;28;1645;1;1;1;1;45
201400009258;14;3;11;1545;1;1;1;2;45
201400009259;14;3;14;1845;1;2;1;6;45
201400009260;14;6;5;2230;5;2;1;1;45
201400009261;14;6;12;1615;1;1;1;1;45
201400009262;14;8;3;1500;1;1;1;3;45
201400009263;14;8;10;1045;1;1;1;1;45
201400009264;14;11;19;815;1;1;1;1;45
201400009265;14;1;9;1830;3;1;8;6;45
201400009266;14;4;5;2000;1;2;1;3;45
201400009267;14;4;8;1600;1;2;1;3;45
201400009268;14;7;5;1145;1;1;1;1;45
201400009269;14;11;17;1030;1;1;8;7;45
201400009270;14;12;5;1830;1;2;8;6;45
201400009271;14;12;8;1230;1;1;2;6;45
201400009272;14;12;18;900;1;1;1;7;45
201400009273;14;5;26;1115;1;2;2;6;45
201400009274;14;6;16;1915;2;1;1;6;45
201400009275;14;6;14;1800;1;2;7;3;45
201400009276;14;7;4;1345;1;1;8;6;45
201400009277;14;10;19;1130;1;1;1;3;45
201400009278;14;12;20;1730;5;2;2;6;45
201400009279;14;4;20;1800;1;1;1;6;45
201400009280;14;6;18;1545;1;1;1;2;45
201400009281;14;7;13;1515;1;1;3;3;45
201400009282;14;7;23;1745;1;1;8;1;45
201400009283;14;5;3;1;5;2;1;1;45
201400009284;14;8;2;1030;1;2;1;3;45
201400009285;14;8;9;1300;1;1;1;7;45
201400009286;14;9;13;800;1;1;1;6;45
201400009287;14;12;2;1830;5;2;2;6;45
201400009288;14;2;17;1815;1;2;1;6;45
201400009289;14;3;20;730;1;2;1;3;45
201400009290;14;4;10;15;3;1;1;4;45
201400009291;14;8;1;1745;1;1;1;2;45
201400009292;14;10;3;1845;1;1;1;2;45
201400009293;14;12;18;1815;5;1;1;2;45
201400009294;14;1;21;715;2;1;1;1;45
201400009295;14;4;7;1500;1;2;1;1;45
201400009296;14;11;10;715;2;1;5;1;45
201400009297;14;1;16;1815;3;1;2;6;45
201400009298;14;1;21;730;3;1;2;3;45
201400009299;14;1;23;815;2;1;8;5;45
201400009300;14;2;4;930;1;1;2;6;45
201400009301;14;2;23;45;3;1;2;6;45
201400009302;14;4;24;2045;1;1;1;7;45
201400009303;14;5;2;830;1;1;2;6;45
201400009304;14;7;10;945;1;2;2;1;45
201400009305;14;9;18;1515;1;1;1;2;45
201400009306;14;10;4;1530;1;1;1;5;45
201400009307;14;10;6;1800;2;1;2;3;45
201400009308;14;10;19;1000;1;2;1;3;45
201400009309;14;12;12;1730;3;1;2;3;45
201400009310;14;12;15;900;1;1;8;7;45
201400009311;14;12;30;730;3;1;4;2;45
201400009312;14;5;20;700;1;1;1;5;45
201400009313;14;7;27;2000;1;1;1;2;45
201400009314;14;8;27;1745;1;1;1;2;45
201400009315;14;10;18;1545;1;1;1;1;45
201400009316;14;12;12;1745;3;1;2;3;45
201400009317;14;12;18;745;5;2;1;6;45
201400009318;14;2;23;1645;1;1;1;3;45
201400009319;14;3;25;1645;1;1;2;2;45
201400009320;14;8;9;1730;1;1;1;1;45
201400009321;14;11;13;145;5;1;1;7;45
201400009322;14;1;15;630;3;1;2;2;45
201400009323;14;1;18;1445;1;2;1;4;45
201400009324;14;2;1;1915;5;1;1;1;45
201400009325;14;2;5;745;2;1;1;7;45
201400009326;14;2;6;1930;5;2;1;3;45
201400009327;14;2;12;845;1;1;1;7;45
201400009328;14;2;24;2030;3;2;1;3;45
201400009329;14;5;15;2000;1;1;1;6;45
201400009330;14;5;27;1000;1;1;1;7;45
201400009331;14;11;4;815;1;1;1;1;45
201400009332;14;11;12;545;3;1;9;2;45
201400009333;14;12;11;1800;3;1;2;6;45
201400009334;14;12;27;830;3;1;1;6;45
201400009335;14;8;29;345;3;1;1;6;45
201400009336;14;1;31;1300;1;1;1;6;45
201400009337;14;5;10;615;2;2;1;6;18
201400009338;14;6;12;2000;1;1;1;3;18
201400009339;14;7;1;830;1;1;1;1;18
201400009340;14;8;28;645;2;1;1;1;18
201400009341;14;4;9;1415;1;1;1;5;18
201400009342;14;6;14;1415;1;1;1;6;18
201400009343;14;6;27;1645;1;1;2;1;18
201400009344;14;11;10;715;3;1;1;4;18
201400009345;14;1;5;1830;3;1;1;1;18
201400009346;14;5;19;1300;1;1;1;1;18
201400009347;14;8;29;230;5;2;1;6;18
201400009348;14;11;8;1015;1;2;1;6;18
201400009349;14;12;3;2000;5;2;2;6;18
201400009350;14;6;9;1800;1;1;2;3;18
201400009351;14;8;10;1545;1;2;8;1;18
201400009352;14;12;3;1;3;1;2;6;18
201400009353;14;5;26;1615;1;1;1;3;18
201400009354;14;1;3;1730;2;1;1;1;18
201400009355;14;7;15;745;1;1;1;1;18
201400009356;14;2;23;1715;1;1;1;6;18
201400009357;14;5;8;1815;1;1;2;1;18
201400009358;14;2;3;1530;1;1;7;1;18
201400009359;14;1;30;1330;1;2;1;6;18
201400009360;14;4;22;900;1;1;1;6;18
201400009361;14;6;12;745;1;2;1;3;18
201400009362;14;6;27;1645;1;1;1;1;18
201400009363;14;7;5;715;2;1;2;5;28
201400009364;14;11;16;1800;3;1;2;5;28
201400009365;14;11;21;1830;3;1;1;1;28
201400009366;14;11;23;2045;3;1;1;5;28
201400009367;14;11;24;2245;3;1;1;6;28
201400009368;14;11;29;1745;3;1;1;1;28
201400009369;14;12;30;1415;1;1;2;5;28
201400009370;14;2;4;715;2;1;1;1;28
201400009371;14;5;6;1130;1;1;1;3;28
201400009372;14;10;13;1500;1;1;1;2;28
201400009373;14;12;7;515;3;1;5;6;28
201400009374;14;12;21;1815;2;1;1;5;28
201400009375;14;3;9;1615;1;1;1;5;28
201400009376;14;3;21;1545;1;1;1;7;28
201400009377;14;12;9;1245;1;1;1;5;28
201400009378;14;12;13;2115;3;1;2;1;28
201400009379;14;1;27;545;3;1;2;1;28
201400009380;14;2;12;830;1;2;8;3;28
201400009381;14;4;7;1915;1;2;1;6;28
201400009382;14;4;9;945;1;1;1;7;28
201400009383;14;5;13;1900;1;2;1;3;28
201400009384;14;9;27;1300;1;2;1;3;28
201400009385;14;11;13;1900;3;1;2;3;28
201400009386;14;11;29;1245;1;2;1;6;28
201400009387;14;1;30;845;2;1;2;6;28
201400009388;14;3;28;830;1;1;1;2;28
201400009389;14;4;16;1815;1;1;1;3;28
201400009390;14;4;22;1530;1;2;1;6;28
201400009391;14;6;15;1630;1;1;1;2;28
201400009392;14;6;22;1300;1;1;7;3;28
201400009393;14;8;29;1000;1;2;1;1;28
201400009394;14;9;13;1500;1;1;1;1;28
201400009395;14;10;1;1430;1;1;1;1;28
201400009396;14;10;3;1130;1;1;1;3;28
201400009397;14;10;21;1145;1;1;1;2;28
201400009398;14;12;20;1330;1;1;1;6;28
201400009399;14;12;22;1430;1;1;1;7;28
201400009400;14;1;17;815;1;2;1;6;28
201400009401;14;4;8;1330;1;2;1;6;28
201400009402;14;4;22;1515;1;2;1;6;28
201400009403;14;5;4;1815;1;1;1;1;28
201400009404;14;7;24;730;3;1;1;6;28
201400009405;14;9;27;1915;1;1;1;3;28
201400009406;14;11;1;1030;3;1;1;1;28
201400009407;14;11;13;1600;1;2;1;6;28
201400009408;14;11;21;1345;1;1;1;6;28
201400009409;14;1;7;1830;3;1;2;6;28
201400009410;14;2;17;1630;1;1;1;2;28
201400009411;14;5;3;1245;1;1;1;6;28
201400009412;14;5;28;1745;1;1;1;5;28
201400009413;14;6;24;1000;1;1;1;5;28
201400009414;14;8;17;1445;1;1;1;1;28
201400009415;14;10;22;2015;3;1;1;2;28
201400009416;14;10;22;1945;3;1;1;3;28
201400009417;14;11;15;800;1;1;1;1;28
201400009418;14;11;26;915;1;1;8;3;28
201400009419;14;11;26;1500;1;1;1;7;28
201400009420;14;4;4;1415;1;1;8;3;28
201400009421;14;3;11;1745;1;1;1;3;28
201400009422;14;3;31;1015;1;1;1;3;28
201400009423;14;4;22;1730;1;2;1;6;28
201400009424;14;5;5;815;1;1;1;5;28
201400009425;14;5;11;1400;1;1;1;1;28
201400009426;14;7;15;1715;1;1;1;1;28
201400009427;14;8;20;1915;1;1;1;1;28
201400009428;14;9;10;1700;1;2;1;6;28
201400009429;14;6;25;1600;1;1;1;3;28
201400009430;14;7;25;1830;1;1;1;3;28
201400009431;14;7;30;1630;1;1;1;1;28
201400009432;14;3;8;1430;1;1;1;3;28
201400009433;14;4;5;1700;1;1;1;1;28
201400009434;14;6;12;1645;1;2;1;6;28
201400009435;14;6;24;1945;1;2;1;1;28
201400009436;14;8;3;1600;1;1;1;1;28
201400009437;14;3;17;1730;2;1;1;2;28
201400009438;14;9;17;1445;1;2;1;6;28
201400009439;14;9;22;1130;1;1;1;3;28
201400009440;14;1;10;1000;1;1;5;6;28
201400009441;14;1;21;800;1;1;5;5;28
201400009442;14;3;29;445;3;1;1;6;28
201400009443;14;4;11;2300;3;1;1;3;28
201400009444;14;6;30;1730;1;1;1;3;28
201400009445;14;7;19;1700;1;1;1;3;28
201400009446;14;9;1;630;2;1;1;1;28
201400009447;14;1;26;1830;3;2;3;3;28
201400009448;14;2;9;1745;2;1;1;2;28
201400009449;14;5;3;1545;1;1;1;1;28
201400009450;14;6;24;745;1;1;1;1;28
201400009451;14;9;23;745;1;2;1;6;28
201400009452;14;10;1;1215;1;2;7;1;28
201400009453;14;11;1;1415;1;1;1;6;28
201400009454;14;1;13;800;2;2;1;6;28
201400009455;14;6;7;1215;1;1;2;6;28
201400009456;14;9;27;1500;1;1;1;7;28
201400009457;14;10;9;1830;1;1;1;3;28
201400009458;14;10;25;15;3;1;8;6;28
201400009459;14;10;27;845;1;1;5;1;28
201400009460;14;12;7;815;1;1;5;3;28
201400009461;14;12;27;1645;2;1;2;3;28
201400009462;14;3;23;600;2;1;1;6;28
201400009463;14;4;11;1530;1;1;1;6;28
201400009464;14;6;21;1900;1;1;1;1;28
201400009465;14;7;12;745;2;1;2;6;28
201400009466;14;3;25;445;3;1;1;1;28
201400009467;14;4;25;1830;1;2;1;7;28
201400009468;14;6;20;1615;1;1;1;1;28
201400009469;14;6;24;1545;1;1;1;6;28
201400009470;14;6;25;1915;1;1;1;3;28
201400009471;14;8;31;1830;1;2;1;3;28
201400009472;14;10;7;1900;2;1;7;5;28
201400009473;14;10;9;1430;1;1;1;1;28
201400009474;14;10;10;645;3;1;8;3;28
201400009475;14;10;11;30;3;1;2;7;28
201400009476;14;3;9;1630;1;1;1;2;28
201400009477;14;3;25;745;1;1;8;1;28
201400009478;14;5;4;1815;1;1;1;6;28
201400009479;14;5;8;1830;1;1;2;7;28
201400009480;14;6;1;1845;1;1;1;3;28
201400009481;14;6;27;1500;1;1;1;1;28
201400009482;14;7;2;2045;2;1;1;7;28
201400009483;14;7;4;1615;1;1;1;3;28
201400009484;14;7;7;1800;1;1;2;3;28
201400009485;14;8;11;1130;1;1;1;1;28
201400009486;14;10;16;815;1;1;1;1;28
201400009487;14;10;22;1115;1;1;1;4;28
201400009488;14;12;26;1700;3;1;1;1;28
201400009489;14;3;30;1115;1;1;1;1;28
201400009490;14;5;4;130;3;1;1;1;28
201400009491;14;5;15;745;1;1;1;5;28
201400009492;14;4;30;745;1;1;2;6;36
201400009493;14;7;18;300;3;1;1;7;36
201400009494;14;9;27;1115;1;2;1;6;36
201400009495;14;5;27;1930;1;1;1;5;36
201400009496;14;9;7;1645;1;1;1;6;36
201400009497;14;10;8;1715;1;2;3;3;36
201400009498;14;1;2;1130;1;2;1;3;36
201400009499;14;3;30;615;5;2;1;6;36
201400009500;14;3;30;1445;1;2;1;3;36
201400009501;14;5;5;1245;1;1;1;5;36
201400009502;14;6;1;845;1;1;1;3;36
201400009503;14;9;14;1200;1;1;1;1;36
201400009504;14;12;3;1600;1;1;8;3;36
201400009505;14;3;13;1400;1;2;1;6;36
201400009506;14;5;15;730;1;2;1;3;36
201400009507;14;9;27;430;3;1;1;1;36
201400009508;14;10;3;2245;5;2;1;3;36
201400009509;14;10;11;1415;1;1;1;3;36
201400009510;14;2;24;1715;1;2;1;3;36
201400009511;14;6;12;1630;1;1;1;2;36
201400009512;14;7;3;1815;1;1;1;1;36
201400009513;14;10;1;2015;3;2;1;6;36
201400009514;14;10;18;1600;1;2;1;3;36
201400009515;14;10;31;1800;2;1;1;6;36
201400009516;14;11;9;115;5;2;1;1;36
201400009517;14;11;26;745;2;1;2;5;36
201400009518;14;12;5;730;3;1;8;1;36
201400009519;14;1;3;1800;5;2;8;6;36
201400009520;14;2;6;1700;1;1;1;5;36
201400009521;14;3;11;1245;1;2;1;3;36
201400009522;14;4;24;1545;1;2;1;6;36
201400009523;14;7;7;1500;1;2;1;6;36
201400009524;14;7;12;1000;1;2;1;6;36
201400009525;14;7;15;1500;1;1;1;6;36
201400009526;14;8;11;1615;1;1;1;3;36
201400009527;14;9;5;1800;1;1;1;1;36
201400009528;14;9;14;900;1;2;7;3;36
201400009529;14;9;16;1400;1;1;1;3;36
201400009530;14;9;24;1215;1;1;1;3;36
201400009531;14;1;25;2030;5;2;2;1;36
201400009532;14;1;28;1815;5;2;2;6;36
201400009533;14;3;19;1315;1;1;1;1;36
201400009534;14;4;7;845;1;1;1;5;36
201400009535;14;7;28;645;1;1;2;6;36
201400009536;14;3;3;600;3;1;2;2;36
201400009537;14;3;22;1300;1;1;8;3;36
201400009538;14;4;24;1645;1;1;1;1;36
201400009539;14;4;26;2100;3;1;2;2;36
201400009540;14;5;16;1000;1;2;1;6;36
201400009541;14;5;16;1800;1;1;1;1;36
201400009542;14;5;31;1145;1;2;1;5;36
201400009543;14;6;17;1100;1;1;1;3;36
201400009544;14;7;5;800;1;1;2;6;36
201400009545;14;7;9;1400;1;1;2;3;36
201400009546;14;11;28;2000;3;1;1;3;36
201400009547;14;2;5;2030;3;1;1;1;36
201400009548;14;3;30;1700;1;2;1;6;36
201400009549;14;6;6;1730;1;1;1;6;36
201400009550;14;6;14;1500;1;1;1;6;36
201400009551;14;8;1;2000;1;1;1;1;37
201400009552;14;8;2;400;3;1;1;1;37
201400009553;14;8;3;1500;1;1;1;3;37
201400009554;14;8;12;1600;1;1;1;3;37
201400009555;14;9;24;2215;2;1;5;3;37
201400009556;14;9;27;2030;3;1;1;6;37
201400009557;14;11;19;1415;1;1;1;6;37
201400009558;14;1;21;800;2;1;8;5;37
201400009559;14;2;22;1;3;1;2;6;37
201400009560;14;3;14;1645;1;2;1;6;37
201400009561;14;4;16;1445;1;1;1;3;37
201400009562;14;4;26;1300;1;1;2;7;37
201400009563;14;5;20;1100;1;1;1;6;37
201400009564;14;6;11;1200;1;1;7;3;37
201400009565;14;7;18;715;1;1;7;5;37
201400009566;14;8;18;330;3;1;1;3;37
201400009567;14;9;5;2115;3;1;1;7;37
201400009568;14;12;23;1745;3;1;1;1;37
201400009569;14;1;2;1530;1;1;1;3;37
201400009570;14;2;6;700;2;1;2;6;37
201400009571;14;2;15;1900;3;1;1;6;37
201400009572;14;2;23;530;3;1;1;6;37
201400009573;14;5;9;1445;1;1;1;3;37
201400009574;14;6;9;1630;1;1;1;1;37
201400009575;14;7;14;445;3;1;1;6;37
201400009576;14;7;18;1745;1;1;1;6;37
201400009577;14;9;20;1100;1;1;1;1;37
201400009578;14;4;7;1445;1;1;1;1;37
201400009579;14;5;16;1130;1;2;1;5;37
201400009580;14;5;16;1430;1;1;1;3;37
201400009581;14;6;17;1630;1;1;1;1;37
201400009582;14;1;29;930;1;1;2;1;37
201400009583;14;5;3;1915;1;1;1;6;37
201400009584;14;5;9;1845;1;1;1;6;37
201400009585;14;6;7;930;1;2;1;3;37
201400009586;14;3;28;2030;3;1;1;7;37
201400009587;14;4;5;2115;5;2;1;6;37
201400009588;14;4;12;30;5;2;1;6;37
201400009589;14;6;5;630;2;2;1;1;37
201400009590;14;9;1;1800;1;1;1;3;37
201400009591;14;3;6;1730;1;2;1;6;37
201400009592;14;4;29;2100;3;1;3;2;37
201400009593;14;5;6;1815;1;1;1;6;37
201400009594;14;5;24;1530;1;1;1;7;37
201400009595;14;6;13;2030;1;1;1;6;37
201400009596;14;6;21;1115;1;2;1;6;37
201400009597;14;10;27;1530;1;2;7;6;37
201400009598;14;4;8;1730;1;2;1;3;37
201400009599;14;5;22;1900;1;2;7;3;37
201400009600;14;6;29;1930;1;2;1;6;37
201400009601;14;7;22;1515;1;1;1;6;37
201400009602;14;4;23;1015;1;2;1;3;37
201400009603;14;9;12;2215;3;1;1;3;37
201400009604;14;10;20;1730;1;2;2;3;37
201400009605;14;11;6;1645;2;2;7;6;37
201400009606;14;12;1;1415;1;1;1;3;37
201400009607;14;6;28;1545;1;1;1;3;37
201400009608;14;10;2;1800;1;1;1;1;37
201400009609;14;8;9;1930;1;1;1;3;37
201400009610;14;6;29;15;5;2;1;6;37
201400009611;14;6;30;1815;1;1;1;3;37
201400009612;14;7;4;330;5;2;2;6;37
201400009613;14;7;8;1645;1;1;1;1;37
201400009614;14;8;14;15;3;1;1;6;37
201400009615;14;11;1;1600;1;2;7;6;37
201400009616;14;2;6;445;3;1;1;1;37
201400009617;14;2;20;645;2;1;2;3;37
201400009618;14;4;12;2145;3;1;1;1;37
201400009619;14;6;14;200;3;1;1;6;37
201400009620;14;8;8;800;1;2;1;3;37
201400009621;14;10;14;1500;1;2;1;6;37
201400009622;14;10;16;1915;4;2;3;3;37
201400009623;14;10;17;1030;1;2;1;6;37
201400009624;14;12;11;2030;5;2;1;6;37
201400009625;14;12;17;845;1;2;3;6;37
201400009626;14;2;19;1915;3;1;8;6;37
201400009627;14;6;4;800;1;1;2;6;37
201400009628;14;6;15;345;3;1;1;6;37
201400009629;14;7;11;2100;1;1;1;3;37
201400009630;14;11;4;1315;1;1;8;1;37
201400009631;14;1;23;1930;5;2;2;6;37
201400009632;14;1;25;200;3;1;3;6;37
201400009633;14;2;9;330;3;1;6;6;37
201400009634;14;2;22;1730;1;1;1;6;37
201400009635;14;3;19;2000;3;1;1;3;37
201400009636;14;4;6;1400;1;2;1;6;37
201400009637;14;5;17;715;1;1;1;6;37
201400009638;14;5;29;1430;1;1;1;7;37