Num_Acc;an;mois;jour;hrmn;lum;agg;atm;col;dep
201400009639;14;5;30;500;2;1;5;6;37
201400009640;14;6;26;115;5;1;1;1;37
201400009641;14;7;8;1545;1;1;2;1;37
201400009642;14;8;17;445;3;1;1;6;37
201400009643;14;8;24;715;1;1;1;6;37
201400009644;14;9;2;830;1;1;1;4;37
201400009645;14;9;27;1900;1;1;1;7;37
201400009646;14;10;8;745;2;1;3;1;37
201400009647;14;10;19;530;2;1;1;2;37
201400009648;14;10;31;1615;1;1;1;5;37
201400009649;14;12;5;1415;1;1;1;1;37
201400009650;14;1;23;1700;1;1;8;1;37
201400009651;14;4;11;1800;1;1;1;3;37
201400009652;14;4;16;700;1;1;1;3;41
201400009653;14;5;16;1900;1;1;1;3;41
201400009654;14;8;1;2100;1;1;1;1;41
201400009655;14;10;7;1800;1;1;1;1;41
201400009656;14;10;27;1715;1;2;1;1;41
201400009657;14;7;22;830;1;2;1;6;41
201400009658;14;7;22;915;1;1;1;3;41
201400009659;14;9;12;1915;2;1;7;5;41
201400009660;14;9;28;15;4;2;1;6;41
201400009661;14;2;5;715;5;2;9;6;41
201400009662;14;3;23;900;1;1;1;6;41
201400009663;14;3;30;1815;1;1;1;6;41
201400009664;14;4;12;1600;1;1;1;3;41
201400009665;14;4;19;2245;3;1;2;7;41
201400009666;14;5;2;2230;3;1;1;2;41
201400009667;14;6;4;1145;1;1;2;3;41
201400009668;14;9;11;2045;5;2;1;7;41
201400009669;14;9;18;1800;1;2;1;2;41
201400009670;14;9;20;1545;1;1;1;2;41
201400009671;14;10;2;800;1;1;1;1;41
201400009672;14;10;6;2015;3;1;1;2;41
201400009673;14;10;16;1415;1;1;1;3;41
201400009674;14;11;8;2345;3;1;1;1;41
201400009675;14;11;28;1730;2;1;2;1;41
201400009676;14;1;14;615;5;2;9;3;41
201400009677;14;1;22;745;3;1;1;6;41
201400009678;14;3;18;1600;1;2;1;6;41
201400009679;14;5;31;1400;1;2;1;6;41
201400009680;14;7;6;1500;1;1;2;6;33
201400009681;14;7;10;115;3;1;2;1;33
201400009682;14;8;1;800;1;1;1;1;33
201400009683;14;2;2;845;1;1;9;1;33
201400009684;14;2;9;630;1;1;1;6;33
201400009685;14;2;15;1330;1;1;1;6;29
201400009686;14;2;27;1600;1;2;1;7;29
201400009687;14;2;26;1545;1;2;1;6;29
201400009688;14;3;19;1900;3;1;1;7;29
201400009689;14;4;8;1845;1;1;1;3;29
201400009690;14;5;13;1630;1;1;2;3;29
201400009691;14;6;28;1930;1;1;1;5;29
201400009692;14;6;28;1900;2;1;3;7;29
201400009693;14;7;18;1230;1;1;1;6;29
201400009694;14;8;25;1015;1;1;2;3;29
201400009695;14;9;6;2045;3;1;1;7;29
201400009696;14;9;12;1815;1;2;1;3;29
201400009697;14;9;27;1815;1;1;1;1;29
201400009698;14;10;4;1700;1;2;1;6;29
201400009699;14;10;10;1245;1;1;1;3;29
201400009700;14;10;10;2100;5;2;1;3;29
201400009701;14;12;4;1800;5;2;2;6;29
201400009702;14;12;23;1845;3;1;1;1;29
201400009703;14;1;30;1700;1;1;4;1;29
201400009704;14;3;14;1045;1;1;1;3;29
201400009705;14;4;20;1700;1;2;1;7;29
201400009706;14;8;5;1100;1;2;1;3;29
201400009707;14;9;21;1500;1;1;1;6;29
201400009708;14;11;12;1400;1;1;1;3;29
201400009709;14;11;15;1445;1;1;1;6;29
201400009710;14;11;18;1800;5;2;1;6;13
201400009711;14;12;29;2215;3;1;1;6;13
201400009712;14;4;25;330;3;1;3;1;95
201400009713;14;8;15;1630;1;1;2;3;44
201400009714;14;9;7;1745;1;1;1;7;44
201400009715;14;11;11;2345;3;1;2;6;33
201400009716;14;11;18;2145;3;1;5;2;33
201400009717;14;12;24;1445;1;1;8;1;33
201400009718;14;2;22;715;1;1;1;6;33
201400009719;14;3;24;1315;1;1;1;5;33
201400009720;14;7;25;1515;1;1;1;3;33
201400009721;14;7;25;1945;1;1;1;6;33
201400009722;14;8;19;2115;5;2;1;2;87
201400009723;14;9;10;2000;1;1;1;3;87
201400009724;14;11;16;1715;2;2;8;5;87
201400009725;14;11;22;1530;1;1;1;7;87
201400009726;14;12;11;2315;3;1;1;6;87
201400009727;14;2;22;1430;1;1;1;7;87
201400009728;14;4;25;1900;1;1;1;1;87
201400009729;14;6;6;1645;1;1;1;5;60
201400009730;14;7;4;1445;1;1;1;3;60
201400009731;14;7;13;1145;1;1;2;7;60
201400009732;14;7;16;815;1;2;1;6;60
201400009733;14;10;23;830;1;1;1;5;60
201400009734;14;10;26;1045;1;1;1;7;60
201400009735;14;11;7;800;1;1;2;1;60
201400009736;14;12;4;1000;1;1;1;7;60
201400009737;14;12;15;1745;3;1;2;2;60
201400009738;14;12;22;1915;3;1;1;6;60
201400009739;14;12;30;1015;1;1;1;7;60
201400009740;14;1;18;1915;3;1;2;2;60
201400009741;14;4;3;1445;1;1;1;1;60
201400009742;14;5;23;130;3;1;1;6;33
201400009743;14;7;9;1715;1;1;1;3;33
201400009744;14;1;13;1230;1;1;1;1;58
201400009745;14;2;13;830;1;1;8;1;58
201400009746;14;3;10;615;2;1;1;6;58
201400009747;14;4;19;800;1;1;1;7;58
201400009748;14;9;2;1545;1;1;1;3;21
201400009749;14;9;26;845;1;1;7;1;21
201400009750;14;4;18;1900;1;1;1;6;21
201400009751;14;7;14;15;3;1;1;6;21
201400009752;14;9;30;1800;1;2;1;3;21
201400009753;14;11;20;1700;1;1;1;6;15
201400009754;14;1;5;1100;1;1;8;1;13
201400009755;14;3;21;1945;5;2;1;6;13
201400009756;14;4;15;1730;1;1;7;3;13
201400009757;14;6;7;1115;1;1;1;3;13
201400009758;14;9;27;1045;1;2;1;6;13
201400009759;14;12;20;1615;1;2;8;3;13
201400009760;14;1;30;1500;1;1;1;1;13
201400009761;14;5;30;1415;1;1;2;7;13
201400009762;14;7;8;1330;1;1;1;6;13
201400009763;14;7;16;1830;1;1;1;6;13
201400009764;14;8;15;1230;1;1;1;6;13
201400009765;14;9;7;1800;2;1;1;1;47
201400009766;14;9;14;1315;1;1;1;7;47
201400009767;14;9;19;2130;3;1;8;3;47
201400009768;14;3;8;1500;1;1;1;1;47
201400009769;14;6;8;1700;1;2;1;6;47
201400009770;14;10;1;1115;1;1;1;1;47
201400009771;14;1;1;530;3;1;2;6;47
201400009772;14;3;19;2200;3;1;1;7;47
201400009773;14;4;21;1;3;1;1;7;11
201400009774;14;4;28;600;3;1;2;5;11
201400009775;14;6;13;1600;1;1;1;6;11
201400009776;14;6;24;1500;1;1;1;6;11
201400009777;14;7;28;1715;1;1;1;6;11
201400009778;14;8;18;1100;1;2;1;6;57
201400009779;14;9;21;200;3;1;1;6;57
201400009780;14;10;2;2045;3;1;1;3;57
201400009781;14;10;5;2115;3;1;1;6;57
201400009782;14;10;19;1030;1;1;7;3;57
201400009783;14;11;29;445;3;1;1;6;57
201400009784;14;12;1;1830;3;1;2;3;57
201400009785;14;4;5;1745;1;1;1;3;57
201400009786;14;5;16;2015;1;2;1;2;57
201400009787;14;5;23;1915;1;2;1;7;34
201400009788;14;6;19;1715;1;1;1;2;34
201400009789;14;6;16;1845;1;2;1;7;34
201400009790;14;8;19;1545;1;1;1;6;34
201400009791;14;9;6;1;3;2;1;6;34
201400009792;14;10;19;1830;1;2;1;3;34
201400009793;14;11;1;1245;1;1;1;3;11
201400009794;14;12;3;745;2;2;8;6;11
201400009795;14;12;9;2345;3;1;1;6;11
201400009796;14;12;16;1900;3;1;1;1;11
201400009797;14;12;26;1000;2;1;5;7;23
201400009798;14;5;8;1615;1;1;1;7;78
201400009799;14;3;15;500;3;1;1;6;91
201400009800;14;5;28;1515;1;2;1;6;78
201400009801;14;6;14;2245;5;1;1;6;28
201400009802;14;6;30;1315;1;1;1;3;28
201400009803;14;9;19;945;1;2;1;1;28
201400009804;14;10;15;1415;1;1;1;3;28
201400009806;14;8;1;1600;1;1;1;1;78
201400009807;14;1;6;1115;1;1;1;3;78
201400009808;14;2;23;1615;1;1;1;6;78
201400009809;14;3;9;30;3;1;1;1;78
201400009810;14;3;19;15;5;2;1;6;28
201400009811;14;3;23;1145;1;1;1;7;28
201400009812;14;4;8;1;3;1;1;6;78
201400009813;14;5;11;1100;1;1;2;3;78
201400009814;14;5;16;1600;1;1;1;3;78
201400009815;14;5;27;1745;1;1;9;1;91
201400009816;14;6;17;1430;1;2;1;6;78
201400009817;14;7;30;1700;1;2;1;1;78
201400009818;14;9;7;1715;1;1;1;7;78
201400009820;14;12;17;1145;1;1;2;7;91
201400009821;14;3;20;1200;1;2;1;1;78
201400009822;14;3;30;1800;1;2;2;3;78
201400009823;14;4;22;1730;1;1;1;6;78
201400009824;14;5;21;1430;1;1;8;6;78
201400009825;14;7;18;1645;1;1;1;4;78
201400009826;14;9;8;745;1;1;1;7;78
201400009827;14;9;24;730;1;2;1;3;78
201400009828;14;9;27;1800;1;2;1;6;78
201400009829;14;11;9;1515;1;2;1;1;78
201400009831;14;3;30;2000;2;1;8;6;78
201400009832;14;4;4;1200;1;1;1;1;78
201400009833;14;6;9;1245;1;1;1;1;51
201400009834;14;1;16;1945;3;1;2;3;51
201400009835;14;2;7;1645;1;1;1;2;51
201400009836;14;5;22;1730;1;1;1;7;69
201400009837;14;7;17;1615;1;1;1;3;69
201400009838;14;8;17;1745;1;1;1;1;69
201400009839;14;8;20;2245;3;1;1;6;69
201400009840;14;12;2;900;1;1;5;7;69
201400009841;14;4;20;1815;1;1;1;7;69
201400009842;14;6;21;1615;1;1;1;3;69
201400009843;14;1;17;1915;5;2;1;1;69
201400009844;14;1;25;1845;5;2;2;6;37
201400009845;14;3;7;1645;1;1;1;1;37
201400009846;14;3;5;1830;1;1;1;3;37
201400009847;14;4;17;1800;1;1;1;4;37
201400009848;14;5;17;1415;1;1;1;1;37
201400009849;14;5;18;1730;1;1;1;3;37
201400009850;14;7;17;1030;1;2;1;3;29
201400009851;14;7;22;2130;1;2;1;6;29
201400009852;14;8;5;1615;1;1;1;7;29
201400009853;14;8;31;800;1;1;1;6;29
201400009854;14;9;8;300;3;1;1;7;29
201400009855;14;9;11;715;2;2;1;3;29
201400009856;14;10;10;800;1;1;5;1;33
201400009857;14;12;9;200;3;1;9;7;33
201400009858;14;12;17;2000;5;2;2;6;33
201400009859;14;2;2;1845;3;1;1;7;33
201400009860;14;2;18;730;2;1;1;3;33
201400009861;14;4;3;1915;1;1;3;1;33
201400009862;14;4;6;1830;1;1;1;6;33
201400009863;14;4;17;2100;1;1;1;5;33
201400009864;14;5;3;1015;1;1;1;1;33
201400009865;14;6;7;200;3;1;1;7;33
201400009866;14;6;26;1330;1;2;1;1;60
201400009867;14;7;3;1400;1;2;1;3;60
201400009868;14;8;9;1745;1;2;1;6;60
201400009869;14;8;23;1100;1;1;1;3;73
201400009870;14;8;31;1330;1;1;1;5;73
201400009871;14;9;10;1930;1;1;1;7;51
201400009872;14;9;16;1945;2;1;1;1;51
201400009873;14;9;21;130;3;1;2;7;51
201400009874;14;12;11;1430;1;2;1;6;51
201400009875;14;1;7;1715;1;1;8;1;51
201400009876;14;3;7;845;1;1;1;3;51
201400009877;14;3;17;45;3;1;1;6;51
201400009878;14;5;9;2015;1;1;1;6;77
201400009879;14;6;14;1815;1;1;1;6;77
201400009880;14;7;16;1415;1;1;1;1;77
201400009881;14;8;20;1045;1;1;1;1;77
201400009882;14;8;27;1815;1;1;1;2;77
201400009883;14;10;5;1715;1;1;1;3;77
201400009884;14;11;4;1900;3;1;1;1;77
201400009885;14;4;2;2030;1;1;1;6;77
201400009886;14;4;11;800;1;2;7;6;77
201400009887;14;5;16;1145;1;1;1;3;77
201400009888;14;6;20;2115;1;1;1;1;77
201400009889;14;7;6;645;1;1;2;6;77
201400009890;14;8;8;1445;1;1;1;3;77
201400009891;14;8;28;1800;1;1;1;1;77
201400009892;14;9;13;1330;1;2;1;3;77
201400009893;14;10;29;2145;5;2;1;6;77
201400009894;14;11;6;1830;3;1;1;6;77
201400009895;14;12;26;215;3;1;1;6;77
201400009896;14;5;15;1730;1;1;1;1;77
201400009897;14;6;18;745;1;1;1;5;77
201400009898;14;7;4;330;3;1;1;6;77
201400009899;14;7;9;745;1;2;1;1;77
201400009900;14;8;9;1615;1;1;1;6;62
201400009901;14;9;22;815;1;1;1;6;62
201400009902;14;1;28;1400;1;1;1;1;62
201400009903;14;3;6;830;1;1;7;1;62
201400009904;14;3;12;1730;1;1;1;6;62
201400009905;14;4;29;1115;1;1;2;7;62
201400009906;14;6;4;1745;1;1;2;7;62
201400009907;14;7;27;1130;1;1;1;3;62
201400009908;14;8;16;1145;1;1;1;2;62
201400009909;14;9;27;2115;3;1;1;7;80
201400009910;14;6;10;1030;1;1;1;6;80
201400009911;14;12;27;745;1;1;9;5;80
201400009912;14;3;9;300;3;1;1;6;80
201400009913;14;3;21;645;2;1;1;3;80
201400009914;14;3;22;1115;1;2;1;6;80
201400009915;14;4;4;2245;5;2;1;6;80
201400009916;14;5;13;1645;1;1;1;1;80
201400009917;14;6;17;1745;1;1;1;1;80
201400009918;14;7;14;30;3;2;1;3;80
201400009919;14;8;7;2245;3;1;1;7;80
201400009920;14;9;6;515;3;1;5;6;80
201400009921;14;10;11;1615;1;2;1;1;80
201400009922;14;5;17;2345;3;1;1;7;80
201400009923;14;6;5;1730;1;2;1;3;80
201400009924;14;11;4;1800;3;1;1;3;80
201400009925;14;11;8;645;3;1;1;6;13
201400009926;14;11;12;1730;1;2;1;6;13
201400009927;14;4;1;1900;1;1;1;7;13
201400009928;14;4;25;1215;1;1;1;6;13
201400009929;14;10;27;1845;2;1;1;2;13
201400009930;14;10;29;930;1;2;1;6;13
201400009931;14;1;25;1200;1;1;8;1;13
201400009932;14;1;30;745;5;1;8;6;13
201400009933;14;3;22;1615;1;1;1;7;13
201400009934;14;5;13;730;1;2;1;5;13
201400009935;14;6;22;1745;1;1;1;3;13
201400009936;14;7;16;900;1;1;1;6;13
201400009937;14;7;26;400;3;1;1;6;13
201400009938;14;7;26;1215;1;1;1;2;13
201400009939;14;8;3;1215;1;2;7;2;13
201400009940;14;8;8;1845;1;2;3;3;13
201400009941;14;8;20;815;1;1;1;6;13
201400009942;14;8;28;2230;5;2;1;7;13
201400009943;14;10;17;1745;2;1;1;2;13
201400009944;14;10;26;445;3;1;5;7;13
201400009945;14;10;26;1600;1;1;1;7;13
201400009946;14;12;5;2330;3;2;1;3;13
201400009947;14;12;19;1215;1;1;2;1;84
201400009948;14;4;25;1900;1;1;1;6;30
201400009949;14;11;15;2115;4;2;2;6;84
201400009950;14;1;24;800;5;2;2;5;84
201400009951;14;2;23;1600;1;1;1;3;84
201400009952;14;6;21;500;3;1;1;6;84
201400009953;14;8;17;230;4;2;1;7;84
201400009954;14;10;7;1015;1;1;8;2;84
201400009955;14;10;13;1230;1;2;8;1;84
201400009956;14;3;7;2000;5;2;1;6;84
201400009957;14;4;20;2330;3;2;2;6;30
201400009958;14;5;17;1015;1;1;1;1;84
201400009959;14;8;12;1845;1;1;1;2;30
201400009960;14;10;13;1330;1;2;1;2;60
201400009961;14;10;16;1645;1;2;2;1;60
201400009962;14;12;18;1815;5;2;2;6;60
201400009963;14;2;15;1545;1;1;1;6;60
201400009964;14;7;4;915;1;2;7;3;60
201400009965;14;7;19;1515;1;2;1;3;60
201400009966;14;3;13;730;2;2;8;7;60
201400009967;14;3;17;930;1;1;1;3;80
201400009968;14;4;9;1700;1;2;1;1;25
201400009969;14;6;8;1700;1;1;1;1;25
201400009970;14;6;14;2000;1;1;1;6;25
201400009971;14;7;17;315;3;1;1;6;25
201400009972;14;7;27;1745;1;1;1;6;27
201400009973;14;9;12;730;2;1;1;6;27
201400009974;14;10;6;1600;1;2;1;3;27
201400009975;14;10;31;1845;3;1;1;1;27
201400009976;14;11;15;430;3;1;2;7;27
201400009977;14;11;24;1000;1;1;1;1;27
201400009978;14;12;7;1900;5;2;1;6;76
201400009979;14;12;17;2045;5;2;2;3;27
201400009980;14;12;17;1530;1;2;2;6;27
201400009981;14;1;22;1015;1;2;1;6;27
201400009982;14;6;29;1215;1;2;1;3;27
201400009983;14;3;30;1500;1;1;1;1;78
201400009984;14;3;6;1815;1;2;1;2;27
201400009985;14;7;30;2245;3;1;1;6;27
201400009986;14;2;19;2030;5;2;8;6;27
201400009987;14;2;20;2130;3;2;1;1;27
201400009988;14;3;10;1215;1;2;1;1;27
201400009989;14;5;3;1045;1;2;1;3;60
201400009990;14;8;25;1730;1;2;1;3;60
201400009991;14;9;21;2000;5;2;1;7;60
201400009992;14;11;6;1500;1;2;1;3;60
201400009993;14;2;24;1615;1;1;1;1;60
201400009994;14;4;2;2130;3;1;1;6;60
201400009995;14;5;10;1615;1;1;1;1;60
201400009996;14;5;24;2115;2;1;1;6;60
201400009997;14;6;20;900;1;1;1;3;60
201400009998;14;12;17;1230;1;1;2;3;60
201400009999;14;12;20;900;1;1;8;7;60
201400010014;14;2;21;900;1;2;1;6;69
201400010021;14;3;3;1227;1;1;3;4;59
201400010027;14;3;17;1324;1;2;1;2;38
201400010031;14;4;3;1410;1;2;8;2;38
201400010523;14;2;13;1515;1;2;1;6;38
201400010850;14;1;15;1855;5;2;1;6;69
201400010879;14;2;5;1800;5;2;1;6;34
201400010933;14;3;5;1830;1;2;1;5;42
201400010935;14;3;6;840;1;2;1;6;42
201400010962;14;3;21;1445;1;2;1;2;34
201400010971;14;3;23;1800;1;2;1;6;10
201400011047;14;4;21;2050;5;1;1;6;10
201400011056;14;4;25;2349;4;2;1;6;10
201400011534;14;5;23;515;3;1;1;1;13
201400011535;14;9;25;1730;1;1;1;3;13
201400011536;14;1;12;1530;1;1;1;6;13
201400011537;14;1;17;1900;2;1;1;3;13
201400011538;14;4;6;1545;1;1;1;7;13
201400011539;14;11;2;615;2;1;1;7;13
201400011540;14;4;15;1730;1;2;1;3;13
201400011541;14;8;29;1345;1;2;1;5;13
201400011542;14;11;4;1730;1;2;2;3;13
201400011543;14;11;24;1400;1;2;1;1;13
201400011544;14;11;27;730;5;2;2;6;13
201400011545;14;12;22;1315;1;1;1;6;13
201400011546;14;1;20;615;3;1;9;6;13
201400011547;14;2;9;100;3;1;8;6;13
201400011548;14;2;13;1015;1;1;1;3;13
201400011549;14;2;16;915;1;1;2;2;13
201400011550;14;5;4;330;3;1;1;6;13
201400011551;14;6;15;1345;1;1;1;6;13
201400011552;14;9;4;545;3;2;1;1;13
201400011553;14;9;7;245;3;1;1;1;13
201400011554;14;9;20;815;1;1;1;6;13
201400011555;14;10;3;1930;5;2;1;2;13
201400011556;14;10;19;1730;1;1;1;1;13
201400011557;14;1;1;945;1;1;1;6;13
201400011558;14;1;8;800;2;1;1;6;13
201400011559;14;2;13;2130;5;2;1;1;13
201400011560;14;3;9;1200;1;1;1;2;13
201400011561;14;6;4;1530;1;1;1;3;13
201400011562;14;11;11;900;1;1;1;6;13
201400011563;14;11;15;2245;3;1;3;6;13
201400011564;14;12;27;945;1;1;2;3;13
201400011592;14;4;13;1630;1;1;1;1;13
201400011593;14;4;15;1630;1;1;1;1;13
201400011594;14;6;20;1145;1;1;1;3;13
201400011595;14;8;8;715;1;2;1;1;13
201400011596;14;11;23;1845;3;1;2;2;13
201400011597;14;3;5;530;2;1;1;1;13
201400011598;14;4;1;1400;1;2;1;3;13
201400011599;14;4;2;1830;1;2;1;3;13
201400011600;14;4;6;2115;3;1;1;7;13
201400011601;14;5;3;2015;1;2;1;7;13
201400011602;14;5;5;1515;1;1;1;1;13
201400011603;14;6;21;15;5;2;1;7;13
201400011604;14;6;27;2015;1;2;1;3;13
201400011605;14;10;3;1130;1;1;1;3;13
201400011624;14;1;17;1315;1;2;1;3;13
201400011625;14;1;18;615;5;2;1;3;13
201400011626;14;3;5;1915;3;2;1;6;13
201400011627;14;8;3;1900;1;1;1;3;13
201400011628;14;8;9;800;1;1;1;6;13
201400011629;14;11;5;1845;5;2;1;6;13
201400011630;14;6;24;1115;1;1;1;5;13
201400011631;14;7;12;1315;1;2;1;6;13
201400011632;14;10;16;1530;1;2;1;6;13
201400011633;14;11;13;1345;1;1;1;1;13
201400011634;14;6;1;730;2;1;1;6;13
201400011635;14;12;10;1845;5;2;1;6;13
201400011636;14;1;15;1245;1;1;2;7;13
201400011637;14;2;12;630;3;1;1;2;13
201400011638;14;2;27;1730;1;1;1;6;13
201400011639;14;4;2;1115;1;1;1;6;13
201400011640;14;5;23;1100;1;1;1;6;13
201400011641;14;5;30;2300;3;1;1;6;13
201400011642;14;6;22;1630;1;1;1;6;13
201400011643;14;7;10;800;1;1;8;6;13
201400011644;14;7;13;100;5;1;1;2;13
201400011645;14;7;30;2230;3;1;1;2;13
201400011646;14;8;3;830;1;1;1;6;13
201400011647;14;8;31;2315;3;1;1;6;13
201400011648;14;9;14;1130;1;1;1;7;13
201400011649;14;9;22;1800;1;1;1;5;13
201400011650;14;9;24;1545;1;1;1;7;13
201400011651;14;9;28;1345;1;1;1;6;13
201400011652;14;9;29;845;1;1;2;2;13
201400011653;14;10;11;745;2;1;2;4;13
201400011654;14;10;14;1000;1;1;1;7;13
201400011655;14;10;14;1630;1;1;1;3;13
201400011656;14;10;14;1200;1;1;1;6;13
201400011657;14;10;26;1700;1;1;1;2;13
201400011658;14;10;27;830;1;1;5;1;13
201400011659;14;11;13;830;1;2;1;7;13
201400011660;14;11;14;1600;1;1;8;7;13
201400011661;14;11;26;1315;1;1;2;6;13
201400011662;14;11;26;1930;5;2;2;1;13
201400011663;14;11;26;1130;1;2;1;6;13
201400011664;14;12;1;1145;1;1;1;2;13
201400011665;14;12;7;1845;3;1;1;1;13
201400011666;14;12;13;1300;1;1;3;6;13
201400011667;14;12;18;1130;1;1;1;3;13
201400011668;14;12;19;1245;1;1;2;1;13
201400011669;14;12;30;1130;1;1;1;1;13
201400011670;14;4;20;2330;3;1;1;6;13
201400011671;14;6;21;1225;1;1;1;1;13
201400011672;14;7;26;2200;3;1;1;6;13
201400011673;14;5;17;2100;2;2;1;3;13
201400011674;14;6;12;1545;1;1;1;3;13
201400011675;14;6;29;745;1;1;1;6;13
201400011676;14;7;18;2100;2;1;1;2;13
201400011677;14;8;27;1130;1;2;1;6;13
201400011678;14;8;28;1745;1;2;1;7;13
201400011679;14;9;2;1730;1;1;1;3;13
201400011680;14;10;26;1800;1;1;1;6;13
201400011681;14;1;17;1115;1;2;1;3;13
201400011682;14;4;3;745;1;2;2;3;13
201400011683;14;4;28;1815;1;2;1;3;13
201400011684;14;7;10;1615;1;2;1;6;13
201400011685;14;8;27;1100;1;1;8;3;13
201400011686;14;9;10;1845;1;2;1;6;13
201400011687;14;4;23;1915;1;1;1;6;13
201400011688;14;4;29;2330;3;1;1;6;13
201400011689;14;4;29;2030;1;1;1;1;13
201400011690;14;5;26;1445;1;2;1;1;13
201400011691;14;5;26;1530;1;1;1;1;13
201400011692;14;7;11;1730;1;1;1;2;13
201400011693;14;1;29;30;3;2;3;6;13
201400011694;14;2;8;315;3;1;2;6;13
201400011695;14;6;4;930;1;1;1;3;13
201400011696;14;6;13;2030;1;1;1;6;13
201400011697;14;7;17;1230;1;1;1;6;13
201400011698;14;8;3;1645;1;1;1;3;13
201400011699;14;8;27;2145;5;2;1;3;13
201400011700;14;9;14;300;5;2;1;6;13
201400011701;14;12;2;745;2;1;1;1;13
201400011702;14;12;20;1545;1;2;1;6;13
201400011703;14;5;15;1130;1;2;1;2;13
201400011704;14;5;18;1615;1;1;1;3;13
201400011705;14;6;25;1500;1;2;1;1;13
201400011706;14;3;19;1015;1;1;1;1;13
201400011707;14;7;15;1645;1;1;1;5;13
201400011708;14;2;23;2030;3;1;1;2;13
201400011709;14;7;14;1700;1;1;1;6;13
201400011710;14;9;22;1630;1;1;1;1;78
201400011711;14;11;2;745;1;1;1;2;78
201400011712;14;12;9;200;3;1;1;6;78
201400011713;14;12;17;1830;3;1;3;7;78
201400011714;14;8;18;845;1;1;3;4;13
201400011715;14;1;24;615;3;1;8;2;13
201400011716;14;3;9;1945;3;1;1;3;13
201400011717;14;4;7;815;1;1;1;2;13
201400011718;14;6;8;2230;3;1;1;6;13
201400011719;14;6;27;1830;1;1;3;6;13
201400011720;14;6;28;2230;3;1;2;5;13
201400011721;14;10;2;1515;1;1;1;3;13
201400011722;14;10;4;1900;2;1;1;7;13
201400011723;14;10;21;545;3;1;1;6;13
201400011724;14;10;23;1715;1;2;1;1;13
201400011725;14;11;1;315;3;1;1;2;13
201400011726;14;11;3;1500;1;1;1;3;13
201400011727;14;11;7;1500;1;1;8;6;13
201400011728;14;11;9;1630;1;2;1;5;13
201400011729;14;11;12;1030;1;1;1;1;13
201400011730;14;12;3;1515;1;1;8;3;13
201400011731;14;12;5;2015;3;1;1;6;13
201400011732;14;12;6;645;3;1;8;1;13
201400011733;14;12;9;715;2;1;9;1;13
201400011734;14;12;18;1845;3;1;2;5;13
201400011735;14;12;22;1845;3;1;1;6;13
201400011736;14;12;26;1915;3;1;2;3;13
201400011737;14;2;18;115;3;1;1;2;13
201400011738;14;4;10;2315;3;1;1;6;13
201400011739;14;4;11;645;3;1;1;4;13
201400011740;14;4;29;15;3;1;1;5;13
201400011741;14;8;6;1430;1;1;3;6;13
201400011742;14;10;30;1945;3;1;1;6;13
201400011743;14;11;20;1630;1;1;1;1;13
201400011744;14;11;29;1200;1;1;1;1;13
201400011745;14;12;11;930;1;1;1;1;13
201400011746;14;1;25;1615;1;1;9;7;13
201400011747;14;2;2;1930;3;1;1;6;13
201400011748;14;3;10;615;2;1;1;6;13
201400011749;14;4;16;400;3;1;1;7;13
201400011750;14;4;27;1645;1;1;1;2;13
201400011751;14;5;7;1500;1;1;1;3;13
201400011752;14;6;10;1800;1;1;1;5;13
201400011753;14;7;15;725;1;1;1;7;13
201400011754;14;7;17;1330;1;1;1;3;13
201400011755;14;8;14;1900;1;1;8;5;13
201400011756;14;10;12;1045;1;1;2;2;13
201400011757;14;10;15;845;1;1;8;3;13
201400011758;14;11;28;2315;3;1;1;6;13
201400011759;14;12;3;1745;2;1;1;2;13
201400011760;14;12;23;715;3;1;1;4;13
201400011761;14;12;30;2000;3;1;1;2;13
201400011762;14;1;23;1000;1;1;1;3;13
201400011763;14;2;8;1200;1;1;1;6;13
201400011764;14;2;18;1045;1;1;1;6;13
201400011765;14;2;26;1115;1;1;3;5;13
201400011766;14;3;7;1645;1;1;1;2;13
201400011767;14;3;15;1945;3;1;6;2;13
201400011768;14;4;13;1800;1;1;1;6;13
201400011769;14;6;15;2215;3;1;8;2;13
201400011770;14;6;20;30;3;1;1;3;13
201400011771;14;7;23;1115;1;1;1;4;13
201400011772;14;8;25;1515;1;1;1;2;13
201400011773;14;8;24;1415;1;1;1;2;13
201400011774;14;8;31;515;3;1;1;2;13
201400011775;14;8;31;1045;1;1;1;6;13
201400011776;14;9;8;630;2;1;1;1;13
201400011777;14;10;13;1030;1;1;1;7;13
201400011778;14;10;22;1915;3;1;2;2;13
201400011779;14;11;2;1830;3;1;1;4;13
201400011780;14;11;4;1930;3;1;3;1;13
201400011781;14;11;14;700;3;1;1;2;13
201400011782;14;12;6;1600;1;1;2;2;13
201400011783;14;12;10;1415;1;1;1;2;13
201400011784;14;1;3;1830;3;1;2;3;13
201400011785;14;1;13;615;3;1;1;2;13
201400011786;14;5;14;515;3;1;1;2;13
201400011787;14;5;21;1230;1;1;1;5;13
201400011788;14;6;20;415;3;1;1;3;13
201400011789;14;6;20;1330;1;1;1;3;13
201400011790;14;6;23;245;3;1;1;5;13
201400011791;14;7;16;1630;1;1;1;7;13
201400011792;14;9;5;1600;1;1;1;7;13