Num_Acc;an;mois;jour;hrmn;lum;agg;atm;col;dep
201400011793;14;10;7;1515;1;1;1;1;13
201400011794;14;10;8;745;1;1;1;2;13
201400011795;14;11;6;645;2;1;1;5;13
201400011796;14;12;12;1630;1;1;1;2;13
201400011797;14;4;7;1145;3;1;1;1;13
201400011798;14;4;12;1700;1;1;1;3;13
201400011799;14;4;26;1115;1;1;3;1;13
201400011800;14;5;31;715;1;1;1;3;13
201400011801;14;8;6;1545;1;1;3;3;13
201400011802;14;10;16;1030;1;2;8;1;13
201400011803;14;11;22;30;3;1;1;7;13
201400011804;14;8;3;1530;1;1;3;7;13
201400011805;14;6;21;330;3;1;1;6;13
201400011806;14;10;22;845;1;1;1;5;13
201400011807;14;11;11;300;3;1;5;3;13
201400011808;14;12;24;1045;1;1;1;6;13
201400011809;14;3;4;1200;1;1;1;6;13
201400011810;14;3;11;1200;1;1;1;6;13
201400011811;14;4;4;2330;3;1;1;2;13
201400011812;14;4;24;715;1;1;1;6;13
201400011813;14;5;18;1945;1;1;1;2;13
201400011814;14;5;28;1445;1;1;2;7;13
201400011815;14;6;8;1515;1;1;1;3;13
201400011816;14;7;29;730;2;1;2;7;13
201400011817;14;10;9;2315;3;1;1;6;13
201400011818;14;12;24;1130;1;1;8;6;13
201400011819;14;1;17;2045;5;1;1;1;13
201400011820;14;2;25;1945;3;1;1;4;13
201400011821;14;4;5;2245;3;1;1;1;13
201400011822;14;10;15;1115;1;1;8;2;13
201400011823;14;10;29;745;2;1;1;2;13
201400011824;14;12;24;1915;3;1;1;2;13
201400011825;14;12;27;2230;3;1;1;4;13
201400011826;14;1;17;2330;3;1;1;2;13
201400011827;14;3;6;2215;3;1;1;4;13
201400011828;14;3;17;2000;4;1;1;7;13
201400011829;14;4;24;1800;1;1;1;2;13
201400011830;14;4;27;1630;1;1;1;6;13
201400011831;14;5;2;200;3;1;1;3;13
201400011832;14;5;16;530;2;1;1;6;13
201400011833;14;5;26;815;1;1;2;5;13
201400011834;14;6;22;849;1;1;1;6;13
201400011835;14;8;12;630;2;1;1;6;13
201400011836;14;10;19;245;3;1;1;5;13
201400011837;14;11;29;1600;1;2;1;1;13
201400011838;14;11;29;1545;1;1;1;6;13
201400011839;14;11;30;730;2;1;5;5;13
201400011840;14;12;22;1100;1;1;1;7;13
201400011841;14;3;14;130;3;1;1;6;13
201400011842;14;4;6;1030;1;1;1;3;13
201400011843;14;5;25;2115;3;1;1;7;13
201400011844;14;8;30;1345;1;1;1;2;13
201400011845;14;9;28;1600;1;1;1;7;13
201400011846;14;11;7;1815;3;1;1;3;13
201400011847;14;1;29;715;3;1;2;2;13
201400011848;14;5;21;1800;1;1;1;6;13
201400011849;14;6;1;1300;1;1;1;2;13
201400011850;14;6;14;600;1;1;1;3;13
201400011851;14;6;18;1030;1;1;1;7;13
201400011852;14;6;20;2015;1;1;1;6;13
201400011853;14;6;23;1600;1;1;1;2;13
201400011854;14;11;8;1715;2;1;1;6;13
201400011855;14;3;5;500;3;1;1;7;13
201400011856;14;5;18;1945;1;1;1;6;13
201400011857;14;8;4;545;2;1;1;6;13
201400011858;14;9;6;530;3;1;1;5;13
201400011859;14;1;10;2015;3;1;1;2;13
201400011860;14;1;30;2200;3;1;2;6;13
201400011861;14;4;16;330;3;1;1;3;13
201400011862;14;4;19;445;3;1;1;5;13
201400011863;14;6;23;1445;1;1;1;2;13
201400011864;14;7;17;1815;1;1;1;1;13
201400011865;14;8;2;15;3;1;3;6;13
201400011866;14;8;15;1530;1;1;8;3;13
201400011867;14;10;30;1815;3;1;1;2;13
201400011868;14;11;1;1615;1;1;1;6;13
201400011869;14;11;2;2015;3;1;1;3;13
201400011870;14;1;10;300;5;2;2;6;13
201400011871;14;1;24;1130;1;1;1;2;13
201400011872;14;2;11;845;1;2;1;6;13
201400011873;14;5;19;1740;1;2;1;2;13
201400011874;14;5;26;1900;1;2;1;3;13
201400011875;14;5;27;755;1;2;1;3;13
201400011876;14;8;19;1800;1;2;1;6;13
201400011877;14;10;17;1530;1;2;1;3;13
201400011878;14;11;28;1845;5;2;1;3;13
201400011879;14;1;18;1345;1;1;1;3;13
201400011880;14;5;6;1530;1;1;2;6;13
201400011881;14;7;4;1445;1;1;1;7;13
201400011882;14;8;19;1700;1;1;1;3;13
201400011883;14;9;8;1330;1;1;1;2;13
201400011884;14;9;17;2230;3;1;1;7;13
201400011885;14;10;8;30;3;1;1;1;13
201400011886;14;12;20;1800;3;2;1;6;13
201400011887;14;1;4;2000;5;2;2;3;13
201400011888;14;1;23;530;3;1;3;3;13
201400011889;14;2;18;1130;1;2;1;6;13
201400011890;14;3;5;1700;1;1;1;7;13
201400011891;14;3;5;2015;3;1;1;7;13
201400011892;14;3;11;1945;5;2;1;2;13
201400011893;14;11;20;1000;1;2;1;6;13
201400011894;14;12;4;1500;2;2;8;6;13
201400011895;14;12;2;1015;1;1;8;2;13
201400011896;14;6;14;1900;1;1;1;7;13
201400011897;14;10;26;2345;3;1;1;6;13
201400011898;14;12;23;1530;1;1;5;6;13
201400011899;14;1;12;415;3;1;1;7;13
201400011900;14;5;5;2115;3;1;1;6;13
201400011901;14;8;26;130;3;1;3;6;13
201400011902;14;9;5;945;1;1;1;4;13
201400011903;14;9;18;715;2;1;8;6;13
201400011904;14;9;18;1500;1;1;1;3;13
201400011905;14;10;5;1000;1;1;1;2;13
201400011906;14;11;12;1615;1;1;1;1;13
201400011907;14;11;16;1215;1;1;3;4;13
201400011908;14;11;19;530;3;1;8;2;13
201400011909;14;11;20;900;1;1;7;3;13
201400011910;14;12;4;1630;1;1;8;2;13
201400011911;14;12;15;1900;3;1;3;2;13
201400011912;14;5;5;730;1;2;1;7;13
201400011913;14;10;30;1330;1;2;1;6;13
201400011914;14;1;17;1045;1;2;5;1;13
201400011915;14;2;2;1415;1;2;8;1;13
201400011916;14;2;17;1900;5;2;1;3;13
201400011917;14;6;29;830;1;1;1;1;13
201400011918;14;8;2;1745;1;2;1;7;13
201400011919;14;10;24;1100;5;1;1;7;13
201400011920;14;12;10;2000;5;2;2;6;13
201400011921;14;11;6;1300;1;1;1;5;13
201400011922;14;2;22;700;2;1;1;5;13
201400011923;14;3;2;1445;1;1;1;2;13
201400011924;14;3;3;845;1;1;3;6;13
201400011925;14;5;16;2145;4;1;1;2;13
201400011926;14;5;23;700;1;1;1;2;13
201400011927;14;9;9;1600;1;1;1;3;13
201400011928;14;9;14;1730;1;1;1;2;13
201400011929;14;11;10;1415;1;1;2;3;13
201400011930;14;11;14;1315;1;1;3;2;13
201400011931;14;12;24;615;3;1;1;6;13
201400011932;14;3;5;745;1;1;1;6;13
201400011933;14;6;4;545;2;1;1;2;13
201400011934;14;9;16;700;2;1;1;7;13
201400011935;14;1;1;400;3;1;2;6;13
201400011936;14;1;7;1915;3;1;1;6;13
201400011937;14;2;8;2000;3;1;1;6;13
201400011938;14;2;17;800;1;1;1;3;13
201400011939;14;2;22;1230;1;1;1;2;13
201400011940;14;2;24;300;3;1;1;5;13
201400011941;14;2;25;415;3;1;1;2;13
201400011942;14;2;28;1915;3;1;1;3;13
201400011943;14;6;15;1145;1;1;1;5;13
201400011944;14;6;18;1345;1;1;1;1;13
201400011945;14;6;29;1030;1;1;1;2;13
201400011946;14;7;1;1130;1;1;1;6;13
201400011947;14;7;4;1800;1;1;1;2;13
201400011948;14;7;8;1430;1;1;1;6;13
201400011949;14;8;2;1200;1;1;1;4;13
201400011950;14;8;30;1730;1;1;1;2;13
201400011951;14;9;9;1345;1;1;1;7;13
201400011952;14;9;22;600;3;1;1;3;13
201400011953;14;10;26;1700;1;1;1;6;13
201400011954;14;11;15;845;1;1;2;2;13
201400011955;14;11;17;100;3;1;1;2;13
201400011956;14;11;7;2015;3;1;1;3;13
201400011957;14;11;30;1630;1;1;1;1;13
201400011958;14;12;19;2345;3;1;1;2;13
201400011959;14;1;18;730;3;1;1;2;13
201400011960;14;1;29;615;3;1;2;2;13
201400011961;14;1;30;1130;1;1;1;6;13
201400011962;14;6;16;1830;1;1;1;2;13
201400011963;14;6;30;345;3;1;1;6;13
201400011964;14;10;5;630;3;1;2;4;13
201400011965;14;1;25;1830;3;1;2;3;13
201400011966;14;1;31;1715;1;2;1;1;13
201400011967;14;8;6;1315;1;1;2;7;13
201400011968;14;8;17;1200;1;1;1;3;13
201400011969;14;8;29;1;4;2;1;6;13
201400011970;14;1;10;645;3;1;1;5;13
201400011971;14;1;10;1445;1;1;1;6;13
201400011972;14;2;23;1045;1;1;1;6;13
201400011973;14;2;28;830;1;1;8;6;13
201400011974;14;3;4;330;3;1;8;2;13
201400011975;14;3;6;1930;3;1;1;6;13
201400011976;14;3;9;1645;1;1;1;6;13
201400011977;14;3;26;1515;1;1;1;6;13
201400011978;14;4;5;1245;1;1;1;4;13
201400011979;14;5;2;800;1;1;1;2;13
201400011980;14;5;7;1945;1;1;3;6;13
201400011981;14;5;16;1530;1;1;1;6;13
201400011982;14;5;21;2315;3;1;1;4;13
201400011983;14;7;15;415;3;1;1;6;13
201400011984;14;7;18;1300;1;1;1;3;13
201400011985;14;7;26;1500;1;1;1;6;13
201400011986;14;7;27;830;1;1;1;6;13
201400011987;14;8;6;1830;1;1;8;2;13
201400011988;14;8;6;1745;1;1;8;5;13
201400011989;14;10;7;800;1;1;2;3;13
201400011990;14;10;12;2115;3;1;2;3;13
201400011991;14;10;24;1830;2;1;1;2;13
201400011992;14;10;30;1530;1;1;1;2;13
201400011993;14;11;20;215;3;1;9;5;13
201400011994;14;12;5;800;2;1;8;4;13
201400011995;14;1;10;830;1;1;1;3;13
201400011996;14;4;6;1945;1;2;1;3;13
201400011997;14;4;26;1530;1;1;1;1;13
201400011998;14;5;24;1000;1;2;1;3;13
201400011999;14;7;13;1945;1;1;1;1;13
201400012000;14;9;11;2030;3;1;1;3;13
201400012001;14;10;25;945;1;1;1;1;13
201400012002;14;1;26;1415;1;2;1;3;13
201400012003;14;2;7;2215;5;2;8;1;13
201400012004;14;2;25;1630;1;1;1;3;13
201400012005;14;5;12;1015;1;1;2;1;13
201400012006;14;11;17;1915;5;1;1;6;13
201400012007;14;3;22;900;1;1;1;2;13
201400012008;14;4;13;900;1;1;1;6;13
201400012009;14;5;13;800;1;1;8;2;13
201400012010;14;10;26;200;3;1;5;7;13
201400012011;14;10;28;2245;3;1;1;3;13
201400012012;14;1;31;1915;2;1;1;5;13
201400012013;14;2;2;1215;1;1;8;6;13
201400012014;14;6;12;1700;1;1;1;2;13
201400012015;14;8;23;2230;3;1;1;2;13
201400012016;14;9;19;745;1;1;1;6;13
201400012017;14;1;27;645;3;1;1;5;13
201400012018;14;4;27;230;3;1;8;6;13
201400012019;14;7;5;645;2;1;1;7;13
201400012020;14;10;16;2230;3;1;2;6;13
201400012021;14;1;8;1015;1;2;1;6;13
201400012022;14;1;30;1715;1;1;1;6;13
201400012023;14;3;13;1350;1;2;1;6;13
201400012024;14;1;4;1700;2;2;1;6;13
201400012025;14;6;28;500;2;2;1;1;13
201400012026;14;7;12;50;5;2;1;7;13
201400012027;14;7;27;1200;1;2;1;7;13
201400012028;14;7;25;1400;1;2;1;3;13
201400012029;14;8;23;2250;5;2;1;1;13
201400012030;14;9;27;1750;1;2;1;6;13
201400012031;14;10;26;955;1;2;1;3;13
201400012032;14;11;9;2225;5;1;3;3;13
201400012033;14;11;16;235;5;2;1;2;13
201400012034;14;12;5;1910;5;2;1;1;13
201400012035;14;12;10;1830;5;2;9;6;13
201400012037;14;5;3;1915;1;1;1;7;13
201400012038;14;5;9;715;2;1;1;6;13
201400012039;14;5;7;1545;1;1;1;2;13
201400012040;14;6;21;1445;1;1;1;2;13
201400012041;14;7;4;1655;1;1;1;2;13
201400012042;14;7;24;745;1;1;5;7;13
201400012043;14;9;3;1430;1;1;1;6;13
201400012044;14;9;24;800;2;1;1;6;13
201400012047;14;2;2;1130;1;1;1;6;13
201400012048;14;4;1;1500;1;1;1;6;13
201400012049;14;5;2;1030;1;1;1;1;13
201400012050;14;6;24;2030;1;1;1;6;13
201400012051;14;10;11;1530;1;1;1;1;13
201400012052;14;11;1;930;1;1;7;3;13
201400012053;14;4;23;1730;1;2;7;6;13
201400012054;14;4;27;1330;1;1;1;1;13
201400012055;14;6;12;1600;1;1;1;1;13
201400012056;14;9;30;1500;1;2;1;1;13
201400012057;14;11;5;1400;1;2;2;1;13
201400012058;14;1;29;1730;2;1;2;3;13
201400012059;14;4;5;400;3;1;2;3;13
201400012060;14;6;9;1;3;2;1;1;13
201400012061;14;9;14;415;5;2;1;7;13
201400012062;14;12;16;1830;4;2;2;6;13
201400012063;14;10;6;1515;1;1;2;7;13
201400012064;14;11;5;1130;1;1;1;3;13
201400012065;14;2;18;2015;3;1;1;4;13
201400012066;14;3;7;745;1;1;1;1;13
201400012067;14;4;11;15;3;1;1;2;13
201400012068;14;4;12;1915;1;1;1;2;13
201400012069;14;4;14;2045;3;1;1;7;13
201400012070;14;4;24;1345;1;1;1;6;13
201400012071;14;4;25;2030;4;1;1;2;13
201400012072;14;5;7;1600;1;1;1;5;13
201400012073;14;5;11;600;2;1;1;2;13
201400012074;14;5;12;1615;1;1;1;6;13
201400012075;14;5;16;845;1;1;1;4;13
201400012076;14;5;16;1645;1;1;1;2;13
201400012077;14;5;22;745;1;1;1;5;13
201400012078;14;5;25;245;3;1;1;6;13
201400012079;14;6;6;1000;1;1;1;2;13
201400012080;14;6;17;130;3;1;1;2;13
201400012081;14;7;5;1200;1;1;1;6;13
201400012082;14;7;11;715;2;1;1;6;13
201400012083;14;7;11;1430;1;1;1;7;13
201400012084;14;7;29;1030;1;1;1;4;13
201400012085;14;8;12;1700;1;1;1;2;13
201400012086;14;8;19;1145;1;1;1;1;13
201400012087;14;9;5;730;1;1;1;2;13
201400012088;14;9;10;945;1;1;1;6;13
201400012089;14;9;12;2345;3;1;1;1;13
201400012090;14;9;24;845;1;1;3;3;13
201400012091;14;9;27;45;3;1;1;2;13
201400012092;14;11;10;1800;3;1;2;5;13
201400012093;14;11;17;615;3;1;1;5;13
201400012094;14;11;26;1800;3;1;3;3;13
201400012095;14;11;30;515;3;1;2;6;13
201400012096;14;12;7;800;2;1;1;6;13
201400012097;14;12;11;1730;1;1;1;3;13
201400012098;14;2;9;1500;1;1;1;1;13
201400012099;14;5;4;1630;1;1;1;6;13
201400012100;14;5;27;715;1;1;1;6;13
201400012101;14;7;3;345;3;1;1;6;13
201400012102;14;8;10;630;1;1;1;2;13
201400012103;14;8;12;800;1;1;1;6;13
201400012104;14;9;2;630;2;1;1;5;13
201400012105;14;9;13;1515;1;1;1;7;13
201400012106;14;10;16;600;3;1;1;6;13
201400012107;14;10;19;1900;3;1;1;5;13
201400012108;14;11;9;2000;3;1;1;6;13
201400012109;14;11;24;1515;1;1;1;5;13
201400012110;14;1;24;1945;5;2;3;6;13
201400012111;14;2;25;1315;1;2;1;6;13
201400012112;14;4;26;1030;1;2;1;1;13
201400012113;14;5;14;2030;1;1;1;3;13
201400012114;14;5;19;800;1;1;1;4;13
201400012115;14;6;20;1715;1;1;1;1;13
201400012116;14;9;16;1330;1;1;6;3;13
201400012117;14;10;28;1230;1;1;1;3;13
201400012118;14;1;1;500;3;1;1;7;13
201400012119;14;1;1;830;1;1;1;6;13
201400012120;14;1;3;1030;1;1;8;3;13
201400012121;14;1;27;1500;1;2;1;1;13
201400012122;14;2;12;1615;1;1;1;3;13
201400012123;14;2;15;1430;1;1;1;6;13
201400012124;14;2;19;1400;1;1;1;1;13
201400012125;14;3;1;1100;1;2;1;3;13
201400012126;14;3;7;830;1;2;1;3;13
201400012127;14;3;8;1700;1;2;1;1;13
201400012128;14;3;14;1330;1;1;1;6;13
201400012129;14;3;16;1945;5;1;1;3;13
201400012130;14;3;18;945;1;2;7;6;13
201400012131;14;3;31;730;1;2;1;3;13
201400012132;14;3;31;1700;1;1;1;3;13
201400012133;14;4;3;1730;1;1;1;7;13
201400012134;14;4;4;900;1;1;1;3;13
201400012135;14;4;7;1715;1;1;1;6;13
201400012136;14;4;14;745;1;1;1;6;13
201400012137;14;4;23;1530;1;1;1;3;13
201400012138;14;4;27;1830;1;1;1;3;13
201400012139;14;4;27;1515;1;1;1;6;13
201400012140;14;5;3;1100;1;1;1;3;13
201400012141;14;5;11;1130;1;1;1;6;13
201400012142;14;5;12;1530;1;2;1;3;13
201400012143;14;5;19;845;1;1;1;5;13
201400012144;14;6;6;915;1;1;1;1;13
201400012145;14;6;13;900;1;1;1;3;13
201400012146;14;6;13;1715;1;1;7;2;13
201400012147;14;6;17;1745;1;1;1;7;13
201400012148;14;6;19;1715;1;2;1;1;13
201400012149;14;6;20;2330;3;1;9;6;13
201400012150;14;6;27;30;5;2;1;6;13
201400012151;14;6;30;1645;1;1;1;2;13
201400012152;14;7;3;2200;5;2;1;2;13
201400012153;14;7;4;1730;1;1;1;1;13
201400012154;14;7;6;1100;1;1;1;2;13
201400012155;14;7;8;1515;1;1;1;1;13
201400012156;14;7;10;1345;1;1;1;3;13
201400012157;14;7;15;1600;1;1;1;3;13
201400012158;14;7;15;1845;1;1;1;3;13
201400012159;14;7;18;1900;1;1;1;3;13
201400012160;14;8;8;845;1;1;1;1;13
201400012161;14;8;11;1730;1;1;1;1;13
201400012162;14;8;12;1315;1;2;1;1;13
201400012163;14;8;16;1800;1;1;1;7;13
201400012164;14;8;19;1315;1;1;1;1;13
201400012165;14;8;25;1000;1;1;1;2;13
201400012166;14;8;28;1330;1;1;1;3;13
201400012167;14;9;1;1630;1;1;1;6;13
201400012168;14;9;7;1800;1;2;7;6;13
201400012169;14;9;11;1745;1;1;1;3;13
201400012170;14;9;20;330;3;2;1;7;13
201400012171;14;9;20;1545;1;1;1;3;13
201400012172;14;9;21;1145;1;2;1;1;13
201400012173;14;9;24;1230;1;1;3;3;13
201400012174;14;10;11;300;3;1;3;1;13
201400012175;14;10;19;500;3;1;1;1;13
201400012176;14;10;18;2045;3;1;1;6;13
201400012177;14;10;19;1430;1;1;1;3;13
201400012178;14;10;19;2100;3;1;1;6;13
201400012179;14;10;24;1945;3;1;1;1;13
201400012180;14;10;31;2000;5;2;1;1;13
201400012181;14;11;9;1715;2;1;3;6;13
201400012182;14;11;13;745;1;1;8;7;13
201400012183;14;11;13;1830;3;1;1;1;13
201400012184;14;11;14;2145;3;2;3;5;13
201400012185;14;11;16;1;5;2;1;6;13
201400012186;14;11;18;945;1;1;8;3;13
201400012187;14;11;21;830;1;2;1;6;13
201400012188;14;11;28;1830;5;2;1;3;13
201400012189;14;12;7;445;3;1;1;6;13
201400012190;14;8;30;215;3;1;2;7;13
201400012191;14;3;17;830;1;1;1;6;13
201400012192;14;5;14;1415;1;1;1;5;13
201400012193;14;6;7;2230;2;1;1;1;13
201400012194;14;6;13;2315;3;1;1;5;13
201400012195;14;7;26;600;2;1;1;1;13
201400012196;14;9;30;745;2;1;1;4;13
201400012197;14;10;4;1145;1;1;1;4;13
201400012198;14;10;10;500;3;1;2;1;13
201400012199;14;11;3;815;1;1;3;2;13
201400012200;14;11;3;1215;1;1;8;7;13
201400012201;14;12;2;830;1;1;1;2;13
201400012202;14;1;2;115;3;1;1;6;13
201400012203;14;1;5;1900;3;1;1;5;13
201400012204;14;2;1;1800;3;1;4;5;13
201400012205;14;5;27;1715;1;1;1;2;13
201400012206;14;6;13;915;1;1;1;6;13
201400012207;14;6;29;1530;1;1;2;3;13
201400012208;14;7;15;1000;1;1;1;4;13
201400012209;14;7;30;715;2;1;2;3;13
201400012210;14;10;3;800;1;1;1;3;13
201400012211;14;11;3;815;1;1;1;4;13
201400012212;14;11;12;1015;1;1;1;2;13
201400012213;14;2;6;1110;1;2;8;6;13
201400012214;14;4;3;736;1;2;1;3;13
201400012215;14;4;18;1755;1;2;1;1;13
201400012216;14;7;10;105;5;2;1;3;13
201400012217;14;7;25;1500;1;2;1;6;13
201400012218;14;10;19;2225;5;2;1;3;13
201400012219;14;11;3;1525;1;2;3;1;13
201400012220;14;5;2;1245;1;1;1;3;13
201400012221;14;4;15;1220;1;1;1;5;13
201400012222;14;9;18;1900;2;2;9;1;13
201400012223;14;4;12;1545;1;1;1;4;13
201400012224;14;5;5;1545;1;1;1;4;13
201400012225;14;5;5;1415;1;1;1;4;13
201400012226;14;6;2;1130;1;1;1;7;13
201400012227;14;6;19;1300;1;1;1;4;13
201400012228;14;6;2;1645;1;1;1;5;13
201400012229;14;7;15;2015;1;1;1;1;13
201400012230;14;8;6;1145;1;1;1;6;13
201400012231;14;8;24;1530;1;1;1;1;13
201400012232;14;9;10;1015;1;1;1;6;13
201400012233;14;9;17;1745;1;2;1;1;13
201400012234;14;9;28;1745;1;1;1;1;13
201400012235;14;10;25;115;3;1;1;1;13
201400012236;14;12;9;1230;1;2;6;6;13
201400012237;14;1;12;345;5;2;1;6;13
201400012238;14;3;7;2130;5;1;1;1;13
201400012239;14;5;9;1315;1;1;1;1;13
201400012240;14;5;17;930;1;2;1;6;13
201400012241;14;5;17;1545;1;2;1;3;13
201400012242;14;5;28;2230;3;1;1;3;13
201400012243;14;6;4;2030;1;2;1;2;13
201400012244;14;8;22;1015;1;2;1;2;13
201400012245;14;9;7;945;1;2;1;3;13
201400012246;14;11;14;1830;3;2;2;2;13
201400012247;14;11;11;1245;1;2;1;3;13
201400012248;14;4;20;1700;1;1;1;6;13
201400012249;14;6;1;1815;1;1;1;6;13
201400012250;14;6;16;1930;1;1;1;7;13
201400012251;14;6;15;1030;1;1;1;6;13
201400012252;14;6;29;1900;1;1;1;6;13
201400012253;14;7;18;1030;1;1;1;1;13
201400012254;14;8;12;1700;1;1;2;5;13
201400012255;14;8;10;1115;1;1;1;7;13
201400012256;14;4;26;1145;1;1;1;7;13
201400012257;14;10;16;1315;1;1;1;6;13
201400012258;14;12;21;1845;3;1;1;6;13
201400012259;14;10;9;1515;1;1;2;1;13
201400012260;14;1;2;600;3;1;4;6;13
201400012261;14;3;19;645;5;1;5;1;13
201400012262;14;5;20;1645;1;2;3;3;13
201400012263;14;6;1;1330;1;1;1;7;13
201400012264;14;6;4;145;3;1;1;7;13
201400012265;14;6;11;1945;1;1;1;5;13
201400012266;14;9;5;1000;1;1;1;5;13
201400012267;14;9;8;1215;1;1;1;5;13
201400012268;14;10;28;1600;1;1;7;3;13
201400012269;14;9;30;815;1;2;1;3;13
201400012270;14;11;2;130;3;1;1;3;13
201400012271;14;12;8;1900;3;1;8;5;13
201400012272;14;2;27;1545;1;1;4;2;13
201400012273;14;5;5;2245;3;1;1;3;13
201400012274;14;6;17;115;3;1;1;6;13
201400012275;14;11;9;1615;2;1;2;7;13
201400012276;14;2;10;1630;1;1;1;1;13
201400012277;14;4;2;1700;1;1;1;3;13
201400012278;14;9;2;730;1;1;1;2;13
201400012279;14;10;5;830;2;1;1;6;13
201400012280;14;10;28;1400;1;1;7;3;13
201400012281;14;11;3;1345;1;1;3;2;13
201400012282;14;2;20;1730;1;1;2;7;13
201400012283;14;5;15;1730;1;2;1;1;13
201400012284;14;12;21;1230;1;1;8;6;13
201400012285;14;9;20;230;3;1;1;6;13
201400012286;14;3;20;1600;1;1;1;6;13
201400012287;14;5;9;1445;1;1;1;7;13
201400012288;14;5;14;1445;1;1;1;6;13
201400012289;14;6;12;345;5;1;1;6;13
201400012290;14;7;6;1300;1;1;1;6;13
201400012291;14;7;9;1030;1;1;1;4;13
201400012292;14;7;10;1100;1;1;1;4;13
201400012293;14;7;19;2030;1;1;1;5;13
201400012294;14;7;21;615;2;1;1;1;13
201400012295;14;8;2;730;2;1;1;1;13
201400012296;14;8;3;15;3;1;1;2;13
201400012297;14;8;30;1430;1;1;1;2;13
201400012298;14;10;28;615;5;1;1;6;13
201400012299;14;11;22;415;5;1;1;6;13
201400012300;14;12;15;1400;1;1;1;2;13
201400012301;14;2;4;1945;3;1;8;2;13
201400012302;14;3;9;1500;1;1;1;6;13
201400012303;14;7;15;2245;3;1;1;1;13
201400012304;14;9;27;1230;1;1;1;6;13
201400012305;14;6;22;845;1;1;1;2;13
201400012306;14;9;9;1515;1;1;2;6;13
201400012307;14;9;10;1800;1;1;2;5;13
201400012308;14;9;16;1645;1;1;2;5;13
201400012309;14;11;26;415;3;1;1;5;13
201400012310;14;5;6;2000;1;1;1;7;13
201400012311;14;6;7;130;3;1;1;1;13
201400012312;14;6;12;300;3;1;1;6;13
201400012313;14;6;16;1500;1;1;1;6;13
201400012314;14;6;26;1400;1;1;1;2;13
201400012315;14;8;26;115;5;1;1;6;13
201400012316;14;9;14;545;3;1;1;6;13
201400012317;14;9;20;515;3;1;1;6;13
201400012318;14;10;30;1645;1;1;1;7;13
201400012319;14;12;21;1530;2;1;1;1;13
201400012320;14;5;27;1530;1;1;1;1;13
201400012321;14;6;6;330;3;1;1;2;13
201400012322;14;9;19;1730;1;1;1;2;13
201400012323;14;10;14;515;3;1;1;5;13
201400012324;14;12;12;1700;2;1;1;5;13
201400012325;14;3;13;415;3;1;1;6;13
201400012326;14;10;8;1345;1;1;2;6;13
201400012327;14;12;26;1045;1;1;1;6;13
201400012328;14;12;29;1430;1;1;2;3;13
201400012329;14;5;14;1600;1;1;1;3;13
201400012330;14;10;10;915;1;1;5;4;13
201400012331;14;12;17;1400;1;1;2;4;13
201400012332;14;1;3;2215;3;1;4;1;13
201400012333;14;12;28;1845;3;1;1;5;13
201400012334;14;5;26;745;1;1;2;1;13
201400012335;14;12;12;1600;1;1;8;1;13
201400012336;14;10;16;745;2;1;8;2;13
201400012337;14;7;28;715;1;2;1;1;13
201400012338;14;8;5;1015;1;2;1;3;13
201400012339;14;2;26;2330;4;1;1;2;13
201400012340;14;3;31;745;1;1;1;6;13
201400012341;14;3;31;1330;1;1;1;6;13
201400012342;14;4;18;200;3;1;1;6;13
201400012343;14;8;9;245;3;1;1;6;13
201400012344;14;11;8;1845;3;1;8;6;13
201400012345;14;10;17;1530;1;1;1;7;13
201400012346;14;3;15;1845;5;1;6;6;13
201400012347;14;6;3;1515;1;2;1;5;13
201400012348;14;6;7;1730;1;1;1;6;13
201400012349;14;7;12;545;2;1;1;1;13
201400012350;14;7;18;2300;3;1;1;6;13
201400012351;14;3;27;1945;3;1;1;5;13
201400012352;14;4;16;900;1;1;1;3;13
201400012353;14;4;20;1630;1;1;1;7;13
201400012354;14;4;26;1715;1;1;1;5;13
201400012355;14;6;8;945;1;1;1;1;13
201400012356;14;7;18;1415;1;1;1;3;13
201400012357;14;7;26;2115;2;1;1;1;13
201400012358;14;7;29;2015;1;1;1;5;13
201400012359;14;10;13;700;2;1;2;5;13
201400012360;14;10;28;515;5;1;1;7;13
201400012361;14;12;3;1515;1;1;1;7;13
201400012362;14;12;12;730;3;1;1;5;13
201400012363;14;3;16;345;3;1;1;5;13
201400012364;14;3;26;2100;3;1;1;2;13
201400012365;14;2;28;1615;1;1;1;3;13
201400012366;14;3;28;1130;1;1;1;3;13
201400012367;14;4;9;1800;1;1;1;4;13
201400012368;14;5;10;1115;1;1;1;4;13
201400012369;14;7;1;815;1;1;1;5;13
201400012370;14;7;3;845;1;1;1;5;13
201400012371;14;7;7;1645;1;1;1;3;13
201400012372;14;8;13;415;3;1;1;6;13
201400012373;14;9;2;1545;1;1;1;3;13
201400012374;14;9;13;1530;1;1;1;3;13
201400012375;14;12;9;645;3;1;1;5;13
201400012376;14;12;7;1700;1;1;1;4;13
201400012377;14;12;20;1830;3;1;1;6;13
201400012378;14;1;7;2315;3;1;1;6;13
201400012379;14;1;17;1845;3;1;1;6;13
201400012380;14;2;6;2300;3;1;2;5;13
201400012381;14;3;7;1645;1;1;1;6;13
201400012382;14;4;14;600;2;1;1;6;13
201400012383;14;5;13;845;1;1;1;2;13