Num_Acc;an;mois;jour;hrmn;lum;agg;atm;col;dep
201400012384;14;6;1;1845;1;1;8;2;13
201400012385;14;8;6;1700;1;1;1;6;13
201400012386;14;8;13;1745;1;1;1;5;13
201400012387;14;8;14;1730;1;1;1;4;13
201400012388;14;8;25;545;2;1;1;2;13
201400012389;14;9;25;745;1;1;1;2;13
201400012390;14;10;8;1645;1;1;1;7;13
201400012391;14;10;9;1645;1;1;1;2;13
201400012392;14;11;22;730;2;1;1;2;13
201400012393;14;12;7;30;3;1;2;5;13
201400012394;14;2;18;1245;1;1;1;6;13
201400012395;14;4;28;1715;1;1;1;6;13
201400012396;14;5;12;1430;1;1;1;2;13
201400012397;14;10;19;1830;1;1;1;5;13
201400012398;14;10;1;1045;1;2;1;6;13
201400012399;14;1;24;900;1;1;2;3;13
201400012400;14;4;16;1730;1;1;1;6;13
201400012401;14;6;15;615;1;1;1;6;13
201400012402;14;7;7;930;1;1;2;2;13
201400012403;14;7;6;1800;1;1;1;6;13
201400012404;14;10;13;1945;3;1;2;6;13
201400012405;14;12;14;1630;1;1;1;1;13
201400012406;14;1;7;2030;5;1;1;3;13
201400012407;14;1;18;2130;5;2;1;2;13
201400012408;14;3;14;1615;1;2;1;1;13
201400012409;14;4;9;2100;5;2;1;1;13
201400012410;14;4;21;1830;1;2;2;3;13
201400012411;14;4;21;1600;1;1;2;6;13
201400012412;14;4;25;1730;1;2;8;3;13
201400012413;14;4;27;1800;1;1;1;7;13
201400012414;14;5;8;1100;1;1;1;7;13
201400012415;14;5;23;1145;1;1;1;7;13
201400012416;14;5;24;1615;1;1;1;3;13
201400012417;14;6;7;2300;5;1;1;1;13
201400012418;14;6;8;930;1;1;1;2;13
201400012419;14;6;16;1645;1;1;1;1;13
201400012420;14;6;29;830;1;1;2;6;13
201400012421;14;8;18;1830;1;1;1;7;13
201400012422;14;8;27;800;1;1;1;1;13
201400012423;14;9;10;2215;3;1;1;6;13
201400012424;14;9;18;1045;1;1;1;3;13
201400012425;14;9;25;645;3;1;2;5;13
201400012426;14;10;3;1045;1;1;1;3;13
201400012427;14;10;9;645;5;2;1;6;13
201400012428;14;10;18;1545;1;2;1;1;13
201400012429;14;10;25;1330;1;2;1;1;13
201400012430;14;11;16;1500;1;2;1;1;13
201400012431;14;11;29;630;2;1;5;6;13
201400012432;14;12;18;1630;2;2;1;6;13
201400012433;14;3;28;1700;1;1;1;1;13
201400012434;14;4;25;1145;1;1;1;1;13
201400012435;14;5;17;1745;1;2;1;3;13
201400012436;14;7;4;1045;1;1;1;1;13
201400012437;14;9;20;1300;1;1;1;5;13
201400012438;14;11;15;2030;3;1;8;7;13
201400012439;14;3;20;1800;1;1;1;6;13
201400012440;14;5;18;1800;1;1;1;6;13
201400012441;14;2;13;1845;3;1;4;7;13
201400012442;14;3;17;1530;1;1;1;2;13
201400012443;14;4;21;115;3;1;1;6;13
201400012444;14;5;1;2030;1;1;2;7;13
201400012445;14;5;4;1000;1;1;1;7;13
201400012446;14;7;7;915;1;1;1;5;13
201400012447;14;7;26;1315;1;1;1;2;13
201400012448;14;8;1;1500;1;1;1;2;13
201400012449;14;8;1;1215;1;1;1;7;13
201400012450;14;8;12;1400;1;1;3;2;13
201400012451;14;10;27;1730;2;1;7;7;13
201400012452;14;10;28;1930;3;1;1;5;13
201400012453;14;10;30;1830;3;1;1;3;13
201400012454;14;11;29;1230;1;1;1;3;13
201400012455;14;12;27;1545;1;1;1;7;13
201400012456;14;5;16;1145;1;1;6;6;13
201400012457;14;6;2;645;2;1;1;6;13
201400012458;14;6;10;615;1;1;1;6;13
201400012459;14;6;14;1415;1;1;1;6;13
201400012460;14;7;26;1100;1;1;1;7;13
201400012461;14;8;11;330;3;1;1;2;13
201400012462;14;10;24;1600;1;1;1;1;13
201400012463;14;3;5;845;1;2;2;7;13
201400012464;14;4;18;1615;1;2;1;2;13
201400012465;14;6;16;1545;1;2;1;7;13
201400012466;14;8;17;1120;1;2;1;3;13
201400012467;14;8;20;1534;1;1;1;1;13
201400012468;14;9;16;1725;1;2;1;7;13
201400012469;14;10;9;1020;1;2;1;7;13
201400012470;14;11;8;1640;1;2;1;7;13
201400012471;14;1;8;745;5;2;1;1;13
201400012472;14;2;12;830;1;2;9;7;13
201400012473;14;6;13;1100;1;2;1;1;13
201400012474;14;9;3;1400;1;2;1;3;13
201400012475;14;10;10;2030;5;2;2;3;13
201400012476;14;7;5;1330;1;1;1;3;13
201400012477;14;1;1;1700;5;2;1;3;13
201400012478;14;2;22;545;5;2;1;3;13
201400012479;14;5;10;2022;1;2;1;6;13
201400012480;14;7;22;830;1;2;1;6;13
201400012481;14;8;24;1715;1;2;1;3;13
201400012482;14;8;28;1525;1;2;1;3;13
201400012483;14;11;1;1335;1;2;1;6;13
201400012484;14;4;29;500;3;1;1;2;13
201400012485;14;6;27;2230;3;1;1;7;13
201400012486;14;8;22;1400;1;1;8;6;13
201400012487;14;9;19;2115;3;1;1;5;13
201400012488;14;10;19;1130;1;1;1;2;13
201400012489;14;10;20;1130;1;1;1;2;13
201400012490;14;10;24;645;2;1;1;3;13
201400012491;14;11;15;1500;1;1;1;6;13
201400012492;14;11;17;645;3;1;1;5;13
201400012493;14;12;18;1145;1;1;8;2;13
201400012494;14;10;17;1500;1;1;1;1;13
201400012495;14;1;5;815;2;1;3;3;13
201400012496;14;6;20;1245;1;1;1;1;13
201400012497;14;6;26;2130;1;1;1;6;13
201400012498;14;6;29;2115;2;1;1;2;13
201400012499;14;7;5;930;1;1;2;2;13
201400012500;14;7;15;815;1;1;7;7;13
201400012501;14;8;25;1930;1;1;1;2;13
201400012502;14;8;26;1300;1;1;2;4;13
201400012503;14;9;2;2100;3;1;1;7;13
201400012504;14;11;24;1345;1;1;1;2;13
201400012505;14;1;19;1645;1;2;1;2;13
201400012506;14;7;9;15;3;1;8;6;13
201400012507;14;10;28;1130;1;1;1;2;13
201400012508;14;8;20;615;2;1;1;6;13
201400012509;14;10;1;1515;1;1;1;1;13
201400012510;14;8;10;845;1;1;1;6;13
201400012511;14;8;10;1500;1;1;1;6;13
201400012512;14;3;29;1845;2;1;4;2;13
201400012513;14;4;20;930;1;1;1;2;13
201400012514;14;6;16;530;2;1;1;7;13
201400012515;14;7;15;1500;1;1;1;6;13
201400012516;14;9;20;1630;1;1;1;6;13
201400012517;14;11;1;1500;1;1;1;6;13
201400012518;14;12;10;1400;1;1;1;7;13
201400012519;14;12;24;30;3;1;1;5;13
201400012520;14;2;8;645;3;1;1;2;13
201400012521;14;3;9;545;3;1;1;2;13
201400012522;14;3;21;1630;1;1;1;4;13
201400012523;14;3;28;450;3;1;1;3;13
201400012524;14;4;8;1745;1;1;1;2;13
201400012525;14;4;26;1230;1;1;1;6;13
201400012526;14;5;3;100;3;1;2;6;13
201400012527;14;10;24;830;1;1;1;6;13
201400012528;14;2;17;730;3;1;1;6;13
201400012529;14;3;23;1345;1;1;4;6;13
201400012530;14;5;4;1645;1;1;1;6;13
201400012531;14;5;15;1045;1;1;1;2;13
201400012532;14;6;12;1045;1;1;1;1;13
201400012533;14;6;16;1200;1;1;1;6;13
201400012534;14;10;22;745;3;1;2;1;13
201400012535;14;12;1;2245;3;1;8;1;13
201400012536;14;1;21;815;3;1;1;3;13
201400012537;14;3;21;1815;2;1;1;7;13
201400012538;14;5;29;1815;1;1;1;6;13
201400012539;14;8;15;1945;1;1;1;6;13
201400012540;14;9;22;1630;1;1;1;7;13
201400012541;14;5;23;1630;1;1;1;6;13
201400012542;14;7;16;1500;1;1;7;1;13
201400012543;14;8;30;1400;1;1;1;6;13
201400012544;14;3;19;1745;1;1;1;2;13
201400012545;14;4;20;2130;3;1;2;2;13
201400012546;14;9;23;1030;1;1;1;5;13
201400012547;14;12;6;1815;1;1;1;4;13
201400012548;14;12;12;515;3;1;5;2;13
201400012549;14;12;11;630;3;1;1;7;13
201400012550;14;7;19;900;1;1;1;7;13
201400012551;14;12;31;1145;1;2;8;6;13
201400012552;14;6;17;1115;1;1;2;1;13
201400012553;14;3;3;1415;1;1;1;3;13
201400012554;14;6;23;900;1;1;1;6;13
201400012555;14;10;21;1500;1;1;1;6;13
201400012556;14;11;19;1730;2;1;1;6;13
201400012557;14;3;14;1600;1;1;1;2;13
201400012558;14;3;19;815;1;1;1;2;13
201400012559;14;4;16;1000;1;2;1;1;13
201400012560;14;5;13;1915;1;1;2;6;13
201400012561;14;9;2;1615;1;2;1;3;13
201400012562;14;9;7;1145;1;1;1;3;13
201400012563;14;11;13;930;1;2;1;3;13
201400012564;14;12;9;715;3;2;2;3;13
201400012565;14;3;2;2300;5;2;1;3;13
201400012566;14;5;9;945;1;2;1;1;13
201400012567;14;8;27;1130;1;2;1;6;13
201400012568;14;9;17;730;1;2;1;3;13
201400012569;14;9;20;200;5;2;1;2;13
201400012570;14;9;26;1845;1;2;1;2;13
201400012571;14;10;20;1415;1;2;1;3;13
201400012572;14;12;11;730;1;2;1;2;13
201400012573;14;12;18;2330;5;2;1;6;13
201400012574;14;1;11;30;3;1;2;1;13
201400012575;14;4;9;1900;1;1;1;3;13
201400012576;14;5;10;1545;1;1;1;3;13
201400012577;14;5;17;1130;1;1;1;1;13
201400012578;14;8;10;415;3;1;1;6;13
201400012579;14;3;11;800;1;1;1;3;13
201400012580;14;4;17;245;3;1;1;6;13
201400012581;14;2;10;1330;1;1;6;1;13
201400012582;14;1;4;530;3;1;8;5;13
201400012583;14;4;13;345;3;1;1;6;13
201400012584;14;5;25;1745;1;1;1;6;13
201400012585;14;6;18;1715;1;1;1;4;13
201400012586;14;6;28;1145;1;1;2;2;13
201400012587;14;7;8;1115;1;1;8;6;13
201400012588;14;7;18;1530;1;1;1;6;13
201400012589;14;10;10;2015;3;1;3;4;13
201400012590;14;11;28;1600;1;1;1;3;13
201400012591;14;1;6;1145;1;1;1;7;13
201400012592;14;8;3;2000;2;1;1;7;13
201400012593;14;10;4;430;3;1;1;3;13
201400012594;14;1;12;2100;3;1;1;5;13
201400012595;14;2;13;900;1;1;3;6;13
201400012596;14;4;11;15;5;1;1;7;13
201400012597;14;4;27;1515;1;1;1;6;13
201400012598;14;5;18;2200;3;1;1;7;13
201400012599;14;6;1;1030;1;1;1;6;13
201400012600;14;7;11;645;2;1;1;7;13
201400012601;14;7;29;1715;1;1;2;6;13
201400012602;14;9;20;700;1;1;1;6;13
201400012603;14;11;4;2130;5;1;3;2;13
201400012604;14;12;13;715;2;1;1;6;13
201400012605;14;3;10;1315;1;1;1;1;13
201400012606;14;5;30;2015;1;2;1;3;13
201400012607;14;7;10;1800;1;1;1;5;13
201400012608;14;8;18;1030;1;1;1;3;13
201400012609;14;8;27;1415;1;1;1;7;13
201400012610;14;10;9;830;1;2;8;3;13
201400012611;14;10;12;1645;1;2;1;6;13
201400012612;14;1;21;1815;2;2;8;6;13
201400012613;14;2;17;1945;5;2;1;3;13
201400012614;14;5;16;1200;1;2;1;3;13
201400012615;14;5;21;2145;3;1;1;6;13
201400012616;14;6;4;2035;1;1;1;6;13
201400012617;14;6;14;530;2;2;1;6;13
201400012618;14;9;18;1200;1;2;1;3;13
201400012619;14;12;8;645;3;1;1;2;13
201400012620;14;2;9;545;3;1;1;6;13
201400012621;14;2;19;715;2;1;1;4;13
201400012622;14;3;16;430;3;1;1;2;13
201400012623;14;5;19;1645;1;1;1;7;13
201400012624;14;6;18;2215;3;1;1;1;13
201400012625;14;6;16;1515;1;1;1;2;13
201400012626;14;10;23;1415;1;1;1;2;13
201400012627;14;9;10;1230;1;1;1;1;13
201400012628;14;11;23;1815;3;1;1;3;13
201400012629;14;1;13;1145;1;1;8;5;13
201400012630;14;2;2;1230;1;1;1;6;13
201400012631;14;2;21;1515;1;2;1;2;13
201400012632;14;5;17;1115;1;1;1;1;13
201400012633;14;6;7;1045;1;2;7;6;13
201400012634;14;6;14;1130;1;2;1;1;13
201400012635;14;8;7;2130;5;2;1;3;13
201400012636;14;9;14;1915;1;2;1;1;13
201400012637;14;9;29;1645;1;1;1;1;13
201400012638;14;10;2;1745;1;1;1;1;13
201400012639;14;10;6;730;2;2;1;6;13
201400012640;14;11;14;1545;1;1;8;5;13
201400012641;14;12;9;1300;1;1;1;7;13
201400012642;14;12;16;1930;5;2;8;3;13
201400012643;14;12;12;1215;1;2;1;5;13
201400012644;14;2;10;1530;1;1;1;2;13
201400012645;14;6;6;1945;1;1;1;7;13
201400012646;14;8;31;45;4;2;1;6;13
201400012647;14;9;12;1645;1;1;1;7;13
201400012648;14;10;4;430;5;1;1;6;13
201400012649;14;12;4;2300;5;1;2;2;13
201400012650;14;12;8;915;1;1;2;1;13
201400012651;14;1;6;700;2;1;2;3;13
201400012652;14;1;11;1500;1;1;1;6;13
201400012653;14;2;1;1320;1;1;1;1;13
201400012654;14;2;12;900;1;2;9;6;13
201400012655;14;3;10;1630;1;1;1;1;13
201400012656;14;4;1;845;1;1;1;6;13
201400012657;14;4;10;900;1;1;1;2;13
201400012658;14;4;12;1015;1;2;1;2;13
201400012659;14;5;14;1515;1;2;3;2;13
201400012660;14;7;3;1400;1;1;1;3;13
201400012661;14;9;13;1115;1;1;1;6;13
201400012662;14;12;3;1500;1;1;1;1;13
201400012663;14;12;26;1245;1;1;8;1;13
201400012664;14;1;6;645;5;1;1;3;13
201400012665;14;7;7;1700;5;2;1;1;13
201400012666;14;8;14;1845;1;2;1;1;13
201400012667;14;8;18;1730;1;2;1;1;13
201400012668;14;1;17;930;1;1;3;6;13
201400012669;14;2;20;900;1;1;1;2;13
201400012670;14;3;5;1315;1;2;1;1;13
201400012671;14;5;21;1745;1;1;1;6;13
201400012672;14;7;26;100;3;1;1;5;13
201400012673;14;8;5;1130;1;2;1;1;13
201400012674;14;8;28;1745;1;2;1;3;13
201400012675;14;9;5;930;1;1;1;6;13
201400012676;14;9;16;1400;1;1;1;3;13
201400012677;14;11;21;1930;3;1;8;1;13
201400012678;14;11;29;1215;1;1;1;3;13
201400012679;14;12;18;2000;3;1;1;1;13
201400012680;14;1;13;1215;1;2;2;3;13
201400012681;14;5;20;1415;1;2;1;5;13
201400012682;14;9;16;1645;1;2;1;2;13
201400012683;14;10;25;1430;1;2;1;1;13
201400012684;14;3;4;1700;1;2;1;6;13
201400012685;14;3;18;845;1;2;1;3;13
201400012686;14;3;27;2045;5;2;1;1;13
201400012688;14;6;7;1315;1;2;1;1;13
201400012689;14;8;28;1145;1;2;1;3;13
201400012690;14;10;8;1645;1;2;1;1;13
201400012691;14;10;16;1800;1;2;1;1;13
201400012692;14;10;28;1915;5;2;1;1;13
201400012693;14;12;1;1215;1;2;1;3;13
201400012694;14;12;22;2130;5;2;1;6;13
201400012695;14;1;23;715;2;2;1;2;13
201400012696;14;3;15;200;5;2;1;1;13
201400012697;14;3;15;1345;1;2;1;6;13
201400012698;14;5;9;1700;1;1;1;1;13
201400012699;14;5;20;2330;1;2;8;5;13
201400012700;14;6;6;915;1;1;1;2;13
201400012701;14;6;8;1445;1;2;1;6;13
201400012702;14;6;10;1215;1;2;1;2;13
201400012703;14;7;11;1230;1;2;1;6;13
201400012704;14;7;31;1345;1;2;1;3;13
201400012705;14;8;9;1630;1;2;1;3;13
201400012706;14;9;11;1115;1;2;1;3;13
201400012707;14;10;4;1930;5;2;1;1;13
201400012708;14;11;18;730;2;2;2;2;13
201400012709;14;3;21;1500;1;2;1;6;13
201400012710;14;5;8;1930;1;1;1;3;13
201400012711;14;5;5;1600;1;2;1;1;13
201400012712;14;5;9;1600;1;1;1;1;13
201400012713;14;5;10;1900;1;2;1;1;13
201400012714;14;6;21;1530;1;2;1;2;13
201400012715;14;7;3;1345;1;1;1;2;13
201400012716;14;8;31;2030;5;2;1;1;13
201400012717;14;12;12;845;1;2;1;3;13
201400012718;14;12;17;1400;1;2;2;1;13
201400012719;14;3;6;1715;1;2;1;6;13
201400012720;14;5;10;1045;1;1;1;3;13
201400012721;14;5;16;915;1;1;1;3;13
201400012722;14;11;8;215;3;1;1;6;13
201400012723;14;11;17;1400;1;1;7;1;13
201400012724;14;1;15;1115;1;2;1;3;13
201400012725;14;4;9;645;1;1;7;2;13
201400012726;14;4;30;1715;1;1;1;6;13
201400012728;14;8;11;1600;1;1;1;7;13
201400012729;14;11;17;1515;1;1;2;7;13
201400012730;14;12;22;1830;3;1;1;2;13
201400012731;14;6;24;1800;1;2;1;6;13
201400012732;14;8;6;1445;1;1;3;1;13
201400012733;14;3;5;2305;3;1;1;6;13
201400012734;14;1;15;1845;3;1;3;6;13
201400012735;14;2;1;1315;1;1;1;6;13
201400012736;14;3;2;630;5;2;1;1;13
201400012737;14;3;29;1000;1;2;1;4;13
201400012738;14;4;18;1745;1;2;1;6;13
201400012739;14;8;16;1715;1;2;1;1;13
201400012740;14;9;8;1500;1;1;1;6;13
201400012741;14;9;9;2015;2;2;1;7;13
201400012742;14;11;11;915;1;2;7;6;13
201400012743;14;11;8;1600;1;1;1;4;13
201400012744;14;11;12;1100;1;2;1;6;13
201400012745;14;11;18;1915;1;1;1;3;13
201400012746;14;3;28;1715;1;1;1;1;13
201400012747;14;4;25;1215;1;1;1;1;13
201400012748;14;5;4;515;3;1;1;3;13
201400012749;14;12;29;1615;1;1;1;6;13
201400012750;14;10;8;1430;1;1;1;2;13
201400012751;14;11;1;1815;3;1;2;2;13
201400012752;14;11;4;1015;1;1;8;5;13
201400012753;14;10;10;2245;3;1;8;7;13
201400012754;14;5;10;1100;1;1;1;3;13
201400012755;14;5;23;1515;1;1;1;1;13
201400012756;14;6;1;1745;1;1;1;1;13
201400012757;14;6;15;1745;1;1;1;7;13
201400012758;14;6;16;1530;1;2;1;3;13
201400012759;14;6;16;1445;1;1;1;3;13
201400012760;14;6;28;1215;1;1;1;1;13
201400012761;14;11;2;1300;1;1;1;1;13
201400012762;14;12;27;1445;1;1;3;1;13
201400012763;14;1;24;1745;3;1;2;4;13
201400012764;14;2;28;1130;1;1;2;7;13
201400012765;14;4;6;200;3;1;1;6;13
201400012766;14;6;20;1845;1;1;1;7;13
201400012767;14;9;18;915;1;2;1;3;13
201400012768;14;9;30;700;3;1;5;2;13
201400012769;14;2;4;2245;3;1;6;7;13
201400012770;14;8;19;1245;1;1;1;3;13
201400012771;14;10;15;830;1;2;3;6;13
201400012772;14;10;27;2000;5;2;1;1;13
201400012773;14;12;7;2100;3;1;8;6;13
201400012774;14;1;2;1045;1;1;1;6;13
201400012775;14;2;25;2100;3;1;1;2;13
201400012776;14;2;27;1;3;1;8;6;13
201400012777;14;2;28;1530;1;1;1;7;13
201400012778;14;4;22;645;1;1;1;2;13
201400012779;14;7;21;1600;1;1;8;2;13
201400012780;14;8;3;545;1;1;5;2;13
201400012781;14;10;7;1930;3;1;1;5;13
201400012782;14;11;27;1830;3;1;1;1;13
201400012783;14;4;5;315;3;1;1;7;13
201400012784;14;8;30;1845;3;1;1;1;13
201400012785;14;9;20;915;1;1;1;3;13
201400012786;14;12;3;800;1;1;1;6;13
201400012787;14;5;11;600;3;1;1;6;13
201400012788;14;10;11;15;5;2;3;1;13
201400012789;14;1;14;915;1;1;1;2;13
201400012790;14;4;16;1445;1;1;1;6;13
201400012791;14;5;9;1415;1;1;1;6;13
201400012792;14;9;3;1130;1;1;1;2;13
201400012793;14;9;27;1045;1;1;1;6;13
201400012794;14;2;8;530;3;1;2;1;13
201400012795;14;6;29;815;1;1;1;6;13
201400012796;14;6;30;1030;1;1;1;3;13
201400012797;14;7;3;230;3;1;1;6;13
201400012798;14;7;21;630;2;1;1;2;13
201400012799;14;8;6;745;1;1;1;2;13
201400012800;14;9;6;715;1;1;1;6;13
201400012801;14;12;11;2210;3;1;2;3;13
201400012802;14;6;17;1300;1;1;1;3;13
201400012803;14;6;19;1545;1;2;1;7;13
201400012804;14;7;3;900;1;1;1;7;13
201400012805;14;8;12;1800;1;1;1;3;13
201400012806;14;8;15;1545;1;1;1;1;13
201400012807;14;8;24;1400;1;1;1;4;13
201400012808;14;12;6;1030;1;1;2;1;13
201400012809;14;12;6;1300;2;1;3;4;13
201400012810;14;10;8;945;1;1;1;7;13
201400012811;14;2;2;645;3;1;4;6;13
201400012812;14;2;20;830;1;1;5;6;13
201400012813;14;3;23;1115;1;1;4;2;13
201400012814;14;5;14;945;1;1;8;6;13
201400012815;14;5;29;1145;1;1;1;2;13
201400012816;14;7;2;1500;1;1;1;3;13
201400012818;14;7;11;1915;1;1;2;4;13
201400012819;14;7;20;1300;1;1;3;2;13
201400012821;14;12;27;1315;1;1;1;3;13
201400012822;14;1;26;1600;1;1;8;5;13
201400012823;14;1;8;745;1;2;1;6;13
201400012824;14;3;27;830;1;1;1;6;13
201400012825;14;7;13;900;1;1;1;3;13
201400012826;14;8;18;15;3;1;1;3;13
201400012827;14;9;2;1815;1;1;1;7;13
201400012828;14;10;6;1815;1;1;1;1;13
201400012829;14;10;20;645;2;1;1;3;13
201400012830;14;8;8;1045;1;1;1;1;13
201400012831;14;8;9;1245;1;2;1;3;13
201400012832;14;4;26;1115;1;1;1;2;13
201400012833;14;6;21;830;1;1;1;6;13
201400012834;14;7;31;745;1;1;1;2;13
201400012835;14;8;17;915;1;1;1;7;13
201400012836;14;9;29;1115;1;1;2;6;13
201400012837;14;12;15;1745;3;1;1;2;13
201400012838;14;3;10;2000;3;1;1;2;13
201400012839;14;4;12;1800;1;1;1;2;13
201400012840;14;4;15;1745;1;1;1;2;13
201400012841;14;8;17;2215;3;1;1;3;13
201400012842;14;5;18;30;5;2;1;6;13
201400012843;14;8;19;715;1;1;1;2;13
201400012844;14;9;12;1545;1;1;1;3;13
201400012845;14;10;6;1715;1;1;2;6;13
201400012846;14;10;28;445;3;1;5;6;13
201400012847;14;11;12;1130;1;1;7;3;13
201400012848;14;12;3;1615;1;2;8;1;13
201400012849;14;7;22;1545;1;1;1;6;13
201400012850;14;11;7;1700;2;1;2;2;13
201400012851;14;11;14;1545;1;1;2;1;13
201400012852;14;1;5;2115;3;1;8;1;13
201400012853;14;2;16;2015;3;1;1;5;13
201400012854;14;2;28;1700;1;1;4;5;13
201400012855;14;2;28;1700;1;1;4;5;13
201400012856;14;6;7;1630;1;1;1;5;13
201400012857;14;8;21;1830;1;1;1;6;13
201400012858;14;3;28;1445;1;2;1;3;13
201400012859;14;6;6;800;1;1;1;6;13
201400012860;14;8;10;1915;1;1;1;1;13
201400012861;14;11;1;1445;1;1;1;7;13
201400012862;14;11;22;800;1;1;1;1;13
201400012863;14;12;20;551;5;2;1;3;13
201400012864;14;12;13;1635;2;2;1;4;13
201400012865;14;1;15;2050;3;1;2;6;13
201400012867;14;1;17;1610;1;2;1;3;13
201400012868;14;1;30;1320;1;2;1;6;13
201400012870;14;1;24;1410;1;2;1;6;13
201400012871;14;1;26;1850;5;2;2;6;13
201400012872;14;1;14;1840;5;2;2;6;13
201400012873;14;2;12;1355;1;2;1;6;13
201400012875;14;1;28;2139;5;2;1;3;13
201400012876;14;3;6;600;5;2;1;2;13
201400012877;14;3;11;1119;1;2;1;3;13
201400012878;14;2;19;1200;1;2;1;7;13
201400012879;14;2;28;1128;1;1;2;1;13
201400012880;14;3;22;1750;1;2;8;3;13
201400012881;14;4;1;840;1;2;1;6;13
201400012882;14;4;10;1645;1;2;1;2;13
201400012883;14;4;11;1330;1;2;1;3;13
201400012884;14;2;24;1456;1;2;1;6;13
201400012886;14;5;6;555;2;1;1;7;13
201400012887;14;3;17;1322;1;2;1;2;13
201400012888;14;5;5;1900;1;2;1;7;13
201400012889;14;4;19;1250;1;2;1;3;13
201400012890;14;5;14;1225;1;2;1;6;13
201400012895;14;6;10;1227;1;2;1;3;13
201400012896;14;6;30;1610;1;2;1;6;13
201400012897;14;6;10;1750;1;2;1;6;13
201400012899;14;7;7;1800;1;2;2;2;13
201400012900;14;6;19;1730;1;2;1;3;13
201400012901;14;8;20;1235;1;1;1;1;13
201400012902;14;8;12;1013;1;2;1;3;13
201400012903;14;8;27;1507;1;2;1;3;13
201400012905;14;9;12;1650;1;2;1;2;13
201400012906;14;9;19;1235;1;2;1;2;13
201400012907;14;9;12;1125;1;2;1;3;13
201400012908;14;10;8;1215;1;2;3;6;13
201400012910;14;10;8;2008;5;2;1;6;13
201400012911;14;10;7;1348;1;2;1;6;13
201400012912;14;10;4;2130;5;2;1;3;13
201400012913;14;9;24;1550;1;2;1;6;13
201400012914;14;9;27;1101;1;2;1;3;13
201400012916;14;10;3;1725;1;2;1;1;13
201400012917;14;9;6;1356;1;2;1;2;13
201400012918;14;9;29;1810;1;2;1;6;13
201400012920;14;10;3;1140;1;2;1;3;13
201400012922;14;11;14;850;1;2;1;6;13
201400012923;14;11;16;730;1;2;2;2;13
201400012924;14;10;29;2123;5;2;1;3;13
201400012925;14;11;23;330;5;2;1;7;13
201400012926;14;11;21;1725;2;2;1;2;13
201400012928;14;12;8;1929;5;2;9;3;13
201400012929;14;12;17;900;5;2;3;6;13
201400012930;14;12;12;1716;2;2;1;3;13
201400012931;14;5;28;1545;1;1;1;3;13
201400012932;14;5;28;1130;1;1;1;6;13
201400012933;14;7;22;1715;1;2;1;2;13
201400012934;14;9;3;1200;1;2;1;1;13
201400012935;14;11;19;2215;3;1;1;3;13
201400012936;14;12;15;745;2;2;8;3;13
201400012937;14;1;2;1130;1;1;8;3;13
201400012938;14;1;22;2315;3;1;8;6;13
201400012939;14;2;11;1200;1;2;1;1;13
201400012940;14;2;6;1500;1;2;7;6;13
201400012941;14;3;22;1315;1;2;1;6;13
201400012942;14;4;1;1500;1;1;1;5;13
201400012943;14;4;17;1245;1;1;1;6;13
201400012944;14;4;30;1530;1;2;1;6;13
201400012945;14;5;9;1330;1;2;1;7;13
201400012946;14;8;26;1700;1;2;2;3;13
201400012947;14;9;19;1345;1;1;1;2;13
201400012948;14;10;1;1545;1;2;1;1;13
201400012949;14;10;4;1430;1;2;1;3;13
201400012950;14;10;9;1630;1;2;2;3;13
201400012951;14;11;18;1815;5;2;2;6;13
201400012952;14;12;7;1400;1;2;1;3;13
201400012953;14;12;16;1045;1;1;8;6;13
201400012954;14;1;24;1215;1;2;1;3;13
201400012955;14;3;18;1530;5;2;1;3;13
201400012956;14;6;29;1045;1;2;1;1;13
201400012957;14;7;22;1545;1;2;1;3;13
201400012958;14;8;14;1645;1;1;1;2;13
201400012959;14;9;13;1815;1;1;1;1;13
201400012960;14;10;21;30;5;1;1;7;13
201400012961;14;11;1;800;1;2;1;3;13
201400012962;14;4;30;1800;1;1;3;7;13
201400012963;14;5;11;2145;3;1;1;2;13
201400012964;14;7;20;800;1;1;1;2;13
201400012965;14;9;5;1545;1;1;1;2;13
201400012966;14;9;21;1130;1;1;1;6;13
201400012967;14;10;18;630;3;1;1;2;13
201400012968;14;12;22;1830;3;1;1;3;13
201400012969;14;1;22;700;3;1;1;6;13
201400012970;14;8;9;1115;1;1;1;6;13
201400012971;14;3;8;1830;1;1;1;1;13
201400012972;14;7;2;715;1;1;2;1;13
201400012973;14;9;17;1230;1;1;1;5;13
201400012974;14;10;5;1530;1;1;1;6;13
201400012975;14;11;8;1500;2;2;1;3;13
201400012976;14;12;3;1800;3;1;8;2;13
201400012977;14;3;6;1615;1;1;1;6;13
201400012978;14;4;26;1300;1;1;1;6;13
201400012979;14;5;15;1330;1;1;1;6;13
201400012980;14;7;15;830;1;1;1;7;13
201400012981;14;9;29;1045;2;1;2;3;13
201400012982;14;11;14;1600;1;2;2;1;13
201400012983;14;3;10;845;1;1;1;6;13
201400012984;14;5;8;1145;1;1;8;6;13
201400012985;14;7;6;1715;1;1;3;2;13
201400012986;14;7;22;1445;1;1;1;5;13
201400012987;14;7;24;1415;1;1;1;2;13