Num_Acc;an;mois;jour;hrmn;lum;agg;atm;col;dep
201400012988;14;5;19;800;1;1;2;3;13
201400012989;14;6;1;1415;1;1;1;3;13
201400012990;14;7;27;630;1;1;1;1;13
201400012991;14;7;24;1815;1;1;1;1;13
201400012992;14;3;14;1430;1;1;1;3;13
201400012993;14;4;19;1530;1;1;1;6;13
201400012994;14;6;2;500;2;1;1;7;13
201400012995;14;9;12;930;1;1;1;7;13
201400012996;14;11;20;1745;3;1;1;4;13
201400012997;14;1;26;1845;3;1;8;1;13
201400012998;14;2;1;415;3;1;1;6;13
201400012999;14;3;26;1400;1;1;1;6;13
201400013000;14;9;10;1645;1;1;1;1;13
201400013001;14;10;31;1130;3;1;1;7;13
201400013002;14;1;3;1915;5;2;1;6;13
201400013003;14;1;5;1930;3;1;2;1;13
201400013004;14;1;6;1815;5;1;8;4;13
201400013005;14;1;8;745;3;1;5;1;13
201400013006;14;2;15;945;1;1;1;2;13
201400013007;14;4;6;230;3;1;1;6;13
201400013008;14;5;27;1745;1;2;1;4;13
201400013009;14;9;20;1545;1;1;1;2;13
201400013010;14;10;20;800;2;1;1;7;13
201400013011;14;12;8;1615;1;1;1;1;13
201400013012;14;1;3;1315;1;1;1;6;13
201400013013;14;2;21;1200;1;1;1;7;13
201400013014;14;4;9;630;2;1;1;2;13
201400013015;14;4;16;1030;1;1;1;7;13
201400013016;14;5;14;200;3;1;2;7;13
201400013017;14;6;18;900;1;1;1;4;13
201400013018;14;7;15;1715;1;1;1;7;13
201400013019;14;8;1;645;1;1;1;6;13
201400013020;14;11;24;1045;1;1;1;7;13
201400013021;14;2;13;1645;1;1;1;1;13
201400013022;14;7;21;330;4;2;2;6;13
201400013023;14;1;27;1340;1;2;2;6;13
201400013024;14;2;7;830;1;1;1;7;13
201400013025;14;2;16;210;5;2;2;6;13
201400013026;14;4;2;1800;1;1;1;3;13
201400013027;14;1;13;1524;1;1;1;7;13
201400013028;14;1;16;509;3;1;1;6;13
201400013030;14;1;17;1057;1;2;1;2;13
201400013032;14;1;23;712;2;1;1;1;13
201400013033;14;1;23;1452;1;1;1;3;13
201400013034;14;8;26;1025;1;2;1;7;13
201400013035;14;1;25;1350;1;1;1;3;13
201400013036;14;1;26;1604;1;2;1;7;13
201400013037;14;1;31;2333;3;1;1;7;13
201400013038;14;2;3;755;2;1;1;6;13
201400013040;14;2;4;1756;1;2;1;1;13
201400013041;14;2;5;1854;1;2;1;3;13
201400013042;14;2;7;1700;1;1;1;7;13
201400013043;14;2;10;1233;1;1;1;7;13
201400013044;14;2;15;1506;1;2;1;3;13
201400013045;14;2;17;900;1;1;1;1;13
201400013046;14;2;17;1703;1;2;1;3;13
201400013047;14;2;18;725;2;2;1;7;13
201400013048;14;2;18;1736;1;2;1;6;13
201400013049;14;2;19;1455;1;2;1;4;13
201400013050;14;3;7;1115;1;2;1;2;13
201400013051;14;3;12;1921;2;2;1;4;13
201400013052;14;3;14;500;3;2;1;7;13
201400013053;14;3;14;1948;3;2;1;1;13
201400013054;14;3;15;2118;3;2;1;2;13
201400013055;14;3;18;735;1;2;1;6;13
201400013056;14;3;22;2002;2;2;1;6;13
201400013057;14;4;1;755;1;2;1;1;13
201400013059;14;4;8;1754;1;2;1;3;13
201400013060;14;4;11;1609;1;2;1;2;13
201400013061;14;4;12;1104;1;2;1;6;13
201400013062;14;4;14;751;1;2;1;3;13
201400013063;14;4;15;1750;1;2;1;2;13
201400013064;14;4;15;2239;2;2;1;3;13
201400013065;14;4;17;2035;1;2;1;6;13
201400013066;14;4;18;952;1;2;1;6;13
201400013067;14;4;19;1755;1;2;1;3;13
201400013068;14;4;24;1648;1;2;1;2;13
201400013070;14;4;27;2100;2;2;1;7;13
201400013071;14;4;30;1550;1;1;1;3;13
201400013072;14;5;3;1612;1;2;1;5;13
201400013073;14;5;4;1404;1;2;1;3;13
201400013074;14;5;4;2050;2;2;1;3;13
201400013075;14;5;6;1430;1;1;1;1;13
201400013076;14;5;12;1516;1;2;1;2;13
201400013078;14;5;13;130;3;2;2;7;13
201400013079;14;5;16;1214;1;2;1;3;13
201400013080;14;5;16;1815;1;2;1;1;13
201400013081;14;5;17;1739;1;2;1;7;13
201400013082;14;5;22;450;2;2;1;7;13
201400013083;14;5;22;1828;1;2;1;2;13
201400013084;14;5;23;1713;1;2;1;7;13
201400013085;14;5;24;1818;1;2;1;1;13
201400013086;14;5;28;150;3;2;1;7;13
201400013087;14;5;30;1842;2;2;1;7;13
201400013088;14;5;31;1219;1;2;1;6;13
201400013089;14;6;6;1351;1;2;1;1;13
201400013090;14;6;8;1030;1;2;1;3;13
201400013091;14;6;8;2207;1;2;1;3;13
201400013092;14;6;9;1731;1;2;1;6;13
201400013093;14;6;11;832;1;2;1;2;13
201400013094;14;6;11;2017;1;2;1;6;13
201400013095;14;6;13;1858;1;2;1;7;13
201400013096;14;6;13;1947;1;2;1;3;13
201400013097;14;6;24;1429;1;2;1;3;13
201400013098;14;7;1;1125;1;2;1;1;13
201400013099;14;7;4;910;1;1;2;6;13
201400013100;14;7;5;1650;1;2;1;3;13
201400013101;14;7;7;1540;1;2;1;2;13
201400013102;14;7;10;2102;2;1;1;7;13
201400013103;14;7;19;1718;1;2;1;2;13
201400013105;14;7;24;1900;1;1;1;7;13
201400013106;14;8;2;150;4;2;2;7;13
201400013107;14;8;6;1617;1;2;1;3;13
201400013109;14;8;13;1135;1;2;1;6;13
201400013110;14;8;14;1330;1;2;1;6;13
201400013112;14;8;18;1049;1;2;1;3;13
201400013114;14;8;23;555;3;1;1;6;13
201400013116;14;8;25;1026;1;2;1;2;13
201400013117;14;8;25;1243;1;2;1;3;13
201400013119;14;8;29;941;1;2;1;3;13
201400013121;14;9;1;941;1;2;1;2;13
201400013122;14;9;2;2108;1;2;1;2;13
201400013123;14;9;3;1828;1;2;1;6;13
201400013124;14;9;8;16;3;2;1;7;13
201400013125;14;9;9;855;1;2;1;6;13
201400013126;14;9;12;759;1;2;1;6;13
201400013127;14;9;12;1045;1;2;1;2;13
201400013128;14;9;12;2232;3;2;1;1;13
201400013129;14;9;26;945;1;2;1;6;13
201400013130;14;9;26;1617;1;2;1;2;13
201400013131;14;10;8;846;1;2;1;6;13
201400013132;14;10;11;1602;1;2;1;6;13
201400013133;14;10;13;1807;1;1;1;7;13
201400013134;14;10;19;1919;2;1;1;7;13
201400013135;14;11;1;155;5;2;1;7;13
201400013136;14;11;3;1415;1;2;1;7;13
201400013137;14;11;4;1758;2;2;1;7;13
201400013138;14;11;7;2045;2;2;1;7;13
201400013139;14;11;12;1815;2;2;1;3;13
201400013140;14;11;13;1553;1;2;1;3;13
201400013141;14;11;21;1513;1;2;1;6;13
201400013142;14;11;25;854;1;2;1;4;13
201400013143;14;11;26;1520;1;2;1;3;13
201400013144;14;11;27;907;1;2;1;3;13
201400013145;14;12;7;543;2;2;1;7;13
201400013146;14;12;9;1000;1;2;1;3;13
201400013147;14;12;9;1054;1;2;1;5;13
201400013148;14;12;12;1610;1;2;1;2;13
201400013149;14;12;19;1810;2;2;1;3;13
201400013150;14;12;21;1326;1;2;1;1;13
201400013151;14;12;22;1234;1;2;1;3;13
201400013152;14;1;2;1645;1;1;1;6;13
201400013153;14;2;20;1245;1;1;1;2;13
201400013154;14;2;28;1330;1;1;4;1;13
201400013155;14;3;20;1430;3;1;1;4;13
201400013156;14;6;7;645;1;1;1;2;13
201400013157;14;7;7;1600;1;1;2;1;13
201400013158;14;8;1;800;1;1;1;1;13
201400013159;14;9;2;1015;1;1;1;2;13
201400013160;14;12;26;2030;3;1;2;6;13
201400013161;14;6;2;45;3;1;1;7;13
201400013162;14;8;2;615;2;1;1;6;13
201400013163;14;9;15;800;1;1;1;6;13
201400013164;14;12;31;200;3;1;1;7;13
201400013165;14;1;7;1205;1;2;1;3;13
201400013166;14;1;10;1045;1;2;1;6;13
201400013168;14;11;16;1740;2;2;1;6;13
201400013170;14;2;10;750;1;2;1;3;13
201400013171;14;2;21;850;1;2;1;6;13
201400013172;14;3;7;1755;1;2;1;3;13
201400013173;14;3;16;405;5;2;6;6;13
201400013175;14;3;16;430;2;2;1;3;13
201400013176;14;1;17;1053;1;2;1;6;13
201400013177;14;2;14;1845;5;2;1;1;13
201400013178;14;3;19;1715;1;2;1;3;13
201400013179;14;3;22;1530;1;2;1;6;13
201400013181;14;3;27;1435;1;2;1;6;13
201400013184;14;4;19;805;1;2;1;3;13
201400013185;14;1;25;1930;5;2;1;6;13
201400013186;14;5;5;1445;1;2;1;6;13
201400013187;14;1;28;1110;1;2;1;6;13
201400013188;14;5;10;2135;5;2;1;2;13
201400013189;14;5;11;1630;1;2;1;6;13
201400013190;14;5;8;1645;1;2;1;6;13
201400013192;14;5;24;1100;1;2;1;6;13
201400013193;14;5;4;1230;1;2;6;3;13
201400013195;14;5;24;711;1;2;1;3;13
201400013196;14;6;29;1700;1;2;1;6;13
201400013197;14;5;16;1704;1;2;1;6;13
201400013198;14;2;26;823;1;2;1;2;13
201400013199;14;7;6;1915;1;2;1;2;13
201400013200;14;7;21;2010;2;2;7;6;13
201400013201;14;3;5;1415;1;2;1;3;13
201400013202;14;7;31;2050;1;2;1;3;13
201400013203;14;8;5;1615;1;2;1;3;13
201400013204;14;8;13;1140;1;2;1;2;13
201400013205;14;8;18;1419;1;2;1;4;13
201400013206;14;8;12;1245;1;2;1;2;13
201400013207;14;9;12;1225;1;2;1;7;13
201400013208;14;3;15;835;1;2;1;3;13
201400013209;14;9;5;1150;1;2;1;7;13
201400013210;14;9;18;915;1;2;1;6;13
201400013211;14;9;21;2300;5;2;1;7;13
201400013212;14;9;25;2300;5;2;1;6;13
201400013213;14;9;26;2250;5;2;1;5;13
201400013214;14;9;29;755;1;2;1;6;13
201400013215;14;3;22;1515;1;2;1;3;13
201400013216;14;3;24;1745;1;1;1;4;13
201400013217;14;10;7;1735;1;2;1;6;13
201400013218;14;3;26;1910;2;2;1;3;13
201400013219;14;10;15;1020;1;2;1;6;13
201400013220;14;10;25;1610;1;2;1;6;13
201400013221;14;4;4;930;1;2;2;3;13
201400013222;14;4;4;830;1;2;1;6;13
201400013223;14;4;5;1020;1;2;1;6;13
201400013224;14;4;5;1230;1;2;1;7;13
201400013225;14;4;9;1845;1;2;1;6;13
201400013226;14;12;5;1150;1;2;2;7;13
201400013227;14;12;31;1534;1;2;7;6;13
201400013228;14;4;17;1535;1;2;1;4;13
201400013229;14;4;25;2020;1;2;1;6;13
201400013230;14;4;27;1726;1;2;1;7;13
201400013231;14;4;28;1635;1;2;1;6;13
201400013232;14;4;28;2015;2;2;1;6;13
201400013233;14;5;9;1905;2;2;1;2;13
201400013234;14;5;12;1645;1;2;1;6;13
201400013236;14;5;16;1750;1;2;1;2;13
201400013237;14;5;17;1807;1;2;1;3;13
201400013238;14;5;18;801;1;2;1;6;13
201400013239;14;5;20;1555;1;2;1;1;13
201400013240;14;5;24;1557;1;2;1;7;13
201400013241;14;5;26;1535;1;2;1;2;13
201400013242;14;6;2;1509;1;2;1;2;13
201400013243;14;6;3;1543;1;2;1;6;13
201400013244;14;6;10;1656;1;2;1;3;13
201400013245;14;6;12;1110;1;2;1;4;13
201400013247;14;6;24;1835;1;2;1;3;13
201400013248;14;6;29;1520;1;2;1;1;13
201400013249;14;7;1;1730;1;2;8;7;13
201400013250;14;7;2;1247;1;2;1;5;13
201400013251;14;7;6;132;4;1;1;7;13
201400013252;14;7;21;1250;1;2;1;3;13
201400013253;14;8;2;1806;1;2;2;3;13
201400013254;14;8;9;1210;1;2;1;3;13
201400013255;14;8;11;1625;1;2;1;3;13
201400013256;14;8;23;1905;1;2;1;4;13
201400013257;14;8;30;1935;1;2;1;3;13
201400013258;14;9;1;935;1;2;1;2;13
201400013259;14;9;1;1745;1;2;1;3;13
201400013260;14;9;5;1135;1;2;1;6;13
201400013261;14;9;18;1350;1;2;1;7;13
201400013262;14;9;23;1710;1;2;1;2;13
201400013263;14;9;28;403;5;2;1;7;13
201400013264;14;10;1;750;1;2;1;3;13
201400013265;14;10;1;1435;1;2;1;2;13
201400013266;14;10;3;1455;1;2;1;2;13
201400013267;14;10;3;1548;1;2;1;2;13
201400013268;14;10;3;1600;1;2;1;2;13
201400013269;14;10;9;2305;5;2;1;6;13
201400013270;14;10;10;1605;1;2;1;2;13
201400013271;14;10;10;2345;5;2;1;3;13
201400013272;14;10;13;1745;1;2;1;3;13
201400013273;14;10;29;1030;1;2;1;3;13
201400013274;14;10;30;1400;1;2;1;6;13
201400013275;14;10;31;1035;1;2;1;6;13
201400013276;14;11;3;1835;5;2;1;2;13
201400013277;14;11;13;1310;1;2;1;7;13
201400013278;14;11;14;1200;1;2;1;5;13
201400013279;14;11;15;1610;1;2;1;6;13
201400013280;14;11;18;1510;1;2;1;7;13
201400013281;14;11;19;1810;2;2;1;4;13
201400013282;14;11;21;1012;1;2;1;3;13
201400013283;14;11;24;745;2;2;2;2;13
201400013284;14;11;26;1308;1;2;1;3;13
201400013285;14;12;14;1750;3;2;1;6;13
201400013286;14;12;17;1750;4;2;1;6;13
201400013287;14;12;22;1710;2;2;1;7;13
201400013288;14;12;31;1642;1;2;1;4;13
201400013289;14;6;11;1430;1;1;1;2;13
201400013290;14;10;16;1930;3;1;8;2;13
201400013291;14;11;10;1515;1;1;1;6;13
201400013292;14;1;22;1015;1;2;7;6;13
201400013293;14;7;14;1445;1;2;1;6;13
201400013294;14;9;7;1230;1;1;1;6;13
201400013295;14;11;2;945;1;1;1;1;13
201400013296;14;11;4;615;3;1;5;1;13
201400013297;14;2;17;900;1;1;1;3;13
201400013298;14;3;13;1815;1;1;1;5;13
201400013299;14;7;15;1645;1;1;1;2;13
201400013300;14;8;30;2245;3;1;1;5;13
201400013301;14;10;4;1045;1;1;1;7;13
201400013302;14;1;13;830;2;1;8;7;13
201400013303;14;6;5;1515;1;1;1;2;13
201400013304;14;6;20;130;3;1;1;7;13
201400013305;14;7;30;1030;1;1;1;2;13
201400013306;14;8;5;1845;1;1;1;7;13
201400013307;14;11;5;2130;3;1;1;6;13
201400013308;14;12;9;915;5;1;1;2;13
201400013309;14;12;20;445;3;1;2;1;13
201400013310;14;2;14;2245;3;1;1;5;13
201400013311;14;5;26;1730;1;1;8;3;13
201400013312;14;9;8;1530;1;1;1;6;13
201400013313;14;2;26;1900;2;1;1;6;13
201400013314;14;6;2;700;1;1;1;2;13
201400013315;14;6;7;1900;1;1;1;7;13
201400013316;14;6;14;1045;1;1;1;6;13
201400013317;14;6;24;315;3;1;1;7;13
201400013318;14;7;4;600;2;1;1;7;13
201400013319;14;8;25;1900;1;1;1;6;13
201400013320;14;8;27;2245;3;1;1;6;13
201400013321;14;10;13;1430;1;1;1;2;13
201400013322;14;10;20;1230;1;1;7;6;13
201400013323;14;4;6;1515;1;2;1;3;13
201400013324;14;4;15;1730;1;2;1;2;13
201400013325;14;9;23;1445;1;1;1;3;13
201400013326;14;3;21;1230;1;1;1;7;13
201400013327;14;4;7;715;2;1;1;7;13
201400013328;14;5;14;1145;1;1;1;3;13
201400013329;14;6;15;1900;1;1;1;2;13
201400013330;14;10;16;1100;1;1;1;6;13
201400013331;14;12;27;1545;1;1;4;5;13
201400013332;14;1;27;745;2;1;4;6;13
201400013333;14;1;27;845;1;1;4;6;13
201400013334;14;3;10;2230;3;1;1;6;13
201400013335;14;3;23;15;3;1;4;7;13
201400013336;14;3;28;815;1;1;8;7;13
201400013337;14;4;12;1915;1;1;1;6;13
201400013338;14;4;16;1725;1;1;1;6;13
201400013339;14;4;20;845;1;1;1;1;13
201400013340;14;6;21;1630;1;1;1;6;13
201400013341;14;6;27;715;1;1;1;6;13
201400013342;14;8;2;1800;1;1;1;6;13
201400013343;14;9;9;2030;3;1;1;6;13
201400013344;14;12;1;800;2;1;1;5;13
201400013345;14;11;6;1945;3;1;1;6;13
201400013346;14;1;30;600;3;1;8;2;13
201400013347;14;3;1;700;2;1;2;6;13
201400013348;14;4;18;930;1;1;1;7;13
201400013349;14;7;13;1815;1;1;3;7;13
201400013350;14;1;26;1610;1;1;2;1;13
201400013351;14;2;5;1005;1;2;2;6;13
201400013352;14;4;11;1235;1;2;1;7;13
201400013353;14;6;15;555;2;2;1;6;13
201400013355;14;8;19;1845;1;1;1;6;13
201400013356;14;8;27;1640;1;2;1;6;13
201400013357;14;8;31;1250;1;2;1;3;13
201400013358;14;4;30;905;1;1;1;1;13
201400013359;14;4;22;1015;1;2;2;6;13
201400013365;14;1;7;2045;5;2;1;3;13
201400013366;14;1;10;730;5;2;1;6;13
201400013367;14;1;10;1220;1;2;1;3;13
201400013368;14;2;7;1420;1;2;1;6;13
201400013369;14;2;16;1120;1;2;1;6;13
201400013370;14;2;20;915;1;2;1;3;13
201400013371;14;2;23;1600;1;2;1;2;13
201400013372;14;2;25;855;1;2;1;3;13
201400013373;14;3;8;1530;1;2;1;2;13
201400013374;14;3;19;1830;1;2;1;1;13
201400013375;14;4;3;855;1;2;1;2;13
201400013376;14;4;16;1110;1;2;1;2;13
201400013377;14;4;19;845;1;2;1;6;13
201400013378;14;4;30;1540;1;2;2;6;13
201400013379;14;6;27;800;1;2;1;3;13
201400013403;14;6;15;1415;1;1;1;6;13
201400013404;14;10;2;1115;1;1;1;5;13
201400013405;14;1;7;945;1;1;1;3;13
201400013406;14;12;19;800;1;1;1;3;13
201400013407;14;12;24;815;3;1;1;6;13
201400013408;14;1;17;1000;1;1;1;6;13
201400013409;14;1;17;1130;1;1;1;6;13
201400013410;14;2;13;1415;1;1;4;4;13
201400013411;14;2;14;1545;1;1;1;6;13
201400013412;14;2;27;1615;1;1;1;6;13
201400013413;14;11;23;1300;1;2;7;3;13
201400013414;14;12;10;845;1;1;2;3;13
201400013415;14;3;17;1700;1;1;1;3;13
201400013416;14;9;24;1100;1;1;1;6;13
201400013417;14;12;13;215;5;2;1;6;13
201400013418;14;10;1;915;1;1;5;3;13
201400013419;14;5;22;1100;1;2;8;3;13
201400013420;14;7;10;1030;1;1;3;2;13
201400013421;14;8;15;645;2;1;8;7;13
201400013422;14;12;15;745;2;1;5;3;13
201400013423;14;12;22;1345;1;1;1;7;13
201400013424;14;1;2;2045;3;1;1;4;13
201400013425;14;1;4;230;3;1;1;6;13
201400013426;14;1;16;1830;3;1;8;2;13
201400013427;14;2;13;2045;3;1;8;6;13
201400013428;14;12;2;1300;1;1;8;7;13
201400013430;14;1;15;1230;1;1;1;3;13
201400013431;14;1;26;220;3;2;1;6;13
201400013432;14;1;22;825;2;2;1;6;13
201400013434;14;2;4;1847;2;2;9;4;13
201400013436;14;2;12;1555;1;2;1;6;13
201400013437;14;2;14;1200;1;1;1;3;13
201400013438;14;2;16;810;2;2;2;2;13
201400013440;14;2;26;950;1;2;2;6;13
201400013447;14;3;14;1320;1;2;1;6;13
201400013448;14;3;21;1730;1;2;1;3;13
201400013451;14;4;14;1625;1;2;1;6;13
201400013453;14;5;7;1610;1;2;1;3;13
201400013454;14;5;14;1400;1;2;1;6;13
201400013457;14;6;1;115;5;2;1;7;13
201400013458;14;5;28;1815;1;1;1;3;13
201400013459;14;5;31;2015;2;2;9;4;13
201400013461;14;6;5;1515;1;2;1;3;13
201400013462;14;6;8;1140;1;2;1;6;13
201400013465;14;6;11;1615;1;2;1;6;13
201400013466;14;6;7;345;5;2;1;2;13
201400013470;14;6;22;215;5;2;1;3;13
201400013472;14;7;13;600;2;1;1;7;13
201400013473;14;7;29;830;1;2;1;6;13
201400013474;14;7;30;1535;1;2;1;6;13
201400013475;14;7;28;1700;1;1;1;3;13
201400013477;14;8;15;830;1;2;1;3;13
201400013479;14;8;16;145;5;2;1;6;13
201400013480;14;8;21;2115;5;2;1;2;13
201400013481;14;8;27;400;3;2;8;6;13
201400013482;14;8;23;2010;1;2;1;3;13
201400013483;14;9;4;1800;1;2;1;7;13
201400013485;14;9;16;1740;1;2;1;6;13
201400013486;14;9;18;1445;1;2;1;3;13
201400013488;14;8;23;1335;1;2;1;6;13
201400013491;14;10;8;1230;1;2;1;6;13
201400013492;14;10;14;1745;1;1;2;5;13
201400013493;14;10;17;2030;5;2;1;1;13
201400013496;14;10;23;2345;3;1;1;6;13
201400013499;14;10;14;1300;1;2;1;6;13
201400013500;14;10;30;1816;5;2;1;3;13
201400013501;14;11;1;900;1;1;1;3;13
201400013502;14;11;6;2045;5;1;1;3;13
201400013503;14;11;7;1930;3;2;1;2;13
201400013505;14;11;13;920;1;2;1;3;13
201400013506;14;11;14;2350;5;2;2;3;13
201400013507;14;11;7;2030;3;1;1;1;13
201400013509;14;12;4;1450;1;2;1;3;13
201400013510;14;12;16;1740;3;2;1;6;13
201400013511;14;12;17;840;1;2;1;1;13
201400013514;14;12;22;1655;2;2;1;6;13
201400013516;14;1;30;1840;5;2;2;6;13
201400013517;14;2;8;950;1;2;1;6;13
201400013523;14;3;22;950;1;2;1;6;13
201400013533;14;7;3;1745;1;1;1;1;13
201400013536;14;7;26;1542;1;2;1;3;13
201400013538;14;8;18;1450;1;1;1;4;13
201400013540;14;8;22;830;1;2;1;6;13
201400013541;14;8;26;1450;1;2;1;6;13
201400013542;14;8;28;945;1;1;1;6;13
201400013544;14;9;16;1920;1;2;1;7;13
201400013545;14;9;22;810;1;2;1;5;13
201400013547;14;9;26;1700;1;2;1;6;13
201400013548;14;9;30;715;2;2;1;6;13
201400013551;14;10;5;1555;1;2;1;6;13
201400013552;14;10;6;1725;1;2;1;6;13
201400013554;14;10;15;1220;1;2;1;6;13
201400013555;14;11;5;1850;5;2;1;6;13
201400013556;14;11;3;1225;1;2;1;2;13
201400013557;14;11;10;955;1;2;1;1;13
201400013558;14;11;20;735;1;2;1;6;13
201400013559;14;11;19;1605;1;2;1;6;13
201400013560;14;11;8;1310;1;2;1;6;13
201400013561;14;12;1;1300;1;2;2;6;13
201400013563;14;12;6;2325;5;2;1;6;13
201400013564;14;12;15;1145;1;2;1;6;13
201400013565;14;1;3;1445;1;2;1;3;13
201400013566;14;1;6;750;1;2;1;3;13
201400013568;14;1;25;1615;1;2;1;3;13
201400013569;14;1;14;1720;2;1;1;5;13
201400013571;14;1;20;1735;2;2;1;4;13
201400013573;14;1;27;1157;1;2;1;2;13
201400013574;14;1;27;1845;5;2;2;3;13
201400013575;14;1;29;1355;1;2;2;1;13
201400013578;14;2;7;850;1;1;2;1;13
201400013579;14;2;8;1200;1;2;1;1;13
201400013581;14;2;10;1155;1;1;2;2;13
201400013582;14;2;12;810;1;2;1;3;13
201400013583;14;2;12;1250;1;2;1;2;30
201400013585;14;2;14;1510;1;2;1;7;30
201400013588;14;2;21;1240;1;2;1;7;13
201400013589;14;2;22;1130;1;2;1;3;30
201400013591;14;3;5;1520;1;1;1;3;30
201400013594;14;3;13;1720;1;2;1;4;13
201400013596;14;3;18;1810;1;2;1;6;30
201400013601;14;3;29;930;1;2;1;3;30
201400013602;14;4;1;1445;1;2;1;3;13
201400013605;14;4;9;1545;1;2;1;6;30
201400013608;14;4;11;830;1;2;1;2;13
201400013610;14;4;17;930;1;2;1;6;13
201400013617;14;5;9;1910;1;2;1;3;13
201400013621;14;5;4;2130;5;2;1;3;13
201400013623;14;4;16;1610;1;2;1;3;13
201400013629;14;5;26;830;1;2;1;6;30
201400013632;14;5;27;820;1;1;1;3;13
201400013633;14;6;3;1600;1;2;1;2;30
201400013636;14;11;21;1900;3;1;1;3;13
201400013637;14;6;5;1650;1;2;1;3;13
201400013639;14;6;18;1215;1;2;1;2;13
201400013641;14;6;21;1005;1;2;1;3;30
201400013643;14;6;25;2040;5;2;1;3;30
201400013644;14;6;30;1200;1;1;1;1;30
201400013646;14;7;9;1805;1;2;1;6;30
201400013648;14;7;12;1245;1;2;1;2;30
201400013649;14;7;13;1810;1;2;1;4;13
201400013650;14;7;16;1655;1;2;1;6;13
201400013653;14;7;18;1800;1;2;1;3;13
201400013657;14;7;30;1815;1;1;1;5;30
201400013658;14;8;6;1800;1;2;1;2;30
201400013660;14;8;10;2225;5;2;1;3;13
201400013662;14;8;12;930;1;2;1;2;13
201400013664;14;8;19;1125;1;2;1;2;13
201400013666;14;8;24;1940;1;2;1;3;13
201400013668;14;8;27;1830;1;2;1;2;13
201400013670;14;8;30;1145;1;2;1;2;13
201400013671;14;8;31;1800;2;2;1;3;13
201400013674;14;9;5;1125;1;2;1;3;13
201400013675;14;9;5;2010;5;2;1;2;13
201400013678;14;9;10;1750;1;1;1;4;13
201400013680;14;9;12;1330;1;1;1;6;13
201400013689;14;10;1;950;1;2;1;2;13
201400013692;14;10;2;1820;1;2;1;2;13
201400013694;14;10;8;2010;5;1;1;5;13
201400013696;14;10;18;1620;1;2;1;2;13
201400013697;14;10;18;2240;5;2;1;3;13
201400013699;14;10;22;1150;1;2;1;6;13
201400013700;14;10;24;1330;1;2;1;1;13
201400013702;14;10;24;1655;1;2;1;3;13
201400013703;14;10;29;1240;1;2;1;7;13
201400013704;14;10;31;1315;1;2;1;6;13
201400013705;14;11;4;1845;5;2;3;6;13
201400013706;14;11;5;840;1;2;1;3;13
201400013709;14;11;8;1135;1;2;1;6;13
201400013710;14;11;12;745;1;2;2;6;13
201400013711;14;11;20;1325;1;2;1;6;13
201400013714;14;11;30;620;5;1;8;7;13
201400013715;14;12;12;1115;1;2;1;2;13
201400013716;14;12;14;1150;1;1;2;3;13
201400013719;14;12;20;2030;5;2;1;1;13
201400013720;14;12;16;1945;5;2;1;3;13
201400013721;14;12;23;900;1;2;1;7;13
201400013722;14;12;28;1235;1;2;1;3;13
201400013723;14;12;28;1900;5;2;1;3;13
201400013724;14;1;13;1900;5;2;2;6;13
201400013725;14;1;17;750;2;2;2;6;68
201400013726;14;2;17;830;1;1;7;3;68
201400013727;14;2;22;1555;1;2;1;6;68
201400013728;14;2;27;1145;1;2;1;6;68
201400013729;14;3;9;1645;1;2;1;3;68
201400013730;14;3;31;1410;1;2;1;6;68
201400013732;14;5;4;1415;1;2;1;3;68
201400013733;14;5;20;1425;1;2;1;3;68
201400013734;14;5;28;1900;1;2;7;3;68
201400013736;14;5;25;1340;1;2;1;3;68
201400013737;14;6;8;1040;1;2;1;3;68
201400013739;14;7;4;1810;1;2;1;3;68
201400013740;14;7;15;1300;1;2;1;3;68
201400013741;14;7;21;1820;1;1;1;3;68
201400013742;14;8;8;140;5;2;1;3;68
201400013743;14;8;9;1045;1;2;1;4;68
201400013744;14;8;26;1850;1;2;7;3;68
201400013745;14;8;30;1955;1;2;1;3;68
201400013746;14;9;18;2135;3;2;8;6;68
201400013747;14;9;22;1650;1;2;1;2;68
201400013749;14;10;3;935;1;2;1;3;68
201400013750;14;10;12;2110;3;2;8;2;68
201400013751;14;10;17;1530;1;2;1;3;68
201400013754;14;10;23;1900;1;2;1;6;78
201400013755;14;10;25;1225;1;2;1;3;78
201400013756;14;10;26;1710;1;2;1;3;78
201400013760;14;10;24;1955;5;2;1;3;78
201400013762;14;11;10;1800;4;2;1;3;78
201400013764;14;11;14;800;1;2;8;2;33
201400013766;14;11;15;1915;5;2;1;3;72
201400013767;14;11;19;1000;1;2;1;1;72
201400013768;14;12;1;1650;2;2;3;3;72
201400013769;14;12;3;645;5;2;1;2;72
201400013770;14;12;7;1525;1;2;1;1;72
201400013772;14;12;12;1320;1;2;1;6;72
201400013773;14;12;14;1310;1;2;1;2;72
201400013774;14;12;13;915;1;1;1;3;72
201400013775;14;12;17;1430;1;2;1;3;72
201400013779;14;12;19;1835;3;1;1;4;72
201400013781;14;3;15;1000;1;2;1;2;95
201400013782;14;4;24;745;1;2;1;5;95
201400013783;14;12;9;1230;1;1;7;1;95
201400013784;14;9;17;945;1;2;1;6;95
201400013785;14;1;27;1140;1;2;1;6;72