Num_Acc;an;mois;jour;hrmn;lum;agg;atm;col;dep
201400013786;14;3;7;1640;1;1;1;3;72
201400013790;14;7;4;2005;1;2;1;3;49
201400013793;14;8;22;1225;1;1;1;6;49
201400013794;14;9;4;1900;1;1;1;3;49
201400013798;14;12;4;1740;3;1;2;1;49
201400013800;14;12;13;1810;5;2;1;6;24
201400013801;14;1;4;2025;3;1;2;1;24
201400013802;14;1;10;1925;5;2;1;3;24
201400013803;14;1;12;1820;5;2;1;3;24
201400013806;14;2;8;1450;1;2;2;2;24
201400013807;14;2;13;1125;1;2;1;1;24
201400013810;14;3;8;1820;1;2;1;3;68
201400013813;14;3;28;950;1;2;1;2;68
201400013814;14;4;5;1450;1;2;1;3;68
201400013817;14;4;17;810;1;2;1;3;19
201400013819;14;4;26;2340;5;2;2;3;19
201400013823;14;5;17;1050;1;2;1;5;67
201400013824;14;6;7;35;4;2;1;6;67
201400013826;14;6;10;1315;1;2;1;3;67
201400013828;14;7;3;1445;1;1;1;3;67
201400013831;14;8;14;1010;1;2;1;6;14
201400013832;14;9;5;2320;5;2;1;3;14
201400013833;14;9;10;1655;1;2;1;2;14
201400013834;14;9;11;755;1;2;1;3;14
201400013836;14;9;15;1215;1;2;1;7;14
201400013838;14;10;20;1030;1;2;1;3;14
201400013839;14;10;23;1335;1;1;6;3;14
201400013842;14;10;28;1620;1;2;1;6;14
201400013846;14;1;7;840;1;2;1;6;14
201400013847;14;12;26;2115;4;2;1;6;14
201400013848;14;12;9;1655;1;2;1;6;14
201400013849;14;12;8;1830;5;2;1;2;14
201400013850;14;12;9;1030;1;2;1;3;14
201400013851;14;11;26;2230;5;2;3;6;14
201400013852;14;12;26;1915;5;2;1;3;14
201400013853;14;12;5;1100;1;2;1;6;14
201400013854;14;12;15;945;1;2;1;2;14
201400013856;14;12;19;1415;1;2;1;2;14
201400013857;14;12;19;1640;1;2;1;2;14
201400013859;14;12;24;1145;1;2;1;6;14
201400013860;14;12;28;1930;3;2;1;2;14
201400013861;14;12;18;1120;1;2;1;6;14
201400013862;14;12;29;1120;1;2;1;6;14
201400013863;14;12;19;1435;1;2;1;6;14
201400013864;14;8;16;920;1;2;1;3;14
201400013865;14;12;4;1615;1;2;2;6;14
201400013866;14;12;23;600;3;2;1;3;14
201400013868;14;12;25;1320;1;2;1;6;14
201400013871;14;12;18;1420;1;2;1;7;14
201400013872;14;12;12;1640;1;2;1;6;14
201400013873;14;10;12;1830;1;2;1;6;14
201400013874;14;12;13;1550;1;2;1;6;14
201400013875;14;12;22;1430;1;2;1;6;14
201400013876;14;12;19;1430;1;2;1;6;14
201400013877;14;10;14;1120;1;2;1;6;14
201400013878;14;12;8;915;1;2;1;6;14
201400013879;14;12;10;1210;1;2;1;6;14
201400013883;14;12;29;1550;1;2;1;6;14
201400013885;14;12;20;30;5;2;1;7;14
201400013886;14;12;20;155;5;2;1;2;14
201400013887;14;12;31;1310;1;2;1;6;14
201400013888;14;12;12;1320;1;2;2;6;14
201400013889;14;12;24;1150;1;2;1;6;14
201400013890;14;11;26;1800;5;2;2;7;14
201400013891;14;12;8;1815;5;2;1;2;14
201400013892;14;12;27;1225;1;2;1;4;14
201400013893;14;12;18;1145;1;2;1;6;14
201400013894;14;12;20;1345;1;2;1;2;14
201400013895;14;11;20;140;5;2;1;6;14
201400013896;14;12;30;1700;2;2;1;6;14
201400013899;14;11;20;2121;5;2;2;1;14
201400013900;14;12;24;1850;5;2;1;6;14
201400013902;14;1;3;1655;5;2;1;3;14
201400013903;14;1;3;610;5;2;1;3;14
201400013905;14;1;3;1500;1;2;1;6;31
201400013906;14;1;3;1930;3;2;1;6;31
201400013909;14;1;5;320;5;2;3;6;31
201400013911;14;7;4;2120;5;2;1;6;31
201400013912;14;10;27;1530;1;2;1;6;14
201400013914;14;1;3;2330;5;2;1;6;14
201400013915;14;1;16;810;1;2;2;6;14
201400013916;14;12;30;1340;1;2;1;6;14
201400013917;14;1;6;1800;5;2;1;6;14
201400013919;14;11;4;950;1;2;2;6;14
201400013922;14;1;1;1645;1;2;1;3;14
201400013924;14;12;31;2120;5;2;1;6;14
201400013925;14;1;4;600;3;2;2;3;14
201400013926;14;1;17;2130;5;2;1;6;14
201400013927;14;1;21;1940;5;2;1;3;14
201400013928;14;1;19;2055;5;2;2;3;14
201400013930;14;1;14;2100;5;2;1;5;30
201400013931;14;1;8;1915;5;2;1;3;30
201400013933;14;1;12;1625;1;2;1;3;30
201400013935;14;1;14;1330;1;2;1;3;30
201400013936;14;1;21;1710;1;2;1;1;30
201400013937;14;1;22;125;3;2;1;6;30
201400013938;14;1;12;800;1;2;1;7;30
201400013939;14;1;14;1600;1;2;1;4;30
201400013941;14;12;30;1915;5;2;1;6;88
201400013942;14;1;22;830;1;2;1;1;80
201400013945;14;10;28;1530;1;2;1;6;80
201400013947;14;1;8;730;2;2;1;6;80
201400013948;14;1;28;940;1;2;1;6;80
201400013949;14;1;15;1340;1;2;1;3;80
201400013950;14;1;12;1700;1;2;1;6;80
201400013951;14;11;5;1300;1;2;1;6;80
201400013953;14;1;9;1825;5;2;1;3;80
201400013954;14;1;5;1235;1;2;1;6;80
201400013955;14;1;7;1630;1;2;1;6;80
201400013956;14;1;13;1030;1;2;1;6;80
201400013957;14;1;8;2100;5;2;1;7;80
201400013958;14;12;11;1910;5;2;1;6;80
201400013960;14;1;16;830;1;2;2;4;80
201400013961;14;1;22;2130;5;2;1;1;80
201400013963;14;1;10;1000;1;2;2;7;80
201400013966;14;1;17;1410;1;2;1;2;80
201400013968;14;1;5;1700;5;2;1;1;80
201400013969;14;1;8;700;2;1;1;3;80
201400013970;14;1;8;1145;1;2;1;6;80
201400013971;14;1;11;1;5;2;1;7;80
201400013972;14;1;11;1530;1;2;1;6;80
201400013973;14;1;13;1710;1;2;3;6;80
201400013975;14;1;18;1830;5;2;3;7;80
201400013976;14;1;8;1215;1;2;1;2;80
201400013977;14;1;18;1515;1;2;3;3;80
201400013978;14;1;19;735;1;2;2;2;80
201400013980;14;12;8;2130;5;2;1;6;80
201400013981;14;1;29;700;1;2;2;1;80
201400013982;14;1;17;1450;1;2;1;3;80
201400013983;14;2;3;920;1;2;1;6;80
201400013984;14;1;1;300;5;2;1;2;80
201400013986;14;1;19;1350;1;2;2;1;80
201400013988;14;1;11;1350;1;2;1;3;80
201400013989;14;1;22;1445;1;2;1;6;52
201400013990;14;1;15;1215;1;2;1;2;52
201400013991;14;1;4;1430;1;2;2;7;52
201400013992;14;1;25;1915;5;2;1;6;52
201400013993;14;1;20;1240;1;2;1;7;52
201400013996;14;1;10;915;1;2;1;2;14
201400013998;14;1;25;1215;1;2;1;3;14
201400013999;14;1;26;1615;1;2;1;2;14
201400014000;14;1;16;1700;2;2;2;5;14
201400014001;14;1;16;2040;5;2;2;3;14
201400014004;14;1;24;1520;1;2;1;3;14
201400014005;14;1;22;1230;1;2;1;3;14
201400014006;14;1;23;1635;1;2;1;6;14
201400014007;14;12;1;245;5;2;2;7;14
201400014009;14;1;27;1630;1;2;1;3;14
201400014015;14;2;5;2300;5;2;1;1;52
201400014016;14;1;30;800;1;2;3;3;52
201400014018;14;1;13;1140;1;2;1;3;52
201400014020;14;1;27;1635;1;2;1;4;48
201400014021;14;10;21;2245;5;2;1;7;48
201400014022;14;1;14;1745;2;2;2;1;48
201400014024;14;1;17;1209;1;2;1;2;48
201400014025;14;2;9;1030;1;2;1;3;48
201400014027;14;1;27;1345;1;2;1;3;48
201400014029;14;1;28;1200;1;2;1;2;48
201400014030;14;1;9;1100;1;2;1;2;48
201400014032;14;1;29;2230;5;2;1;6;48
201400014033;14;2;1;540;5;2;1;3;48
201400014035;14;1;22;910;1;2;1;3;37
201400014036;14;1;26;1437;1;2;1;6;37
201400014037;14;2;4;1000;1;2;1;6;37
201400014038;14;1;13;1945;5;1;1;3;37
201400014039;14;1;21;955;1;2;1;7;37
201400014040;14;1;22;1125;1;2;1;3;37
201400014041;14;1;27;620;5;2;1;3;37
201400014043;14;1;27;1330;1;2;1;6;37
201400014044;14;1;28;1800;5;2;2;3;37
201400014045;14;2;13;1620;1;2;1;6;37
201400014046;14;2;12;1630;1;2;1;6;37
201400014047;14;2;13;520;5;2;1;6;37
201400014048;14;2;13;2200;5;2;1;6;37
201400014050;14;11;13;1005;1;2;1;1;37
201400014051;14;1;26;720;5;2;1;3;37
201400014052;14;2;14;950;1;2;1;6;37
201400014054;14;2;15;1500;1;2;1;6;14
201400014055;14;2;15;930;5;2;1;6;14
201400014058;14;2;17;1545;1;2;1;6;14
201400014059;14;2;17;1845;5;2;1;1;14
201400014060;14;2;6;2320;1;2;1;6;14
201400014061;14;2;2;1720;2;2;1;6;14
201400014062;14;2;3;1710;1;2;1;6;14
201400014063;14;1;19;2115;5;2;2;2;14
201400014064;14;2;8;2305;5;2;8;6;14
201400014065;14;1;9;1145;1;2;1;7;14
201400014066;14;1;9;1310;1;2;1;2;14
201400014067;14;1;10;815;1;2;1;3;14
201400014068;14;1;10;1915;5;2;1;6;14
201400014069;14;1;11;920;1;2;1;2;14
201400014073;14;1;24;930;1;2;1;6;14
201400014075;14;2;13;2030;5;2;1;2;14
201400014076;14;1;14;1030;1;2;1;6;14
201400014077;14;1;24;1400;1;2;1;3;14
201400014079;14;2;8;1900;5;2;2;6;14
201400014081;14;2;12;1130;1;2;1;2;14
201400014084;14;1;30;1100;1;2;3;3;14
201400014085;14;1;17;1730;5;2;1;7;14
201400014086;14;2;8;1400;1;2;2;1;14
201400014087;14;2;8;2000;3;2;2;6;14
201400014089;14;1;13;2050;5;2;2;4;14
201400014091;14;2;2;1805;5;2;1;3;14
201400014093;14;2;20;1140;1;2;1;2;14
201400014094;14;2;21;2110;5;1;1;3;37
201400014095;14;2;13;1230;1;2;1;6;37
201400014096;14;1;28;1325;1;2;1;3;37
201400014097;14;2;10;1700;1;2;2;6;37
201400014098;14;2;15;1530;1;2;1;2;37
201400014100;14;1;25;800;1;2;1;2;37
201400014101;14;2;14;1300;1;2;1;6;37
201400014106;14;2;6;900;1;2;1;6;87
201400014108;14;1;22;1645;1;2;1;5;87
201400014109;14;2;14;240;5;2;1;3;87
201400014110;14;2;23;1720;1;2;1;1;87
201400014111;14;1;9;850;1;2;1;1;87
201400014112;14;1;17;750;1;2;2;3;87
201400014113;14;1;31;1030;1;2;1;5;87
201400014114;14;2;10;1400;1;2;2;6;87
201400014115;14;2;17;1415;1;2;1;6;87
201400014116;14;1;20;1410;1;2;1;3;87
201400014117;14;1;22;850;1;2;1;2;87
201400014118;14;2;10;1755;1;2;2;2;87
201400014119;14;2;12;1850;1;2;1;6;23
201400014120;14;2;11;1700;1;2;1;3;23
201400014123;14;1;12;1400;1;2;1;6;23
201400014124;14;2;11;1715;1;2;1;6;23
201400014125;14;2;4;1315;1;2;1;6;23
201400014127;14;2;4;1600;1;2;1;1;23
201400014128;14;2;4;1930;5;2;1;2;28
201400014129;14;2;12;845;1;2;1;6;27
201400014130;14;2;12;200;1;2;1;2;27
201400014131;14;2;16;1615;1;2;1;6;27
201400014132;14;2;19;1410;1;2;1;6;27
201400014133;14;2;19;1700;1;1;1;6;27
201400014134;14;2;14;1215;1;2;1;6;27
201400014136;14;2;22;30;5;2;1;1;27
201400014137;14;2;27;2245;5;2;1;1;27
201400014138;14;2;27;2230;5;2;1;2;27
201400014139;14;3;2;1715;1;2;1;2;27
201400014140;14;3;4;830;1;2;1;6;27
201400014141;14;1;12;1415;1;2;1;3;27
201400014143;14;2;18;1515;1;1;1;6;27
201400014144;14;2;19;1610;2;2;1;6;27
201400014145;14;2;24;940;1;2;1;6;27
201400014147;14;1;24;1540;1;2;1;6;27
201400014148;14;2;22;1750;1;2;1;3;27
201400014149;14;2;27;2000;5;2;2;2;27
201400014150;14;2;23;1345;1;2;1;3;27
201400014151;14;2;7;1410;1;2;1;6;27
201400014152;14;2;7;2050;5;2;8;6;27
201400014155;14;2;6;850;1;1;1;6;27
201400014156;14;1;6;1140;1;2;1;6;27
201400014157;14;1;9;830;1;2;1;6;27
201400014158;14;2;1;430;5;2;1;2;27
201400014163;14;2;11;1700;1;2;1;3;27
201400014164;14;1;23;1245;1;2;1;6;27
201400014166;14;3;6;230;5;2;1;3;27
201400014167;14;1;29;1910;5;2;1;2;27
201400014168;14;2;22;2030;5;2;1;6;27
201400014169;14;1;25;2010;5;2;1;6;27
201400014170;14;2;17;1200;1;2;1;3;27
201400014171;14;2;21;2140;5;2;1;1;27
201400014172;14;2;25;1930;5;2;1;3;27
201400014174;14;2;21;1340;1;2;1;6;27
201400014175;14;3;2;1415;1;2;1;3;27
201400014177;14;2;12;1905;5;2;1;3;27
201400014179;14;2;6;940;1;2;1;6;27
201400014180;14;2;16;1345;1;2;1;3;27
201400014181;14;2;18;650;5;2;1;2;27
201400014182;14;2;19;1045;1;2;1;3;27
201400014186;14;3;9;630;2;2;1;3;40
201400014188;14;3;15;255;5;2;1;6;40
201400014189;14;2;14;1610;1;2;1;3;40
201400014190;14;2;3;2130;5;2;2;6;40
201400014191;14;3;17;1315;1;2;1;3;40
201400014192;14;3;18;910;1;2;1;6;40
201400014193;14;2;4;1415;1;2;1;6;40
201400014194;14;2;21;1535;1;2;1;6;40
201400014195;14;1;14;1145;1;2;1;6;40
201400014196;14;2;20;850;1;2;1;6;40
201400014197;14;2;6;1040;1;2;1;6;40
201400014200;14;2;6;920;1;2;1;6;40
201400014201;14;3;7;1115;1;2;1;6;40
201400014202;14;2;19;1205;1;2;1;6;40
201400014204;14;3;4;2230;5;2;1;3;40
201400014205;14;2;21;2030;5;2;1;6;24
201400014206;14;3;6;100;5;2;1;6;24
201400014207;14;2;26;1110;1;2;2;3;24
201400014208;14;3;3;1400;1;2;1;2;24
201400014210;14;3;19;1310;1;2;1;6;24
201400014211;14;1;30;1330;1;2;3;1;24
201400014212;14;1;30;1900;5;2;2;6;24
201400014213;14;2;11;1745;1;1;1;6;24
201400014214;14;3;16;630;1;2;1;3;24
201400014215;14;3;14;1330;1;2;1;4;24
201400014216;14;2;23;1345;1;2;1;6;24
201400014217;14;3;5;2330;5;2;1;3;24
201400014218;14;3;9;430;5;2;1;6;24
201400014219;14;3;11;2340;5;2;1;2;24
201400014220;14;3;21;245;5;2;1;6;24
201400014222;14;3;1;2145;5;2;1;6;24
201400014223;14;3;4;830;1;2;1;6;24
201400014224;14;3;5;1510;1;2;1;2;24
201400014225;14;3;7;1230;1;2;1;3;24
201400014226;14;3;23;1140;1;2;1;2;24
201400014227;14;3;11;1415;1;2;1;2;24
201400014229;14;3;2;1955;5;2;1;1;24
201400014230;14;3;19;1530;1;2;1;6;24
201400014231;14;3;11;1740;1;2;1;6;40
201400014232;14;2;15;1450;1;2;1;6;40
201400014233;14;2;27;1400;1;2;1;6;40
201400014234;14;3;4;1145;1;2;1;3;40
201400014235;14;3;5;1430;1;2;1;6;40
201400014236;14;3;16;750;1;2;1;6;40
201400014237;14;2;20;2030;5;2;1;6;40
201400014238;14;3;9;150;5;2;1;6;40
201400014240;14;3;13;2000;5;2;1;4;21
201400014242;14;3;8;1930;2;2;1;5;21
201400014243;14;3;19;845;1;2;1;6;21
201400014244;14;3;16;520;5;2;1;6;21
201400014246;14;2;27;815;1;2;1;6;21
201400014247;14;1;16;800;1;2;1;3;21
201400014248;14;2;7;1610;1;2;1;3;21
201400014249;14;3;13;1350;1;2;7;4;21
201400014250;14;2;22;1440;1;2;1;6;21
201400014251;14;3;12;1940;5;2;1;2;21
201400014252;14;3;13;1515;1;2;1;6;53
201400014253;14;3;12;1145;1;2;1;6;53
201400014256;14;3;11;1600;1;2;1;6;53
201400014257;14;3;11;2105;5;2;1;6;53
201400014258;14;1;22;810;1;2;1;3;53
201400014260;14;3;10;2220;5;2;1;3;53
201400014263;14;1;21;1715;1;2;1;5;53
201400014264;14;3;1;1130;1;2;1;5;53
201400014266;14;1;30;805;2;2;1;6;70
201400014267;14;2;17;655;2;2;1;1;70
201400014269;14;3;18;1745;1;2;1;6;70
201400014271;14;2;6;1810;2;2;1;6;70
201400014272;14;3;3;700;2;2;3;6;70
201400014274;14;3;16;2325;5;2;1;6;70
201400014275;14;2;27;1900;5;2;2;6;70
201400014276;14;3;2;1910;5;1;1;6;70
201400014277;14;3;7;705;2;2;1;6;70
201400014278;14;3;15;1220;1;2;1;6;70
201400014279;14;1;3;1340;1;2;1;3;70
201400014280;14;3;26;1600;1;2;2;1;70
201400014281;14;3;22;1900;5;2;2;6;70
201400014284;14;3;14;1450;1;2;1;1;70
201400014285;14;3;14;1800;1;2;1;6;70
201400014286;14;3;20;1130;1;2;1;6;70
201400014287;14;3;19;1825;1;2;1;6;70
201400014288;14;3;16;1254;1;2;1;2;70
201400014290;14;1;18;1135;1;2;1;6;70
201400014291;14;3;3;920;1;2;8;6;70
201400014293;14;3;27;1155;1;2;1;6;70
201400014294;14;3;23;1240;1;2;1;6;70
201400014296;14;4;4;1325;1;2;1;6;70
201400014298;14;4;4;1310;1;2;1;3;16
201400014299;14;4;5;2215;4;2;1;6;16
201400014300;14;4;7;245;5;2;1;7;16
201400014301;14;4;6;1920;1;2;1;6;16
201400014302;14;3;7;1200;1;2;2;6;16
201400014303;14;4;7;2310;5;2;1;3;16
201400014306;14;3;6;1330;1;2;1;6;16
201400014307;14;3;24;1900;2;2;1;6;16
201400014308;14;3;25;1300;1;2;1;6;16
201400014310;14;3;4;930;1;2;1;1;36
201400014311;14;2;23;1030;1;2;1;3;36
201400014314;14;2;20;800;1;2;1;6;36
201400014317;14;4;8;1150;1;2;1;6;36
201400014318;14;4;7;705;2;2;1;6;36
201400014319;14;2;26;410;5;2;1;3;36
201400014321;14;3;21;1830;1;2;1;2;36
201400014322;14;3;18;1230;1;2;1;6;36
201400014324;14;3;19;1105;1;2;1;5;36
201400014325;14;3;21;1400;1;2;1;6;36
201400014326;14;4;9;30;5;2;1;6;36
201400014328;14;2;8;504;5;2;1;3;36
201400014329;14;3;13;1300;1;2;1;6;36
201400014330;14;3;15;1840;2;1;6;1;36
201400014331;14;1;30;945;1;2;1;6;36
201400014332;14;2;9;1600;1;1;1;6;10
201400014333;14;2;26;1620;1;2;1;6;10
201400014334;14;4;9;1710;1;2;1;5;10
201400014335;14;4;9;2130;5;2;1;3;10
201400014337;14;3;28;1110;1;2;1;6;10
201400014340;14;3;14;1715;1;2;1;6;10
201400014341;14;3;21;920;1;2;1;2;10
201400014342;14;3;16;1700;1;2;1;3;10
201400014344;14;3;5;1330;1;2;1;2;10
201400014346;14;3;26;1450;1;2;2;6;10
201400014347;14;3;24;1815;1;2;1;6;10
201400014348;14;4;10;2055;2;2;1;6;10
201400014349;14;4;12;1630;1;2;1;6;10
201400014350;14;3;28;2030;5;2;1;3;10
201400014352;14;2;19;1130;1;2;1;6;10
201400014353;14;4;14;925;1;2;1;6;10
201400014354;14;3;14;1030;1;2;1;3;10
201400014355;14;3;11;2200;5;2;1;6;10
201400014356;14;3;22;2100;5;2;1;6;10
201400014357;14;4;1;835;1;2;1;6;10
201400014360;14;1;27;1320;1;2;1;2;10
201400014361;14;3;15;1750;1;2;1;1;10
201400014362;14;3;25;920;1;2;1;2;10
201400014363;14;3;26;1715;1;2;1;6;10
201400014364;14;3;3;930;1;2;1;2;10
201400014367;14;3;12;1100;1;2;2;2;10
201400014368;14;3;27;1930;5;2;1;2;43
201400014369;14;3;25;2020;5;1;1;6;43
201400014374;14;1;30;1330;1;2;2;6;43
201400014375;14;3;5;1020;1;2;1;6;43
201400014376;14;3;15;1330;1;2;1;6;43
201400014378;14;3;27;1520;1;2;1;6;43
201400014379;14;3;28;800;1;2;1;3;43
201400014380;14;3;31;755;1;2;1;3;43
201400014382;14;3;28;1500;1;2;1;6;43
201400014384;14;3;25;1445;1;2;1;4;43
201400014385;14;4;4;1510;1;2;8;6;43
201400014388;14;4;2;1125;1;2;1;2;18
201400014389;14;4;12;2240;5;2;1;3;18
201400014390;14;4;1;930;1;2;1;6;18
201400014391;14;4;5;1650;1;2;1;6;18
201400014392;14;4;5;1425;1;1;1;3;18
201400014393;14;4;2;1910;1;2;1;6;18
201400014394;14;4;4;935;1;2;1;6;18
201400014395;14;4;10;1345;1;2;1;6;18
201400014397;14;3;27;1600;1;2;1;6;18
201400014398;14;3;28;1820;1;2;1;2;18
201400014400;14;4;2;745;1;2;1;6;18
201400014401;14;4;2;1630;1;2;1;3;18
201400014403;14;4;15;1720;1;2;1;6;18
201400014404;14;3;2;1540;1;2;1;6;18
201400014406;14;4;2;1330;1;2;1;3;18
201400014407;14;4;7;1610;1;2;1;6;18
201400014409;14;4;3;1345;1;2;1;3;18
201400014410;14;4;16;1450;1;2;1;6;18
201400014411;14;2;5;750;1;2;1;6;18
201400014412;14;3;14;1620;1;2;1;1;18
201400014413;14;4;9;1500;1;2;1;2;18
201400014414;14;4;4;730;1;2;1;6;18
201400014415;14;3;27;2000;5;2;1;6;18
201400014416;14;4;9;2300;5;2;1;1;18
201400014418;14;4;1;1755;1;2;1;6;18
201400014420;14;4;18;1315;1;2;1;2;18
201400014421;14;4;18;8;5;2;1;3;18
201400014422;14;4;6;2150;5;2;1;6;18
201400014423;14;3;20;1730;1;2;1;6;18
201400014424;14;4;4;1800;1;2;1;6;18
201400014425;14;4;4;2245;5;2;1;6;18
201400014426;14;4;4;1340;1;2;1;3;18
201400014427;14;3;30;1500;1;2;1;6;18
201400014428;14;4;5;1340;1;2;1;6;18
201400014430;14;2;25;1700;1;2;1;6;18
201400014431;14;4;3;1600;1;2;1;6;18
201400014432;14;4;1;1320;1;2;1;6;18
201400014433;14;4;8;1050;1;2;1;6;18
201400014434;14;4;14;1430;1;2;1;2;18
201400014435;14;4;15;800;1;2;1;6;18
201400014436;14;4;16;1900;1;2;1;6;18
201400014437;14;4;9;1145;1;2;1;3;18
201400014438;14;1;8;2220;5;2;1;6;18
201400014439;14;4;25;650;1;2;1;6;18
201400014444;14;4;11;915;1;2;1;6;18
201400014445;14;4;12;1415;1;2;1;6;18
201400014446;14;4;15;1400;1;2;1;3;18
201400014447;14;4;9;1930;2;2;1;1;18
201400014448;14;4;8;1230;1;2;1;1;18
201400014449;14;4;9;1145;1;2;1;3;18
201400014451;14;2;3;820;1;2;1;1;18
201400014452;14;4;1;1930;1;2;1;6;18
201400014453;14;4;5;400;5;2;1;6;18
201400014455;14;4;4;700;2;2;1;5;18
201400014457;14;3;13;1510;1;2;1;6;18
201400014458;14;3;27;1245;1;2;1;2;18
201400014459;14;4;10;1715;1;2;1;6;73
201400014460;14;4;16;800;1;2;1;6;73
201400014461;14;4;16;1430;1;2;1;6;73
201400014462;14;3;21;1800;1;2;1;6;73
201400014464;14;4;15;1954;1;2;1;6;73
201400014466;14;4;10;1915;1;2;1;2;73
201400014467;14;2;6;2020;5;2;1;6;73
201400014468;14;4;1;1430;1;2;1;6;73
201400014469;14;4;3;2100;5;2;1;2;73
201400014470;14;4;7;2020;2;2;1;6;73
201400014471;14;4;15;1410;1;2;1;6;73
201400014473;14;1;9;1700;2;2;1;1;64
201400014474;14;1;29;1030;1;2;3;2;64
201400014475;14;4;2;1940;1;2;1;3;64
201400014477;14;4;6;1210;1;2;1;6;64
201400014478;14;3;30;1200;1;2;1;6;64
201400014480;14;2;5;345;5;2;2;6;64
201400014482;14;4;5;1515;1;2;1;6;64
201400014483;14;4;7;1115;1;2;1;3;64
201400014484;14;4;17;800;1;2;1;6;64
201400014485;14;4;19;2105;5;2;1;6;64
201400014486;14;3;31;900;1;2;1;2;64
201400014488;14;4;17;1730;1;2;1;6;64
201400014489;14;4;18;1200;1;2;1;6;64
201400014490;14;4;18;1430;1;2;1;6;64
201400014491;14;2;13;1615;1;2;1;3;64
201400014492;14;2;21;1810;1;2;1;3;64
201400014493;14;4;15;750;1;2;1;3;64
201400014494;14;4;15;1100;1;2;1;6;64
201400014496;14;4;9;830;1;2;1;6;64
201400014497;14;4;10;1200;1;2;1;6;64
201400014498;14;4;18;1600;1;2;1;2;64
201400014500;14;5;4;630;2;2;1;6;64
201400014502;14;5;4;540;5;2;1;3;64
201400014505;14;4;22;1305;1;2;8;2;45
201400014506;14;3;25;1415;1;2;1;6;45
201400014507;14;3;15;1135;1;2;1;6;45
201400014509;14;4;12;1550;1;2;1;2;45
201400014512;14;4;25;2050;2;2;1;1;45
201400014514;14;4;25;1300;1;2;2;2;45
201400014516;14;4;26;30;5;2;1;6;45
201400014517;14;4;6;1300;1;2;1;6;45
201400014519;14;4;16;715;1;2;1;6;45
201400014521;14;4;27;2130;5;2;1;6;60
201400014523;14;4;4;610;5;2;2;6;60
201400014527;14;4;5;1830;1;2;1;6;60
201400014528;14;3;28;830;1;2;1;6;60
201400014529;14;4;14;1600;1;2;1;6;60
201400014531;14;4;22;615;2;2;1;6;60
201400014532;14;4;14;1340;1;2;1;7;60
201400014533;14;4;15;1220;1;2;1;6;60
201400014534;14;4;23;1645;1;2;1;6;60
201400014535;14;4;10;715;1;2;1;3;60
201400014536;14;4;24;1300;1;2;1;2;60
201400014537;14;4;24;1800;1;2;1;6;60
201400014538;14;4;28;840;1;2;1;6;60
201400014539;14;4;29;2300;5;2;1;6;60
201400014540;14;3;28;1550;1;2;1;6;60
201400014543;14;5;14;2030;2;2;1;6;60
201400014544;14;3;31;1900;1;2;1;3;60
201400014545;14;4;28;1600;1;2;1;6;60
201400014547;14;3;11;2000;5;2;1;2;60
201400014548;14;4;24;1315;1;2;1;3;60
201400014550;14;4;27;1645;1;1;1;6;60
201400014551;14;4;27;605;5;2;1;6;60
201400014552;14;4;26;1150;1;2;1;6;60
201400014553;14;4;26;30;5;2;1;3;60
201400014554;14;3;21;1000;1;2;1;6;60
201400014555;14;4;25;1320;2;2;1;3;60
201400014556;14;4;10;1725;1;2;1;6;60
201400014557;14;4;24;1430;1;2;1;1;60
201400014558;14;2;12;2050;5;2;1;2;60
201400014560;14;4;6;500;2;2;1;1;60
201400014562;14;4;20;1230;1;2;1;2;60
201400014564;14;5;17;820;1;2;1;6;60
201400014565;14;5;18;20;5;2;1;6;60
201400014566;14;5;19;945;1;1;2;6;60
201400014567;14;3;26;1310;1;2;1;6;60
201400014568;14;4;27;630;2;2;1;1;60
201400014569;14;4;30;1645;1;2;1;6;60
201400014570;14;4;26;1130;1;2;1;6;60
201400014571;14;5;19;1000;1;2;2;6;60
201400014572;14;3;23;1000;1;2;1;1;60
201400014573;14;5;20;1830;1;2;1;3;60
201400014574;14;4;5;2330;5;2;1;2;60
201400014575;14;4;10;800;1;2;1;6;60
201400014576;14;4;18;1225;1;2;1;3;60
201400014577;14;4;22;1200;1;1;1;2;60
201400014579;14;4;30;2000;1;2;1;2;60
201400014580;14;5;1;1640;1;2;1;7;60
201400014581;14;5;4;1430;1;2;1;6;60
201400014582;14;5;7;2200;5;2;1;2;60
201400014585;14;5;11;550;2;2;1;6;60
201400014586;14;4;13;1630;1;2;1;6;60
201400014587;14;5;9;1515;1;2;1;3;60
201400014590;14;5;2;1115;1;2;1;1;60
201400014591;14;3;31;1310;1;2;1;6;60
201400014594;14;4;23;1430;1;2;1;3;60
201400014595;14;5;9;2145;5;2;1;5;60
201400014596;14;5;12;1358;1;2;1;3;60
201400014597;14;4;2;1115;1;2;1;6;60
201400014599;14;5;3;1415;1;2;1;3;90
201400014601;14;5;9;10;5;2;1;6;90
201400014602;14;5;13;1540;1;2;1;6;90
201400014603;14;5;13;1055;1;2;1;3;90
201400014604;14;4;18;1430;1;2;1;6;90
201400014605;14;4;10;730;1;2;1;6;90
201400014606;14;4;22;800;1;2;2;6;90
201400014609;14;1;13;1900;5;2;2;1;83
201400014613;14;4;7;1030;1;2;1;6;83
201400014616;14;5;5;1000;1;2;1;7;83
201400014617;14;5;2;600;1;2;1;6;83
201400014618;14;5;3;1130;1;2;1;6;83