Num_Acc;an;mois;jour;hrmn;lum;agg;atm;col;dep
201400014619;14;5;5;1830;1;1;1;5;83
201400014620;14;5;20;1055;1;2;1;2;83
201400014621;14;5;8;1510;1;2;1;6;83
201400014622;14;5;8;2030;5;2;1;6;83
201400014624;14;5;10;1835;1;2;1;6;83
201400014625;14;5;13;1415;1;2;1;2;83
201400014626;14;5;14;1230;1;2;1;6;83
201400014628;14;5;12;1837;1;2;1;6;83
201400014629;14;5;13;1210;1;2;1;1;90
201400014631;14;4;25;1330;1;2;2;1;90
201400014632;14;4;25;1515;1;2;1;2;90
201400014633;14;4;24;1830;1;2;1;1;90
201400014635;14;4;28;1910;1;2;1;6;50
201400014636;14;4;14;1030;1;2;1;6;50
201400014637;14;4;17;1700;1;2;1;6;50
201400014638;14;5;1;2020;2;2;1;1;50
201400014639;14;5;2;1300;1;2;2;6;50
201400014640;14;4;30;1115;1;2;1;2;50
201400014641;14;5;19;1040;1;2;2;6;50
201400014642;14;4;14;1935;1;2;1;3;50
201400014644;14;5;9;1740;1;2;1;3;50
201400014645;14;4;25;1300;1;2;1;3;50
201400014647;14;5;7;1600;1;2;1;6;50
201400014648;14;5;12;655;1;2;1;6;50
201400014650;14;5;25;220;5;2;1;6;50
201400014651;14;5;5;740;1;2;1;2;50
201400014652;14;4;23;1350;1;2;1;3;50
201400014653;14;5;10;2205;5;2;1;3;50
201400014654;14;5;5;1550;1;2;1;6;50
201400014655;14;4;11;1610;1;2;1;6;50
201400014656;14;4;30;820;1;2;1;3;50
201400014657;14;3;4;1000;1;2;1;2;50
201400014658;14;4;11;2040;5;2;1;6;50
201400014660;14;5;25;1500;1;2;1;2;50
201400014662;14;5;27;915;1;2;1;3;50
201400014663;14;5;2;840;1;2;1;2;50
201400014666;14;5;15;1830;1;2;1;2;50
201400014667;14;5;9;745;1;2;1;6;50
201400014671;14;5;31;125;5;2;1;6;50
201400014672;14;5;31;415;5;2;1;6;50
201400014673;14;4;19;1940;1;2;1;6;50
201400014674;14;4;6;2120;5;2;1;1;50
201400014675;14;4;23;1305;1;2;1;6;50
201400014676;14;5;12;835;1;2;1;6;50
201400014677;14;5;3;1310;1;2;1;6;50
201400014678;14;2;25;1045;1;2;1;3;50
201400014679;14;5;15;1150;1;2;1;6;50
201400014680;14;5;15;2015;1;2;1;6;50
201400014681;14;4;29;1600;1;2;1;2;50
201400014682;14;5;14;930;1;2;1;1;50
201400014683;14;5;16;735;1;2;1;6;50
201400014685;14;5;17;1545;1;2;1;1;50
201400014686;14;5;17;1600;1;2;1;6;50
201400014687;14;5;18;2245;5;2;1;3;50
201400014689;14;5;13;1230;1;2;1;3;14
201400014690;14;5;13;1750;1;2;1;4;14
201400014691;14;5;16;755;1;2;1;6;14
201400014697;14;4;29;850;1;2;1;2;14
201400014698;14;5;3;1935;1;2;1;3;14
201400014703;14;6;1;930;1;2;1;6;14
201400014704;14;5;24;1310;1;2;1;3;14
201400014706;14;4;16;1035;1;2;1;6;14
201400014707;14;5;9;1808;1;2;1;5;14
201400014708;14;5;17;55;5;2;1;6;14
201400014710;14;5;20;2045;2;2;1;6;14
201400014711;14;5;20;905;1;2;1;4;14
201400014712;14;5;20;1530;1;2;1;3;14
201400014714;14;5;22;1200;1;2;1;3;14
201400014715;14;5;23;315;5;2;1;7;14
201400014717;14;3;12;1050;1;2;1;2;14
201400014720;14;5;17;1825;1;2;1;5;14
201400014721;14;5;24;1730;1;2;1;1;14
201400014724;14;5;12;910;1;2;1;1;14
201400014726;14;5;17;1030;1;2;1;2;14
201400014727;14;5;23;1450;1;2;1;6;14
201400014728;14;5;3;1805;1;2;1;2;14
201400014730;14;6;2;1255;1;2;1;6;14
201400014731;14;5;19;1600;1;2;2;3;14
201400014732;14;5;20;1030;1;2;1;2;14
201400014733;14;5;23;1200;1;2;1;5;14
201400014734;14;5;19;1725;1;2;1;6;14
201400014735;14;5;4;1115;1;2;1;2;14
201400014737;14;5;14;1610;1;2;1;3;14
201400014739;14;5;30;2030;1;1;1;6;14
201400014740;14;5;23;2100;5;2;1;7;14
201400014741;14;5;31;1410;1;2;1;3;14
201400014742;14;4;21;1220;1;2;1;6;60
201400014743;14;5;20;1330;1;2;1;6;60
201400014744;14;5;20;1730;1;2;1;6;60
201400014745;14;5;2;900;1;2;1;6;60
201400014747;14;5;30;1630;1;2;1;2;60
201400014748;14;5;31;605;2;2;1;6;60
201400014751;14;5;20;1500;1;2;1;2;60
201400014752;14;5;27;1750;1;2;1;6;60
201400014753;14;5;28;1000;1;2;1;6;60
201400014754;14;5;27;1600;1;2;1;6;60
201400014755;14;5;12;1845;1;2;1;3;60
201400014756;14;5;13;730;1;2;1;3;60
201400014757;14;5;14;800;1;2;1;2;72
201400014759;14;3;14;1730;1;2;1;1;72
201400014760;14;5;26;1620;1;2;1;3;72
201400014761;14;5;16;2000;1;2;1;2;72
201400014762;14;5;7;1510;1;2;1;6;72
201400014763;14;5;7;1250;1;2;1;6;72
201400014764;14;5;19;1030;1;2;2;6;72
201400014766;14;4;16;1350;1;2;1;2;72
201400014767;14;6;9;2345;5;2;1;6;72
201400014771;14;5;15;1220;1;2;1;6;72
201400014773;14;5;21;1130;1;2;1;3;72
201400014774;14;1;27;1230;1;2;1;3;72
201400014775;14;4;23;1800;1;2;1;2;72
201400014776;14;5;17;100;5;2;1;3;72
201400014777;14;5;18;1815;1;2;1;3;72
201400014779;14;6;2;805;1;2;1;6;72
201400014780;14;6;11;1530;1;2;1;2;72
201400014781;14;6;11;1800;1;2;1;6;72
201400014782;14;6;12;551;2;2;1;2;72
201400014784;14;6;2;2130;2;2;1;2;72
201400014785;14;6;5;1130;1;2;1;1;72
201400014787;14;4;9;1650;1;2;1;5;54
201400014788;14;5;24;1530;1;2;1;6;54
201400014791;14;6;2;1345;1;2;1;3;54
201400014792;14;4;22;1830;1;2;1;6;54
201400014793;14;5;20;730;1;2;1;6;54
201400014794;14;5;23;1530;1;2;1;6;54
201400014795;14;6;3;1430;1;2;1;6;54
201400014797;14;5;25;1600;1;2;1;3;54
201400014798;14;5;30;845;1;2;1;6;54
201400014800;14;4;22;1830;1;2;1;6;54
201400014802;14;6;1;1645;1;2;1;3;54
201400014803;14;6;2;540;2;2;1;6;54
201400014804;14;5;29;1640;1;2;1;1;54
201400014805;14;6;2;1100;1;2;1;6;54
201400014806;14;6;8;2255;5;2;1;6;54
201400014807;14;2;15;2245;5;2;1;6;54
201400014808;14;5;25;1700;1;2;1;6;66
201400014811;14;6;2;1630;1;2;1;6;66
201400014812;14;6;1;400;5;2;1;3;14
201400014813;14;6;1;530;5;2;1;3;14
201400014814;14;6;4;1200;1;2;1;1;14
201400014815;14;6;6;1945;1;2;1;6;14
201400014816;14;1;24;1047;1;2;1;1;14
201400014817;14;6;2;730;1;2;1;6;14
201400014818;14;4;28;1715;1;2;1;6;14
201400014819;14;5;13;1430;1;2;1;6;14
201400014821;14;5;28;825;1;2;1;6;14
201400014822;14;5;28;1450;1;2;1;6;14
201400014823;14;6;1;235;5;2;1;2;14
201400014824;14;6;3;750;1;2;1;6;14
201400014825;14;5;27;1500;1;2;1;6;14
201400014827;14;6;18;700;1;2;1;3;66
201400014830;14;6;3;1640;1;2;1;3;14
201400014831;14;5;30;338;5;2;1;1;14
201400014832;14;6;3;1325;1;2;1;6;14
201400014835;14;6;6;1355;1;2;1;3;14
201400014837;14;6;11;1105;1;2;1;6;66
201400014838;14;6;5;1100;1;2;1;6;66
201400014839;14;5;28;1230;1;2;1;6;66
201400014840;14;5;21;1430;1;2;1;6;66
201400014841;14;5;29;2030;2;2;1;7;66
201400014842;14;5;5;1320;1;2;1;2;66
201400014843;14;5;20;1030;1;2;1;7;66
201400014844;14;3;12;610;5;2;1;2;66
201400014845;14;4;17;2015;2;2;1;3;58
201400014846;14;6;5;2020;1;2;1;6;58
201400014847;14;6;8;1315;1;2;1;6;58
201400014848;14;6;8;1945;1;2;1;2;58
201400014849;14;6;16;1320;1;2;1;6;58
201400014850;14;6;7;1250;1;2;1;3;58
201400014851;14;6;5;1700;1;2;1;6;58
201400014853;14;6;19;1109;1;2;1;6;58
201400014854;14;5;29;1600;1;2;1;6;58
201400014855;14;6;4;1840;1;2;1;6;58
201400014856;14;4;30;1000;1;2;1;6;58
201400014857;14;5;29;1045;1;2;1;3;58
201400014858;14;6;5;1510;1;2;1;6;58
201400014860;14;5;20;900;1;2;1;2;26
201400014861;14;5;20;1150;1;2;1;3;26
201400014862;14;6;4;2045;1;2;1;2;26
201400014863;14;6;5;1815;1;2;1;2;26
201400014864;14;6;7;1200;1;2;1;3;26
201400014865;14;5;23;1500;1;2;1;6;26
201400014866;14;6;9;1920;1;2;1;6;66
201400014867;14;6;10;900;1;2;1;6;26
201400014868;14;6;10;1530;1;2;1;3;26
201400014871;14;5;18;630;2;2;1;7;70
201400014872;14;5;27;1630;1;2;1;6;70
201400014874;14;1;24;2000;1;2;1;3;70
201400014875;14;5;2;1330;1;2;2;3;70
201400014876;14;5;13;35;5;2;1;3;70
201400014877;14;5;26;1745;1;2;1;4;70
201400014878;14;6;7;1500;1;2;1;6;70
201400014879;14;5;16;2345;4;2;1;6;70
201400014880;14;5;28;1520;1;2;1;6;70
201400014881;14;6;3;1815;1;2;1;2;70
201400014884;14;5;30;1440;1;2;1;7;70
201400014886;14;6;7;1210;1;2;1;6;70
201400014887;14;6;11;1830;1;2;1;3;70
201400014888;14;5;13;930;1;2;1;6;70
201400014889;14;6;7;1625;1;2;1;6;70
201400014890;14;6;17;845;1;2;1;6;85
201400014891;14;6;22;1600;1;2;1;6;85
201400014892;14;5;26;210;5;2;1;3;85
201400014893;14;3;11;1740;1;2;1;2;85
201400014894;14;5;21;1535;1;2;1;2;10
201400014895;14;6;6;2345;4;2;1;2;10
201400014896;14;6;10;845;1;2;1;6;10
201400014897;14;6;12;1445;1;1;1;3;10
201400014898;14;6;4;1140;1;2;1;6;10
201400014899;14;6;10;1500;1;2;1;2;10
201400014900;14;6;12;1750;1;2;2;2;10
201400014901;14;6;14;1815;1;2;1;4;10
201400014903;14;6;12;1630;1;2;1;3;10
201400014904;14;6;13;1500;1;2;1;6;10
201400014906;14;6;11;745;1;2;1;2;10
201400014908;14;5;7;1510;1;2;1;6;10
201400014909;14;6;13;1930;1;2;1;6;10
201400014910;14;6;3;1545;1;2;1;6;10
201400014912;14;5;22;2040;5;2;2;3;10
201400014913;14;5;24;1530;1;2;1;2;10
201400014915;14;6;24;1910;1;2;1;6;10
201400014917;14;5;21;1220;1;2;1;6;10
201400014918;14;6;9;1045;1;2;1;6;10
201400014919;14;6;12;1320;1;2;1;6;10
201400014920;14;6;14;1400;1;1;1;6;10
201400014921;14;6;7;2015;1;2;1;6;10
201400014923;14;6;18;945;2;2;1;6;15
201400014924;14;6;12;1930;1;2;2;7;15
201400014925;14;6;12;800;1;2;1;1;15
201400014926;14;6;17;1420;1;2;1;6;15
201400014927;14;6;13;1600;1;2;1;6;15
201400014928;14;6;26;1415;1;2;1;4;15
201400014931;14;6;27;2320;5;2;1;1;15
201400014932;14;7;2;223;5;2;1;6;15
201400014933;14;2;20;1920;5;2;1;6;15
201400014934;14;6;10;1730;1;2;1;6;30
201400014935;14;6;16;1400;1;2;1;6;30
201400014937;14;6;27;1530;1;2;1;1;30
201400014938;14;6;19;815;1;2;1;2;30
201400014939;14;6;10;1140;1;2;1;3;30
201400014940;14;6;17;800;1;2;1;6;30
201400014942;14;6;16;940;1;2;1;6;30
201400014944;14;6;24;1130;1;2;1;6;30
201400014945;14;6;18;1825;1;2;1;6;30
201400014949;14;6;20;1510;1;2;1;2;84
201400014950;14;6;12;850;1;2;1;6;84
201400014951;14;6;20;1200;1;2;1;6;84
201400014953;14;6;20;1420;1;1;1;1;84
201400014954;14;6;25;1745;1;2;1;1;84
201400014955;14;6;19;1545;1;2;1;6;84
201400014956;14;6;20;1030;1;2;1;2;20
201400014957;14;6;27;745;1;2;1;6;20
201400014958;14;7;2;1600;1;2;1;6;20
201400014959;14;6;11;935;1;2;1;2;20
201400014960;14;6;17;1215;1;2;1;4;20
201400014961;14;6;24;800;1;2;1;2;20
201400014964;14;6;14;930;1;2;1;6;20
201400014965;14;6;11;1015;1;2;1;2;20
201400014966;14;6;11;1540;1;2;1;3;20
201400014967;14;6;16;1730;1;2;1;3;20
201400014969;14;6;26;930;1;2;1;6;20
201400014970;14;5;31;1930;1;2;1;5;20
201400014971;14;6;1;1530;1;2;1;6;20
201400014973;14;6;23;2000;5;1;1;6;20
201400014974;14;6;19;830;1;2;1;6;20
201400014976;14;6;23;1600;1;2;1;6;20
201400014978;14;5;16;900;1;2;1;6;20
201400014979;14;6;9;1900;1;2;1;6;20
201400014981;14;6;20;1900;1;2;1;2;20
201400014983;14;4;5;1240;1;2;1;6;20
201400014984;14;5;30;1910;1;2;1;1;20
201400014986;14;2;21;1900;5;2;1;7;20
201400014987;14;6;17;1510;1;2;1;2;20
201400014989;14;6;19;1030;1;2;1;3;20
201400014990;14;6;16;1800;1;2;1;6;20
201400014991;14;6;28;25;5;2;1;2;20
201400014992;14;4;19;1550;1;2;1;6;20
201400014993;14;6;13;1730;1;2;1;3;20
201400014994;14;6;24;1455;1;2;1;6;20
201400014995;14;7;2;1410;1;2;1;6;20
201400014996;14;6;26;1715;1;2;1;2;20
201400014997;14;6;23;940;1;2;1;6;20
201400014999;14;6;16;1600;1;2;1;3;20
201400015000;14;6;26;2015;1;2;1;3;20
201400015001;14;6;27;2130;2;2;1;6;20
201400015003;14;5;8;100;5;2;1;6;20
201400015004;14;6;17;1700;1;2;1;3;20
201400015005;14;6;25;1730;1;2;1;3;13
201400015006;14;6;26;1100;1;2;1;3;13
201400015007;14;6;30;820;1;2;1;6;13
201400015008;14;6;30;1535;1;2;1;2;13
201400015009;14;6;25;1900;1;2;1;6;13
201400015010;14;7;2;1530;1;2;1;6;38
201400015011;14;7;6;1740;1;2;1;7;38
201400015012;14;6;30;1230;1;2;1;3;38
201400015013;14;6;30;2030;1;2;1;4;38
201400015014;14;6;26;2150;3;2;1;3;38
201400015015;14;6;27;525;2;2;1;2;38
201400015016;14;6;30;1930;1;2;1;6;38
201400015017;14;6;28;1150;1;2;1;3;38
201400015018;14;6;25;2340;5;2;1;3;38
201400015019;14;7;5;50;5;2;1;6;38
201400015020;14;6;12;1710;1;2;1;6;38
201400015021;14;6;14;1215;1;2;1;2;38
201400015022;14;6;10;950;1;2;1;6;38
201400015023;14;6;30;1345;1;2;1;6;38
201400015024;14;5;29;1600;1;2;1;3;38
201400015026;14;6;19;1600;1;2;1;2;38
201400015028;14;3;24;1300;1;2;1;6;38
201400015029;14;7;3;1700;1;2;1;6;38
201400015030;14;7;2;1925;1;2;1;6;38
201400015031;14;6;26;1010;1;2;1;7;38
201400015032;14;6;23;1145;1;2;1;2;38
201400015033;14;7;4;2030;2;2;1;6;38
201400015034;14;7;4;2100;1;2;1;6;38
201400015035;14;7;4;835;1;2;1;3;38
201400015036;14;6;9;1200;1;2;1;4;38
201400015037;14;7;4;1530;1;2;1;6;38
201400015039;14;4;27;1200;1;2;1;2;38
201400015040;14;3;31;730;1;2;1;6;38
201400015041;14;1;23;736;2;2;1;1;38
201400015042;14;3;5;1800;2;2;1;5;38
201400015043;14;7;3;1745;1;2;1;1;38
201400015045;14;7;8;1905;1;2;1;6;38
201400015046;14;7;15;1000;1;2;1;3;38
201400015047;14;6;26;1430;1;2;1;3;38
201400015048;14;3;13;1600;1;2;1;3;38
201400015051;14;6;28;1700;1;2;1;6;38
201400015053;14;6;15;215;5;2;1;2;38
201400015054;14;7;17;1518;1;2;1;6;38
201400015056;14;4;15;1730;1;2;1;7;38
201400015058;14;7;1;1300;1;2;1;3;38
201400015059;14;7;10;745;1;2;1;2;38
201400015060;14;7;15;833;1;2;1;3;38
201400015061;14;7;1;1500;1;2;1;6;38
201400015062;14;7;5;1630;1;2;1;6;31
201400015064;14;5;18;140;5;2;1;6;31
201400015065;14;7;10;1220;1;2;1;6;31
201400015066;14;7;7;1500;1;2;1;3;31
201400015067;14;7;13;1815;1;2;1;2;31
201400015068;14;7;13;1725;1;2;1;6;31
201400015070;14;7;12;1530;1;2;1;6;31
201400015071;14;2;16;330;5;2;1;6;31
201400015072;14;7;4;1910;1;2;1;6;31
201400015073;14;7;11;2340;5;2;1;2;31
201400015074;14;7;6;1140;1;2;1;5;31
201400015075;14;6;28;1315;1;2;1;2;31
201400015076;14;7;7;1230;1;2;1;4;31
201400015077;14;7;7;1700;1;2;1;6;31
201400015078;14;7;3;1130;1;2;1;6;31
201400015079;14;7;2;1025;1;2;1;7;31
201400015080;14;7;3;1850;1;2;1;2;31
201400015081;14;2;20;1755;1;2;1;3;31
201400015083;14;7;19;1700;1;2;1;6;29
201400015084;14;7;6;2030;2;2;1;2;29
201400015085;14;6;27;1600;1;2;1;2;29
201400015086;14;7;3;1830;1;2;1;6;29
201400015088;14;7;8;900;1;2;1;6;29
201400015089;14;7;12;1400;1;2;1;2;29
201400015090;14;7;13;1830;1;2;1;7;29
201400015091;14;7;7;1930;1;2;1;1;29
201400015092;14;7;5;2040;1;2;1;6;29
201400015094;14;7;13;1140;1;2;1;6;29
201400015095;14;6;16;1110;1;2;1;2;29
201400015096;14;6;28;1100;1;2;1;6;29
201400015097;14;6;30;720;1;2;1;6;29
201400015098;14;7;3;2330;5;2;1;6;29
201400015099;14;7;14;1145;1;2;1;6;29
201400015100;14;7;3;745;1;2;1;6;29
201400015101;14;7;16;1310;1;2;1;6;29
201400015102;14;7;5;1320;1;1;1;6;29
201400015104;14;7;17;1345;1;2;1;6;29
201400015105;14;1;30;645;5;2;3;6;29
201400015106;14;7;14;1850;1;2;1;2;29
201400015107;14;7;15;2245;4;2;1;2;29
201400015111;14;7;7;645;1;2;1;6;29
201400015112;14;5;12;1420;1;2;1;3;29
201400015113;14;1;9;1630;1;2;1;6;29
201400015114;14;1;21;1645;2;2;1;4;29
201400015117;14;7;18;845;1;2;1;6;29
201400015118;14;7;17;1630;1;2;1;2;29
201400015119;14;7;17;1015;1;2;1;2;34
201400015120;14;7;1;1730;1;2;1;6;34
201400015121;14;7;8;640;1;1;1;6;34
201400015122;14;7;3;2215;5;2;1;6;35
201400015124;14;7;13;2000;1;2;1;7;35
201400015125;14;7;24;1725;1;2;1;3;35
201400015126;14;7;24;1630;1;2;1;1;35
201400015127;14;7;16;1150;1;2;1;6;35
201400015129;14;7;24;1510;1;2;1;3;35
201400015130;14;7;26;420;5;2;1;6;35
201400015131;14;7;27;1750;1;2;1;3;35
201400015132;14;7;29;1300;1;2;1;3;35
201400015134;14;7;19;1740;1;2;1;2;35
201400015135;14;6;19;1330;1;2;1;6;35
201400015136;14;7;4;645;1;2;1;6;35
201400015137;14;6;26;1215;1;2;1;3;35
201400015138;14;6;25;1903;1;2;1;6;35
201400015140;14;6;8;100;5;2;1;2;35
201400015141;14;6;15;1600;1;1;2;7;35
201400015142;14;6;16;1010;1;2;1;2;35
201400015143;14;4;19;245;5;2;1;6;35
201400015144;14;5;21;1730;1;2;1;6;35
201400015147;14;7;11;2215;5;2;6;2;35
201400015150;14;6;19;940;1;2;1;6;35
201400015151;14;6;24;2030;1;2;1;2;35
201400015152;14;6;25;840;1;2;1;3;35
201400015153;14;7;31;1530;1;2;1;6;35
201400015154;14;8;3;1055;1;2;1;2;35
201400015155;14;7;8;1640;1;2;1;6;35
201400015156;14;7;9;1940;1;2;1;6;35
201400015157;14;7;14;1820;1;2;1;6;35
201400015158;14;7;19;2030;1;2;1;3;35
201400015159;14;6;18;1015;1;2;1;6;35
201400015160;14;7;13;1440;1;2;1;6;35
201400015161;14;7;1;2145;5;2;1;2;35
201400015162;14;1;27;1230;1;2;1;6;35
201400015163;14;7;1;1630;1;2;1;1;35
201400015164;14;8;2;200;5;2;1;1;35
201400015166;14;7;10;740;1;2;1;2;35
201400015167;14;7;21;1130;1;2;7;6;35
201400015168;14;7;4;1730;1;2;1;3;35
201400015169;14;7;25;1225;1;2;1;3;35
201400015171;14;7;2;1250;1;2;1;2;44
201400015172;14;7;26;400;5;2;1;7;44
201400015173;14;7;17;1656;1;2;1;3;44
201400015174;14;7;24;2140;5;2;1;3;44
201400015175;14;7;1;2300;5;2;1;3;44
201400015176;14;7;2;1640;1;2;1;1;44
201400015177;14;7;10;2100;2;2;1;6;44
201400015178;14;7;1;1230;1;2;1;3;44
201400015179;14;7;16;1015;1;2;1;6;44
201400015180;14;7;16;1730;1;2;1;2;44
201400015181;14;7;19;1945;1;2;1;7;44
201400015182;14;6;16;1100;1;2;1;3;44
201400015184;14;5;21;850;1;2;1;6;44
201400015186;14;6;25;1630;1;2;1;3;44
201400015187;14;7;5;2145;5;2;1;7;44
201400015188;14;7;12;200;5;2;1;3;44
201400015189;14;7;28;100;5;2;2;6;44
201400015190;14;7;11;1000;1;2;1;6;44
201400015192;14;7;18;1225;1;2;1;6;44
201400015194;14;6;22;120;5;2;1;6;44
201400015195;14;7;22;1100;1;2;1;2;44
201400015196;14;7;26;2000;1;1;1;3;44
201400015197;14;7;17;1115;1;2;1;2;44
201400015199;14;7;28;850;1;2;1;6;44
201400015201;14;7;17;1515;1;2;1;6;44
201400015202;14;6;10;1600;1;2;1;2;44
201400015205;14;7;20;1800;1;2;1;1;25
201400015206;14;7;27;1310;1;2;1;6;25
201400015208;14;6;27;20;5;2;1;3;25
201400015209;14;6;28;2220;5;2;1;1;25
201400015210;14;7;7;1500;1;2;1;6;25
201400015211;14;7;23;800;1;2;1;4;25
201400015213;14;7;18;1120;1;2;1;6;25
201400015215;14;8;7;450;5;2;1;2;25
201400015216;14;8;7;800;1;2;1;6;25
201400015218;14;7;25;1640;1;2;1;3;25
201400015220;14;7;22;1520;1;2;1;3;25
201400015221;14;7;24;1100;1;2;1;2;25
201400015222;14;7;24;925;1;2;1;6;25
201400015223;14;7;25;945;1;2;1;3;25
201400015225;14;7;23;1100;1;1;1;1;25
201400015226;14;7;20;1140;1;2;1;3;25
201400015227;14;7;25;900;1;2;1;6;25
201400015228;14;7;29;1135;1;2;1;5;25
201400015229;14;7;28;1630;1;2;1;6;25
201400015230;14;7;27;1950;1;2;1;3;25
201400015231;14;7;3;1600;1;2;1;6;25
201400015232;14;7;7;1530;1;2;1;6;25
201400015233;14;7;24;1600;1;2;1;3;73
201400015234;14;7;27;920;1;2;1;3;39
201400015235;14;7;27;415;5;2;1;6;39
201400015236;14;7;31;1630;1;2;1;6;39
201400015237;14;7;23;1835;1;2;1;3;39
201400015239;14;7;28;1900;1;2;1;1;39
201400015240;14;7;30;2130;5;2;1;6;39
201400015241;14;7;30;1615;1;2;1;1;39
201400015242;14;7;6;2020;1;2;1;6;39
201400015243;14;7;30;1330;1;2;1;6;39
201400015244;14;7;31;1810;1;2;1;3;39
201400015245;14;7;10;1220;1;2;1;3;39
201400015246;14;7;31;410;5;2;1;3;22
201400015247;14;8;5;1500;1;2;1;6;22
201400015248;14;8;9;1330;1;2;1;6;22
201400015249;14;8;3;45;5;2;8;6;22
201400015250;14;8;5;800;1;2;1;6;22
201400015251;14;8;6;35;5;2;1;7;22
201400015252;14;7;6;1215;1;2;1;6;22
201400015253;14;8;8;2135;5;2;1;5;22
201400015256;14;8;3;235;5;2;3;7;22
201400015258;14;7;22;1745;1;2;1;6;22
201400015259;14;8;4;1645;1;1;1;6;22
201400015260;14;8;5;1123;1;2;1;6;22
201400015261;14;2;3;1130;1;2;1;6;22
201400015262;14;3;28;1830;2;2;1;7;22
201400015264;14;8;2;2300;5;2;3;3;22
201400015265;14;8;12;1425;1;2;1;6;22
201400015266;14;8;3;1200;1;2;1;6;22
201400015267;14;7;9;1740;1;2;1;1;22
201400015269;14;7;31;1750;1;1;1;6;22
201400015271;14;8;4;1015;1;2;1;6;22
201400015272;14;8;7;840;1;2;1;2;22
201400015273;14;8;2;1715;1;2;1;6;22
201400015275;14;8;14;1850;1;2;1;3;22
201400015276;14;7;31;250;5;2;1;6;22
201400015277;14;8;11;5;5;2;1;7;22
201400015278;14;8;1;1640;1;2;1;6;22
201400015281;14;8;10;425;5;2;1;6;22
201400015282;14;8;7;1045;5;2;1;4;22
201400015283;14;7;22;2100;5;2;1;2;22
201400015284;14;8;9;745;1;2;1;6;22
201400015285;14;8;4;930;1;2;1;1;22
201400015286;14;8;6;1430;1;2;1;3;22
201400015287;14;6;11;2340;5;2;1;7;22
201400015288;14;8;10;2340;5;2;1;5;22
201400015289;14;8;10;1705;1;2;1;6;22
201400015290;14;8;6;1320;1;2;1;2;22
201400015291;14;7;31;1500;1;2;1;2;22
201400015292;14;8;6;1410;1;2;1;3;22
201400015293;14;8;4;1930;1;2;1;2;22
201400015294;14;7;29;950;1;2;1;6;22
201400015295;14;8;13;1730;1;2;1;6;22
201400015296;14;8;20;1315;2;1;1;3;22
201400015297;14;8;21;1910;1;2;1;6;22
201400015299;14;8;12;1150;1;2;1;3;22
201400015300;14;8;15;1515;1;2;1;3;22
201400015301;14;7;27;1010;1;2;1;6;22
201400015302;14;7;29;1015;1;2;1;6;22
201400015303;14;8;13;1730;1;2;1;6;22
201400015304;14;8;24;530;5;2;1;1;22
201400015305;14;7;17;1600;1;2;1;3;22
201400015306;14;8;10;1950;1;2;1;3;22
201400015307;14;8;11;1930;1;2;1;3;22
201400015308;14;8;6;850;1;2;1;1;22
201400015309;14;8;13;1030;1;2;3;1;22
201400015310;14;8;16;1515;1;1;1;1;22
201400015312;14;7;15;1950;1;2;1;3;22
201400015314;14;8;9;1000;1;2;1;6;22
201400015315;14;8;17;1900;1;2;1;2;22
201400015316;14;8;14;1340;1;2;1;6;22
201400015317;14;8;26;8;5;2;1;2;68
201400015320;14;8;16;1950;1;2;1;4;22
201400015322;14;8;9;1900;1;2;1;6;22
201400015323;14;8;21;1730;1;2;1;1;22
201400015324;14;2;2;1350;1;2;1;2;22
201400015326;14;8;18;1630;1;2;1;3;22
201400015327;14;8;24;1900;1;2;1;6;22
201400015328;14;9;1;2320;5;2;1;3;22
201400015329;14;7;21;510;5;2;1;6;22
201400015333;14;8;19;1510;1;2;1;6;22
201400015334;14;3;15;1550;1;2;1;2;22
201400015335;14;8;16;2250;5;2;1;6;22
201400015336;14;7;15;1200;1;2;1;6;22
201400015337;14;8;20;1840;1;2;1;5;22
201400015339;14;8;23;1855;1;2;1;1;22
201400015340;14;8;29;100;5;2;1;6;22
201400015341;14;8;21;1745;1;2;1;2;22
201400015342;14;8;10;1315;1;2;1;2;22
201400015343;14;5;11;130;5;2;1;6;68
201400015344;14;8;14;1800;1;2;1;6;68
201400015345;14;9;3;2050;2;2;1;6;68
201400015346;14;8;29;300;5;2;1;7;68
201400015347;14;9;2;1240;1;2;1;6;68
201400015348;14;7;31;1720;1;2;1;6;68
201400015350;14;8;4;1130;1;2;1;3;68
201400015351;14;8;21;1845;1;2;1;1;68
201400015352;14;8;27;1645;1;2;1;3;68
201400015353;14;7;21;1530;1;2;1;2;68
201400015354;14;8;20;1830;1;2;1;6;68
201400015355;14;7;13;2230;5;2;1;6;34
201400015356;14;8;12;725;1;2;1;6;34
201400015357;14;8;27;945;1;2;1;3;34
201400015359;14;8;23;1115;1;2;1;6;34
201400015360;14;9;2;800;1;2;1;6;34
201400015362;14;6;7;1650;1;2;1;3;34
201400015363;14;8;29;750;1;2;1;7;34
201400015364;14;8;31;1700;1;2;1;6;34
201400015365;14;8;7;1020;1;2;1;1;34
201400015366;14;8;12;1926;1;2;1;2;34
201400015367;14;8;29;2035;2;2;1;6;34
201400015368;14;9;8;1130;1;2;1;6;34
201400015369;14;9;1;2230;5;2;1;6;34
201400015370;14;8;29;1730;1;2;1;6;34
201400015371;14;8;31;1200;1;2;1;7;34
201400015373;14;8;28;1830;1;2;1;6;34
201400015374;14;8;24;830;1;2;1;3;34
201400015375;14;8;31;1715;1;2;1;3;34
201400015377;14;9;1;1700;1;1;2;6;34