Num_Acc;an;mois;jour;hrmn;lum;agg;atm;col;dep
201400017055;14;2;13;2140;5;2;1;3;14
201400017056;14;2;20;1700;1;2;1;3;80
201400017057;14;3;9;1850;1;2;1;3;80
201400017058;14;3;19;1110;1;2;1;3;80
201400017059;14;4;2;1645;1;1;1;2;80
201400017060;14;4;11;1400;1;2;1;6;80
201400017061;14;4;14;1630;1;2;1;2;38
201400017062;14;4;16;830;1;2;1;6;38
201400017063;14;4;19;45;5;2;1;3;38
201400017064;14;4;27;2030;1;2;1;3;38
201400017065;14;5;4;2200;5;2;1;7;18
201400017066;14;5;6;1450;1;1;2;2;18
201400017067;14;5;13;1345;1;2;2;2;18
201400017068;14;5;23;800;1;1;1;3;18
201400017069;14;6;16;600;1;2;1;6;18
201400017070;14;6;24;1950;1;1;1;3;18
201400017071;14;7;2;2020;1;2;1;3;18
201400017072;14;9;11;1850;1;2;1;1;18
201400017073;14;9;14;15;5;2;1;7;18
201400017074;14;9;17;1425;1;1;1;1;18
201400017075;14;9;19;1830;1;2;1;3;18
201400017077;14;10;2;950;1;1;2;7;18
201400017079;14;10;7;1630;1;2;1;6;18
201400017080;14;10;10;1840;2;2;1;3;18
201400017081;14;10;13;700;5;2;2;6;18
201400017082;14;10;17;1035;1;1;1;6;18
201400017083;14;11;4;750;1;1;1;3;18
201400017084;14;11;14;800;2;2;2;3;18
201400017085;14;11;14;855;1;2;8;6;18
201400017086;14;11;24;1215;1;2;1;6;18
201400017087;14;11;28;1455;1;2;1;2;18
201400017088;14;11;29;1500;1;2;1;7;18
201400017095;14;6;29;1625;1;2;1;1;18
201400017096;14;9;2;1610;1;2;1;6;18
201400017097;14;10;19;300;5;2;1;6;18
201400017098;14;11;23;1130;1;2;2;1;18
201400017102;14;1;20;515;3;1;5;3;18
201400017103;14;2;10;2215;3;1;1;7;18
201400017104;14;3;14;1345;1;1;1;2;18
201400017105;14;3;14;1300;1;2;1;6;18
201400017106;14;7;10;1200;1;1;1;7;18
201400017107;14;10;11;1800;1;1;1;1;18
201400017108;14;10;15;1215;1;1;1;7;18
201400017109;14;8;31;2130;3;1;1;6;18
201400017110;14;12;12;1830;5;2;8;3;18
201400017111;14;4;22;1030;1;1;2;3;18
201400017112;14;9;10;1130;1;1;1;3;18
201400017113;14;7;24;1830;1;2;1;7;18
201400017114;14;8;6;1600;1;2;3;6;18
201400017115;14;3;8;1730;1;1;1;6;18
201400017116;14;6;23;1000;1;1;1;1;18
201400017117;14;8;24;1945;1;2;1;6;18
201400017118;14;12;28;1000;1;1;4;6;18
201400017119;14;1;14;900;1;2;1;6;18
201400017120;14;2;6;715;2;1;1;1;18
201400017121;14;2;23;1015;1;1;1;6;18
201400017122;14;4;12;1445;1;1;1;7;18
201400017123;14;8;3;2300;3;1;1;7;18
201400017124;14;10;10;1615;1;1;1;1;18
201400017125;14;10;29;1330;1;1;1;6;18
201400017126;14;11;10;2115;3;1;1;6;18
201400017127;14;6;1;1115;1;1;1;7;18
201400017128;14;8;28;830;1;2;1;6;18
201400017129;14;6;9;1700;1;1;1;7;18
201400017130;14;7;26;1045;1;1;1;7;18
201400017131;14;2;3;1545;1;2;7;6;18
201400017132;14;5;8;1500;1;1;1;6;18
201400017133;14;6;15;1515;1;1;1;3;18
201400017134;14;10;12;345;3;1;1;6;18
201400017135;14;11;26;1600;1;1;1;3;18
201400017136;14;6;27;1700;1;1;2;3;18
201400017137;14;1;16;645;3;1;2;1;18
201400017138;14;1;31;730;3;1;5;1;18
201400017139;14;1;29;1345;1;1;1;6;18
201400017140;14;7;19;1130;1;1;1;7;18
201400017141;14;8;1;1545;1;2;1;6;18
201400017142;14;8;25;1830;1;1;3;6;18
201400017143;14;8;28;430;3;2;1;6;18
201400017144;14;1;24;915;1;1;2;1;18
201400017145;14;3;7;1300;1;1;1;2;18
201400017146;14;5;21;1145;1;1;2;1;18
201400017147;14;6;11;2000;1;1;1;1;18
201400017148;14;7;5;2145;2;1;2;1;18
201400017149;14;7;4;1800;1;1;3;4;18
201400017150;14;8;8;1930;1;1;1;7;18
201400017151;14;12;6;1900;5;2;1;6;18
201400017152;14;1;18;1815;3;1;1;1;18
201400017153;14;1;24;1515;1;1;1;1;18
201400017154;14;6;13;1945;1;1;1;6;18
201400017155;14;9;7;400;3;1;1;6;18
201400017156;14;9;30;1145;1;2;7;6;18
201400017157;14;10;24;2245;3;1;1;3;18
201400017158;14;11;14;2245;1;1;2;6;18
201400017159;14;12;12;2130;3;1;2;6;18
201400017160;14;7;6;1845;1;1;1;5;18
201400017161;14;11;10;1845;3;1;1;3;18
201400017162;14;12;9;730;2;1;1;7;18
201400017163;14;12;11;1900;3;1;2;6;18
201400017164;14;12;24;1615;1;1;2;3;18
201400017165;14;4;18;1200;1;1;1;1;18
201400017166;14;4;15;1815;1;2;1;3;18
201400017167;14;5;15;1200;1;2;1;1;18
201400017168;14;5;15;1200;1;1;1;6;18
201400017169;14;6;8;645;1;1;1;7;18
201400017170;14;7;10;1000;1;2;1;3;18
201400017171;14;10;26;1530;1;1;1;7;18
201400017172;14;10;31;2300;5;2;1;3;18
201400017173;14;11;12;845;1;1;1;7;18
201400017174;14;11;23;1845;3;1;2;7;18
201400017175;14;2;4;715;3;1;1;4;18
201400017176;14;5;28;1945;2;1;2;7;18
201400017177;14;1;31;700;3;1;5;1;18
201400017178;14;3;19;1730;2;2;1;3;18
201400017179;14;12;17;1845;4;1;2;1;83
201400017180;14;3;7;2030;5;2;1;2;83
201400017181;14;4;23;1015;1;1;7;3;83
201400017182;14;8;30;1830;1;1;2;3;83
201400017183;14;9;10;1630;1;1;1;3;83
201400017184;14;5;23;1500;1;2;1;7;83
201400017185;14;4;9;1630;1;1;1;7;83
201400017186;14;8;5;1930;1;1;1;3;83
201400017187;14;9;3;2215;3;1;1;1;83
201400017188;14;9;28;1800;1;1;1;3;83
201400017189;14;10;18;1530;1;1;1;3;83
201400017190;14;10;26;1830;5;2;1;1;83
201400017191;14;11;23;2115;3;1;1;1;83
201400017192;14;4;13;1715;1;1;1;2;83
201400017193;14;6;28;15;3;1;1;6;83
201400017194;14;6;29;1600;1;1;1;1;83
201400017195;14;1;17;930;1;1;4;6;83
201400017196;14;6;22;1500;1;1;1;1;83
201400017197;14;9;12;1445;1;1;1;3;83
201400017198;14;12;20;415;3;1;5;6;41
201400017199;14;7;13;1745;2;1;1;6;41
201400017200;14;9;26;1615;1;1;1;1;41
201400017201;14;9;27;1600;1;1;1;3;12
201400017202;14;1;13;1545;1;2;8;3;12
201400017203;14;3;16;1715;1;1;1;7;12
201400017204;14;6;22;45;3;1;1;7;58
201400017205;14;1;13;1445;1;1;2;1;58
201400017206;14;2;16;315;3;1;1;6;58
201400017207;14;3;31;915;1;1;1;3;58
201400017208;14;4;28;915;1;1;1;2;58
201400017209;14;5;24;30;3;1;2;6;71
201400017210;14;9;29;2045;3;1;1;6;36
201400017211;14;7;10;2045;2;1;1;1;36
201400017212;14;12;17;2115;3;1;1;6;36
201400017213;14;4;26;500;3;1;1;6;36
201400017214;14;6;6;1830;1;1;1;6;36
201400017215;14;1;25;1200;1;1;1;3;36
201400017216;14;2;16;1930;4;1;1;6;36
201400017217;14;1;21;1030;1;1;1;1;36
201400017218;14;8;26;1250;1;1;3;1;36
201400017219;14;11;19;730;1;1;5;6;36
201400017220;14;1;5;930;1;2;8;6;36
201400017221;14;2;20;1500;1;2;2;1;15
201400017222;14;6;12;2000;2;2;1;3;43
201400017223;14;6;30;1630;1;2;1;1;15
201400017224;14;8;24;1200;1;2;1;6;43
201400017225;14;12;30;1145;1;1;1;1;63
201400017226;14;7;16;1715;1;1;1;6;63
201400017227;14;5;14;1945;1;2;1;3;63
201400017228;14;7;8;1900;1;1;1;1;63
201400017229;14;12;3;1615;1;2;8;6;63
201400017230;14;9;18;915;1;1;2;3;63
201400017231;14;3;12;45;5;2;1;6;63
201400017232;14;3;1;1430;1;1;1;3;63
201400017233;14;4;15;1900;1;2;1;1;87
201400017234;14;4;8;815;1;2;1;6;87
201400017235;14;5;23;1530;1;1;2;3;87
201400017236;14;7;26;1130;1;1;1;1;87
201400017237;14;12;8;1715;2;1;2;3;87
201400017238;14;11;28;1745;3;1;1;1;87
201400017239;14;12;31;1600;1;2;1;7;87
201400017240;14;6;1;2045;1;1;1;5;34
201400017241;14;8;3;530;2;1;1;6;34
201400017242;14;7;12;1000;1;1;1;1;34
201400017243;14;9;3;930;1;1;1;3;34
201400017244;14;10;11;1600;1;1;2;5;34
201400017245;14;10;26;1030;1;1;1;5;34
201400017246;14;6;27;2215;3;1;1;3;34
201400017247;14;10;5;2130;3;1;1;6;34
201400017248;14;1;11;2330;3;1;1;6;34
201400017249;14;12;6;730;2;1;1;6;34
201400017250;14;3;13;1345;1;1;1;5;34
201400017251;14;6;22;45;3;1;1;3;34
201400017252;14;5;25;115;3;1;1;2;34
201400017253;14;9;13;400;3;1;1;6;34
201400017254;14;9;16;615;3;2;1;6;34
201400017255;14;9;21;615;2;1;1;6;34
201400017256;14;1;2;1630;1;1;1;1;34
201400017257;14;2;10;1345;1;1;2;6;34
201400017258;14;9;4;1715;1;2;1;6;34
201400017259;14;1;25;2300;5;2;1;3;48
201400017260;14;2;26;730;1;1;5;2;48
201400017261;14;6;10;1545;1;1;1;3;48
201400017262;14;12;19;845;2;1;2;6;48
201400017263;14;3;1;2000;3;1;2;6;48
201400017264;14;6;11;1145;1;1;1;3;48
201400017265;14;8;24;2345;3;2;1;6;48
201400017266;14;9;14;1800;1;1;1;6;48
201400017267;14;1;24;830;4;2;2;6;80
201400017268;14;2;6;1830;5;2;2;6;80
201400017269;14;3;12;915;1;1;1;1;80
201400017270;14;3;14;1915;2;1;8;7;80
201400017271;14;8;18;1715;1;2;1;3;80
201400017272;14;3;11;1730;1;2;1;2;44
201400017273;14;2;7;1345;1;1;1;1;44
201400017274;14;1;16;1800;5;2;3;6;44
201400017275;14;2;1;930;1;2;1;3;44
201400017276;14;3;8;1600;1;1;1;3;44
201400017277;14;5;17;1745;1;1;1;6;44
201400017278;14;7;25;1945;1;1;1;6;44
201400017279;14;8;23;1945;2;1;1;1;44
201400017280;14;1;22;1330;1;1;1;1;44
201400017281;14;2;23;1500;1;1;1;7;14
201400017282;14;3;1;1530;1;1;1;1;14
201400017283;14;8;16;1015;1;1;1;6;14
201400017284;14;8;15;445;3;1;1;7;14
201400017285;14;4;2;1315;1;1;1;3;14
201400017286;14;8;27;745;3;1;1;1;14
201400017287;14;1;15;1000;1;1;1;1;50
201400017288;14;2;26;800;1;1;1;4;50
201400017289;14;6;15;1930;1;1;1;6;50
201400017290;14;6;25;2100;1;1;1;3;50
201400017291;14;6;29;1130;1;1;1;2;50
201400017292;14;7;23;2300;3;1;2;6;50
201400017293;14;7;25;1700;1;1;3;1;50
201400017294;14;2;23;1745;1;1;1;5;50
201400017295;14;9;29;1715;1;1;8;3;50
201400017296;14;10;14;2000;3;1;8;6;50
201400017297;14;10;19;1500;1;1;1;7;50
201400017298;14;12;2;1415;1;2;8;6;50
201400017299;14;2;12;1430;1;1;1;6;18
201400017300;14;3;1;1415;3;1;1;1;18
201400017301;14;9;13;2000;1;1;1;7;18
201400017302;14;5;25;2015;1;1;1;1;18
201400017303;14;9;18;1630;1;2;2;6;18
201400017304;14;10;30;45;3;1;1;6;18
201400017305;14;1;21;1000;1;1;7;6;18
201400017306;14;2;21;845;1;1;1;5;18
201400017307;14;6;15;1720;1;2;1;1;18
201400017308;14;1;1;215;3;2;2;6;18
201400017309;14;5;17;1930;1;1;1;7;18
201400017310;14;6;21;1130;3;1;1;3;18
201400017311;14;6;23;1600;1;2;1;7;18
201400017312;14;8;27;1715;1;1;1;3;18
201400017313;14;3;9;1545;1;1;1;5;18
201400017314;14;5;10;1030;1;2;1;6;18
201400017315;14;8;18;1015;1;2;1;1;18
201400017316;14;10;10;730;2;1;5;5;18
201400017317;14;4;18;1145;1;2;1;1;18
201400017318;14;3;16;1330;1;1;1;6;18
201400017319;14;6;15;1600;1;2;1;6;18
201400017320;14;8;28;1900;1;1;1;6;18
201400017321;14;8;31;1830;1;1;1;3;18
201400017322;14;1;14;1145;1;1;1;3;18
201400017323;14;1;19;700;2;1;1;7;18
201400017324;14;4;4;1815;1;1;2;1;18
201400017325;14;6;9;1815;1;1;1;7;18
201400017326;14;7;3;1830;1;2;1;3;18
201400017327;14;8;26;1745;2;1;2;6;18
201400017328;14;9;8;1900;1;2;1;2;18
201400017329;14;11;10;1800;5;2;1;6;18
201400017330;14;12;23;815;2;1;9;6;18
201400017331;14;1;28;1330;1;1;1;6;18
201400017332;14;1;26;200;5;1;1;7;18
201400017333;14;2;17;1130;1;2;1;3;18
201400017334;14;3;1;1215;1;1;1;3;18
201400017335;14;3;7;1415;1;1;1;3;18
201400017336;14;3;14;1330;1;1;1;1;18
201400017337;14;6;8;1030;1;2;1;6;18
201400017338;14;8;9;1330;1;1;1;6;18
201400017339;14;11;20;1730;5;2;1;6;18
201400017341;14;7;9;1;5;1;2;6;18
201400017342;14;11;29;2115;3;1;1;2;18
201400017343;14;1;22;1215;1;1;1;3;18
201400017344;14;6;21;240;3;2;1;6;44
201400017345;14;6;29;2230;2;1;1;6;44
201400017346;14;7;4;1800;1;2;1;6;44
201400017347;14;8;16;1030;1;1;1;7;72
201400017348;14;8;27;1745;1;1;1;7;72
201400017349;14;9;30;845;1;1;1;6;72
201400017350;14;12;20;945;1;1;1;6;72
201400017351;14;1;12;1600;1;1;1;6;72
201400017352;14;9;10;1545;1;2;1;2;72
201400017353;14;2;2;645;3;1;9;6;72
201400017354;14;2;3;1845;2;1;1;7;72
201400017355;14;2;13;2100;5;2;1;6;72
201400017356;14;2;18;2145;3;1;1;6;72
201400017357;14;4;21;1745;1;1;2;1;72
201400017358;14;7;20;945;1;1;2;6;72
201400017359;14;8;26;1500;1;1;6;7;72
201400017360;14;9;4;600;2;1;1;6;72
201400017361;14;1;17;1800;2;1;1;3;72
201400017362;14;3;30;600;3;2;1;6;72
201400017363;14;3;27;1845;1;1;1;6;72
201400017364;14;4;24;1445;1;2;1;1;65
201400017365;14;5;4;945;1;1;7;3;83
201400017366;14;5;23;730;1;2;1;3;83
201400017367;14;6;30;1700;1;2;1;6;83
201400017368;14;7;15;1800;1;1;1;1;83
201400017369;14;7;16;1230;1;1;1;1;83
201400017370;14;7;22;615;2;1;1;7;83
201400017371;14;7;24;1430;1;1;1;7;83
201400017372;14;9;2;2000;5;2;1;6;83
201400017373;14;9;14;845;1;1;1;6;83
201400017374;14;10;5;900;1;2;2;1;83
201400017375;14;12;19;2000;5;2;8;7;83
201400017376;14;12;24;1800;5;1;2;1;83
201400017378;14;3;16;1430;1;1;1;3;83
201400017379;14;6;29;1335;1;1;1;3;83
201400017380;14;9;9;1340;1;1;2;6;83
201400017381;14;12;21;1415;1;1;1;6;83
201400017382;14;1;31;1400;1;1;1;7;60
201400017383;14;4;2;1045;1;2;1;2;60
201400017385;14;12;31;2300;5;1;1;1;60
201400017387;14;7;19;930;1;1;1;1;60
201400017388;14;9;24;1500;1;1;8;6;60
201400017389;14;12;14;1145;1;1;8;6;60
201400017390;14;3;3;1245;1;1;1;6;60
201400017391;14;5;7;845;1;1;2;6;60
201400017392;14;8;19;1000;1;1;1;1;60
201400017393;14;8;28;1545;1;2;1;1;60
201400017394;14;11;24;1545;1;2;8;1;60
201400017395;14;6;22;1645;1;1;1;6;60
201400017396;14;10;13;930;1;1;1;6;91
201400017397;14;10;21;2115;3;1;1;1;91
201400017398;14;11;9;1830;2;1;2;3;91
201400017399;14;12;3;815;1;1;4;6;91
201400017400;14;1;8;900;1;2;1;6;91
201400017401;14;3;16;945;1;1;1;6;91
201400017402;14;3;18;2100;3;1;1;3;91
201400017403;14;3;30;1630;1;1;1;1;91
201400017404;14;4;7;615;2;1;1;7;19
201400017405;14;6;1;430;5;2;1;6;19
201400017406;14;6;17;845;1;1;1;7;19
201400017407;14;6;18;415;3;1;1;7;19
201400017408;14;8;14;900;1;2;1;6;19
201400017409;14;8;31;1730;1;1;7;3;19
201400017410;14;9;12;1930;2;1;1;3;19
201400017411;14;11;10;1645;1;2;1;6;19
201400017412;14;12;12;1845;5;2;1;1;19
201400017413;14;12;21;515;3;1;1;6;19
201400017414;14;1;8;2030;3;1;1;6;19
201400017415;14;2;7;1145;1;1;6;3;19
201400017416;14;4;10;200;3;1;2;6;19
201400017417;14;4;12;1945;1;1;1;2;19
201400017418;14;5;10;930;1;1;1;1;19
201400017419;14;5;14;1100;1;1;1;1;19
201400017420;14;5;18;1210;1;1;9;3;19
201400017421;14;7;6;1815;1;1;2;6;19
201400017422;14;7;19;1800;1;1;4;3;19
201400017423;14;8;5;815;1;1;1;7;19
201400017424;14;8;26;2230;3;2;1;6;19
201400017425;14;9;15;730;2;1;1;6;19
201400017426;14;10;4;1015;1;1;2;6;19
201400017427;14;12;18;1200;1;1;2;3;19
201400017428;14;12;19;945;1;1;2;6;19
201400017429;14;1;11;1530;1;2;1;1;19
201400017430;14;1;17;1730;1;2;1;3;19
201400017431;14;1;23;15;3;1;2;6;19
201400017432;14;2;20;1945;3;1;2;3;19
201400017433;14;3;21;1100;1;2;1;6;19
201400017434;14;5;14;1945;1;1;1;7;19
201400017435;14;6;1;1815;1;1;1;6;19
201400017436;14;8;29;1530;1;2;1;7;19
201400017437;14;10;30;1345;1;2;1;6;19
201400017438;14;12;22;2245;5;2;5;3;19
201400017439;14;7;10;915;1;1;2;6;19
201400017440;14;8;30;915;1;1;1;6;19
201400017441;14;12;24;1245;1;1;8;4;19
201400017442;14;5;8;2000;2;1;1;3;19
201400017443;14;7;25;2215;3;1;1;7;19
201400017444;14;3;3;1830;2;2;1;1;19
201400017445;14;3;5;1745;1;1;1;6;19
201400017446;14;3;16;1045;1;2;1;2;19
201400017447;14;7;25;1130;1;1;1;6;19
201400017448;14;8;30;1745;1;1;1;6;19
201400017449;14;10;9;715;3;1;3;7;19
201400017450;14;2;2;1400;1;2;1;6;19
201400017451;14;4;25;1030;1;2;8;6;19
201400017452;14;5;18;1515;1;1;1;1;19
201400017453;14;6;30;1145;1;2;1;6;19
201400017454;14;9;24;730;2;1;1;3;19
201400017455;14;11;9;2030;3;1;2;6;19
201400017456;14;11;21;1045;1;1;1;1;19
201400017457;14;2;17;845;1;2;7;6;19
201400017458;14;3;9;1015;1;2;1;3;19
201400017459;14;3;21;15;3;1;1;6;19
201400017460;14;4;2;345;3;1;1;7;19
201400017461;14;4;8;2130;3;1;1;1;19
201400017462;14;5;16;1900;1;2;1;3;19
201400017463;14;5;21;1500;1;1;1;3;19
201400017464;14;7;21;1530;1;2;1;6;19
201400017465;14;7;30;1830;1;1;1;3;19
201400017466;14;8;8;1600;1;1;1;6;19
201400017467;14;9;27;1415;1;2;1;1;19
201400017468;14;11;4;1745;3;1;1;6;19
201400017469;14;11;18;715;2;2;3;6;19
201400017470;14;11;26;1715;2;2;1;1;19
201400017471;14;3;8;715;1;1;1;6;19
201400017472;14;5;17;1600;1;1;1;3;19
201400017473;14;5;31;1100;1;1;1;5;19
201400017474;14;6;22;1015;1;2;1;2;19
201400017475;14;9;23;345;3;1;1;1;19
201400017476;14;11;21;400;3;1;1;7;19
201400017477;14;2;8;2220;5;1;1;3;19
201400017478;14;8;2;1740;1;2;1;2;19
201400017479;14;10;23;900;1;1;1;6;19
201400017480;14;1;31;1930;5;2;1;3;19
201400017481;14;5;19;1900;1;1;1;6;19
201400017482;14;6;22;1145;1;1;1;7;19
201400017483;14;8;13;1815;1;2;1;1;19
201400017484;14;2;25;830;1;1;1;1;19
201400017485;14;5;5;1815;1;1;1;2;19
201400017486;14;9;23;2200;5;1;1;6;19
201400017487;14;1;18;1500;1;1;2;1;19
201400017488;14;1;30;730;5;2;3;6;19
201400017489;14;2;12;1;3;1;2;6;19
201400017490;14;4;16;1715;1;1;1;7;19
201400017491;14;7;22;1215;1;1;1;2;19
201400017492;14;9;6;1900;1;1;1;3;19
201400017493;14;9;22;900;1;2;1;3;19
201400017494;14;11;19;1900;3;1;1;6;19
201400017495;14;12;12;1800;3;2;1;4;19
201400017496;14;1;1;400;3;1;1;6;19
201400017497;14;1;12;1530;1;1;1;7;19
201400017498;14;6;27;2000;1;1;1;6;19
201400017499;14;7;1;1600;1;2;1;3;19
201400017500;14;7;12;1120;1;1;1;1;19
201400017501;14;2;12;1900;3;1;1;6;19
201400017502;14;4;1;2245;3;1;1;6;19
201400017503;14;10;16;1315;1;1;1;6;19
201400017504;14;7;8;1100;1;1;2;5;19
201400017505;14;10;17;1130;1;2;1;3;19
201400017506;14;9;29;845;1;1;1;1;19
201400017507;14;10;23;1630;1;1;1;7;19
201400017508;14;12;5;1115;1;1;4;7;19
201400017509;14;3;29;1500;1;1;1;6;19
201400017510;14;5;10;1245;1;1;1;5;19
201400017511;14;9;1;1645;1;1;1;1;19
201400017512;14;10;17;1400;1;1;1;3;19
201400017513;14;11;29;1245;1;1;1;1;19
201400017514;14;3;10;2030;5;2;1;7;19
201400017515;14;7;20;1545;1;2;1;6;19
201400017516;14;2;10;745;2;2;2;6;19
201400017517;14;3;11;1830;2;2;1;3;19
201400017518;14;6;25;1130;1;1;1;3;19
201400017519;14;6;27;1345;1;2;1;3;19
201400017520;14;9;17;745;1;2;1;3;19
201400017521;14;10;18;1800;1;1;1;3;19
201400017522;14;6;8;2030;1;1;1;6;19
201400017523;14;11;12;1515;1;1;1;1;19
201400017524;14;6;21;1430;1;1;1;6;19
201400017525;14;7;6;1200;1;1;2;1;19
201400017526;14;11;12;1045;1;2;1;7;19
201400017527;14;2;27;1300;1;2;2;3;19
201400017528;14;3;16;1715;1;1;1;6;19
201400017529;14;9;15;915;1;1;7;1;19
201400017530;14;9;27;1915;1;1;1;3;19
201400017531;14;11;23;1800;5;2;8;1;19
201400017532;14;12;9;545;3;1;9;6;19
201400017533;14;1;18;1915;5;2;1;1;19
201400017534;14;4;4;1745;1;1;1;7;19
201400017535;14;2;9;715;2;1;1;1;19
201400017536;14;2;12;915;1;1;1;7;19
201400017537;14;3;6;1145;1;1;7;6;19
201400017538;14;3;21;830;1;1;2;6;59
201400017539;14;8;12;930;1;1;1;1;59
201400017540;14;9;25;730;2;1;5;3;59
201400017541;14;10;3;1215;1;1;1;6;59
201400017542;14;1;14;50;5;2;8;6;59
201400017543;14;2;23;630;2;1;9;6;59
201400017544;14;3;1;1430;1;1;1;7;59
201400017545;14;3;9;1545;1;1;7;7;59
201400017546;14;3;11;1615;1;1;1;1;59
201400017547;14;4;10;1200;1;2;1;6;59
201400017548;14;5;4;930;1;1;1;1;59
201400017549;14;6;24;745;1;1;1;1;59
201400017550;14;6;27;2030;1;1;1;3;19
201400017551;14;9;12;1915;2;1;7;6;19
201400017552;14;10;2;300;5;1;1;6;19
201400017553;14;9;21;2215;3;1;1;6;19
201400017554;14;10;24;1945;3;1;2;3;19
201400017555;14;11;3;1645;1;1;3;1;19
201400017556;14;12;1;800;1;1;1;1;19
201400017557;14;12;9;1845;5;2;1;6;19
201400017558;14;12;16;800;2;1;5;5;19
201400017559;14;12;19;800;3;1;2;1;19
201400017560;14;1;3;745;2;1;1;1;19
201400017561;14;2;11;745;2;2;1;3;19
201400017562;14;3;5;900;1;2;1;3;19
201400017563;14;3;11;1600;1;2;1;3;19
201400017564;14;5;1;1100;1;2;2;6;19
201400017565;14;5;13;1200;1;1;1;6;19
201400017566;14;2;18;1715;1;1;1;3;19
201400017567;14;12;19;2130;5;1;1;6;19
201400017568;14;3;1;1415;1;1;1;3;19
201400017569;14;3;1;1800;2;1;1;1;19
201400017570;14;8;18;2015;1;1;1;3;19
201400017571;14;10;3;1415;1;2;1;5;19
201400017572;14;10;19;1830;2;2;1;1;19
201400017573;14;10;27;1800;2;2;1;6;19
201400017574;14;11;14;1815;5;2;2;3;68
201400017575;14;11;24;1445;2;1;1;1;68
201400017576;14;3;21;2100;5;2;1;1;68
201400017577;14;4;30;200;5;2;8;6;68
201400017578;14;5;1;1145;1;2;2;6;68
201400017579;14;5;5;1215;1;1;1;3;21
201400017580;14;6;15;2015;1;2;1;6;42
201400017581;14;7;26;1245;1;2;1;7;42
201400017582;14;8;20;1130;1;1;7;3;42
201400017583;14;9;14;1115;1;2;1;7;22
201400017584;14;10;17;1845;5;2;3;5;22
201400017585;14;12;8;800;2;1;9;1;22
201400017586;14;12;31;1815;5;2;1;1;22
201400017587;14;7;16;1530;1;1;1;1;22
201400017588;14;7;25;130;3;2;1;6;22
201400017589;14;8;7;545;2;2;2;1;22
201400017590;14;8;19;2100;1;2;1;6;22
201400017591;14;9;7;2045;4;2;1;2;22
201400017592;14;10;5;645;2;2;1;6;22
201400017593;14;10;27;1700;1;2;7;6;22
201400017594;14;11;21;1700;2;2;1;6;22
201400017595;14;1;12;1830;3;1;1;1;22
201400017596;14;2;20;815;1;1;2;3;22
201400017597;14;2;20;1930;5;2;2;6;22
201400017598;14;3;10;800;1;1;1;2;22
201400017599;14;4;16;1930;1;1;7;3;22
201400017600;14;5;26;700;1;1;2;1;22
201400017601;14;8;7;1830;1;1;1;1;22
201400017602;14;9;24;1600;1;2;1;1;22
201400017603;14;12;16;1230;1;1;1;1;22
201400017604;14;2;17;1915;5;2;1;2;22
201400017605;14;4;30;730;1;1;1;6;22
201400017606;14;4;30;1930;2;1;1;6;22
201400017607;14;5;14;715;1;2;1;6;22
201400017608;14;8;30;1730;1;2;1;3;22
201400017609;14;10;14;1900;1;2;1;6;22
201400017610;14;12;26;1130;1;2;1;3;22
201400017611;14;7;16;1530;1;1;1;7;22
201400017612;14;10;19;1545;1;1;1;4;22
201400017613;14;10;20;730;2;2;1;7;22
201400017614;14;11;1;1145;1;1;1;7;22
201400017615;14;7;11;530;2;1;1;7;22
201400017616;14;7;21;1745;1;2;1;2;22
201400017617;14;7;23;1130;1;2;1;6;22
201400017618;14;8;10;1945;2;1;3;7;22
201400017619;14;1;9;2115;3;1;1;7;22
201400017620;14;3;10;1045;1;1;1;1;22
201400017621;14;4;4;1830;1;1;1;3;22
201400017622;14;4;9;30;5;2;1;1;22
201400017623;14;4;18;2045;3;1;1;1;22
201400017624;14;5;16;2315;3;1;1;1;22
201400017625;14;5;23;2130;3;1;1;6;22
201400017626;14;6;7;1030;1;2;1;2;22
201400017627;14;6;25;1015;1;1;1;3;22
201400017628;14;7;2;1745;1;2;1;7;22
201400017629;14;7;8;1800;1;1;1;7;22
201400017630;14;7;23;445;3;1;1;6;22
201400017631;14;8;4;2330;3;1;1;1;22
201400017632;14;8;10;1200;1;1;1;1;22
201400017633;14;8;10;1900;1;1;1;1;22
201400017634;14;9;11;2215;3;1;1;6;22
201400017635;14;9;24;2000;3;1;1;1;22
201400017636;14;9;29;2145;3;2;1;6;22
201400017637;14;11;25;1915;5;1;3;6;22
201400017638;14;12;13;1215;1;1;1;7;22
201400017639;14;7;22;1700;1;1;1;1;22
201400017640;14;8;18;2245;3;1;1;6;22
201400017641;14;9;10;1430;1;2;2;6;22
201400017642;14;10;21;1130;1;1;3;1;22
201400017643;14;10;28;1715;2;1;2;7;22
201400017644;14;1;15;1900;4;2;1;6;22
201400017645;14;3;16;1415;1;2;1;1;22
201400017646;14;6;15;1045;1;1;1;7;22
201400017647;14;8;9;1115;1;2;1;4;22
201400017648;14;8;13;1430;1;1;1;1;22
201400017649;14;10;8;1130;1;1;1;3;22
201400017650;14;10;22;1445;1;1;1;6;22
201400017651;14;2;21;1345;1;1;1;1;22
201400017652;14;3;27;1500;1;1;1;1;22
201400017653;14;6;21;1030;1;1;1;2;22
201400017654;14;10;29;800;1;1;1;1;22
201400017655;14;7;14;1700;1;1;1;3;22