Num_Acc;an;mois;jour;hrmn;lum;agg;atm;col;dep
201400017656;14;9;24;445;3;1;5;6;22
201400017657;14;10;9;1630;1;1;1;3;22
201400017658;14;6;4;2130;1;1;1;3;22
201400017659;14;1;27;1130;1;2;2;6;22
201400017660;14;3;5;1130;1;1;1;6;22
201400017661;14;4;12;1930;1;2;1;3;22
201400017662;14;4;12;1530;1;1;1;3;22
201400017663;14;5;4;1745;1;1;1;3;22
201400017664;14;6;1;1745;1;2;1;3;22
201400017665;14;6;11;1500;1;1;1;2;22
201400017666;14;6;24;1900;1;2;1;3;22
201400017667;14;7;19;1815;1;1;1;3;22
201400017668;14;7;30;1045;1;2;1;3;22
201400017669;14;9;21;1745;1;1;1;3;22
201400017670;14;10;23;2000;5;1;1;3;22
201400017671;14;12;29;2015;5;2;9;3;22
201400017672;14;1;15;1515;1;2;2;1;22
201400017673;14;3;21;1430;1;1;1;2;22
201400017674;14;7;11;1700;1;2;1;6;22
201400017675;14;12;18;945;1;1;2;3;22
201400017676;14;3;1;1430;1;1;1;3;22
201400017677;14;9;11;1730;1;1;7;1;22
201400017678;14;12;9;645;3;1;1;3;22
201400017679;14;5;5;1045;1;1;1;2;22
201400017680;14;5;17;1615;1;1;1;6;22
201400017681;14;10;4;30;3;1;1;6;22
201400017682;14;10;30;2200;3;1;1;3;22
201400017683;14;11;1;1900;3;1;1;1;22
201400017684;14;11;10;1530;1;1;1;1;22
201400017685;14;12;5;2015;3;1;2;1;22
201400017686;14;1;26;1715;1;1;8;6;22
201400017687;14;2;6;2000;3;1;3;6;22
201400017688;14;4;8;745;1;1;2;3;22
201400017689;14;10;24;1130;1;1;1;3;22
201400017690;14;11;14;1000;1;2;7;6;22
201400017691;14;11;14;1900;4;1;1;5;22
201400017692;14;4;6;1545;1;1;1;1;22
201400017693;14;7;16;1130;1;2;1;1;22
201400017694;14;4;30;1700;1;2;1;3;22
201400017695;14;4;2;1745;1;2;1;6;22
201400017696;14;10;24;2200;3;1;1;7;22
201400017697;14;7;14;1600;1;1;1;1;22
201400017698;14;6;11;1215;1;2;7;2;22
201400017699;14;12;8;1815;1;1;1;5;22
201400017700;14;6;22;700;1;2;1;6;22
201400017701;14;3;24;1645;1;2;1;6;22
201400017702;14;3;29;1715;1;2;1;3;22
201400017703;14;8;6;1145;1;2;8;7;22
201400017704;14;10;10;715;2;2;1;3;22
201400017706;14;10;12;1815;1;1;2;6;22
201400017707;14;1;22;1815;4;2;1;2;22
201400017708;14;3;18;1145;1;2;1;6;22
201400017709;14;6;2;2000;1;2;1;1;22
201400017710;14;12;31;1815;3;1;1;3;22
201400017711;14;4;11;1705;1;1;1;2;22
201400017712;14;7;14;1220;1;2;1;6;22
201400017713;14;11;30;1645;2;1;1;2;22
201400017714;14;1;12;430;3;1;1;6;22
201400017715;14;1;31;630;3;1;8;6;22
201400017716;14;5;26;2205;3;1;2;3;22
201400017717;14;11;12;1630;1;2;1;1;22
201400017718;14;1;30;900;1;1;1;6;22
201400017719;14;3;8;1530;1;1;1;6;22
201400017720;14;4;10;2130;5;1;1;1;22
201400017721;14;6;2;1400;1;1;1;1;22
201400017722;14;6;22;1100;1;2;1;2;22
201400017723;14;9;17;430;5;2;1;6;22
201400017724;14;2;28;915;1;1;7;3;22
201400017725;14;2;4;1300;1;1;6;7;22
201400017726;14;6;24;2110;5;2;1;7;22
201400017727;14;6;26;1115;1;1;1;7;22
201400017728;14;8;21;1830;1;2;1;6;22
201400017729;14;9;3;745;1;1;5;1;22
201400017730;14;9;19;1040;1;1;1;3;22
201400017731;14;10;1;1515;1;1;1;2;22
201400017732;14;10;1;2200;3;1;3;3;22
201400017733;14;10;17;1650;1;1;1;6;22
201400017734;14;10;18;2330;3;1;1;3;22
201400017736;14;7;21;2230;3;1;1;7;22
201400017737;14;1;7;1900;3;1;1;3;22
201400017738;14;3;29;1415;1;2;1;1;22
201400017740;14;6;1;115;3;1;1;6;22
201400017741;14;6;8;1715;1;1;1;3;22
201400017742;14;7;2;1100;1;2;1;2;22
201400017744;14;9;21;1745;1;1;1;3;22
201400017746;14;12;1;815;2;1;1;6;22
201400017747;14;7;15;1515;1;1;1;1;22
201400017748;14;7;20;220;3;1;1;7;22
201400017750;14;1;4;1824;5;2;2;6;22
201400017751;14;2;9;1745;1;1;8;3;22
201400017752;14;2;10;1230;1;1;8;1;22
201400017753;14;7;15;1245;1;1;1;5;22
201400017754;14;9;1;1800;1;1;7;3;22
201400017757;14;3;23;115;3;1;2;6;22
201400017758;14;4;27;1230;1;1;2;6;22
201400017759;14;5;15;600;2;1;1;6;22
201400017760;14;6;9;1945;1;2;2;7;22
201400017761;14;12;24;1145;1;1;2;1;22
201400017762;14;10;3;815;1;2;1;2;22
201400017763;14;4;6;300;3;1;1;6;22
201400017764;14;8;16;1430;1;1;2;1;22
201400017765;14;2;27;745;1;1;9;1;22
201400017766;14;8;6;1615;5;2;1;6;22
201400017767;14;3;21;1245;1;1;1;6;22
201400017768;14;7;13;1015;1;2;1;2;22
201400017769;14;8;23;145;5;1;1;1;22
201400017770;14;11;24;900;1;1;1;1;22
201400017771;14;12;4;800;1;1;8;2;22
201400017772;14;10;23;830;1;1;1;3;22
201400017773;14;7;27;1100;1;1;1;6;22
201400017774;14;8;11;1400;1;1;1;7;22
201400017775;14;10;25;1315;1;1;1;6;22
201400017776;14;8;27;1800;1;1;7;6;22
201400017777;14;2;9;1700;1;1;3;1;22
201400017778;14;5;15;730;1;1;1;1;22
201400017779;14;5;24;545;2;2;1;1;22
201400017780;14;6;21;2045;1;1;1;6;22
201400017781;14;1;5;2130;3;1;2;5;22
201400017782;14;1;8;1900;5;2;1;3;22
201400017783;14;5;7;1945;1;1;1;5;22
201400017784;14;1;10;1645;1;1;1;3;22
201400017785;14;2;22;1030;1;1;3;3;22
201400017786;14;2;14;1815;5;2;6;1;22
201400017787;14;1;26;1015;1;2;1;7;22
201400017788;14;2;5;1930;3;1;2;7;22
201400017789;14;2;24;1600;1;1;1;1;22
201400017790;14;4;20;845;1;2;1;7;22
201400017791;14;6;7;1345;1;2;1;3;22
201400017792;14;1;18;15;3;1;1;1;22
201400017793;14;2;5;1330;1;1;6;3;22
201400017794;14;9;5;830;1;1;1;1;22
201400017795;14;9;18;45;3;1;1;2;22
201400017796;14;9;27;1515;1;2;1;3;22
201400017797;14;10;26;15;3;1;5;6;22
201400017798;14;11;19;1830;2;1;1;3;22
201400017799;14;12;8;1045;1;1;1;6;22
201400017800;14;12;9;1815;3;1;2;2;22
201400017801;14;1;16;1800;2;1;2;1;22
201400017802;14;3;14;1815;1;1;1;7;22
201400017803;14;7;25;1700;1;1;1;7;22
201400017804;14;9;9;715;1;1;1;1;22
201400017805;14;9;12;1530;1;1;7;6;22
201400017806;14;3;20;1700;1;1;1;1;22
201400017807;14;4;13;615;2;2;1;4;22
201400017808;14;4;20;2245;3;1;1;7;22
201400017809;14;5;9;845;1;2;1;3;22
201400017810;14;6;27;800;1;1;1;2;22
201400017811;14;2;3;715;2;1;5;6;22
201400017812;14;2;25;1800;2;2;1;6;24
201400017813;14;6;1;1230;1;1;1;2;24
201400017814;14;5;9;1130;1;2;1;6;24
201400017815;14;6;14;1130;1;1;1;7;24
201400017816;14;7;23;1000;1;1;1;3;24
201400017817;14;8;25;1600;1;1;1;1;24
201400017818;14;5;1;530;3;1;1;7;24
201400017819;14;2;14;1900;3;1;1;7;24
201400017820;14;3;21;1245;1;1;1;3;24
201400017821;14;9;28;1830;1;1;7;2;24
201400017822;14;10;30;1015;1;1;1;1;24
201400017823;14;12;13;1645;2;1;2;7;24
201400017824;14;12;14;745;2;1;2;6;24
201400017825;14;5;13;2330;5;2;1;6;24
201400017826;14;9;26;2115;3;1;1;6;24
201400017827;14;10;23;1800;3;1;1;6;24
201400017828;14;9;30;1130;1;2;3;5;24
201400017829;14;5;18;1145;1;2;1;3;24
201400017830;14;1;1;120;3;1;1;6;24
201400017831;14;1;1;1700;1;1;1;3;24
201400017832;14;3;10;420;3;1;1;6;24
201400017833;14;3;15;1310;1;1;1;6;24
201400017834;14;1;16;1350;1;2;1;7;24
201400017835;14;4;22;1305;1;2;3;7;24
201400017836;14;4;7;1400;1;2;1;3;24
201400017837;14;4;20;430;3;1;2;7;24
201400017838;14;5;21;2115;1;2;1;3;24
201400017839;14;4;24;1945;1;2;1;3;24
201400017840;14;6;1;1535;1;1;1;6;24
201400017841;14;6;7;850;1;1;1;6;24
201400017842;14;6;25;1200;1;2;1;6;24
201400017843;14;2;14;915;1;2;1;3;24
201400017844;14;2;23;1305;1;2;1;3;24
201400017845;14;3;1;850;1;1;1;3;24
201400017847;14;3;11;1820;1;2;1;7;24
201400017848;14;12;11;1645;1;1;1;1;24
201400017849;14;4;17;1625;1;2;1;3;24
201400017850;14;5;1;1950;1;2;1;3;25
201400017851;14;5;21;1905;1;2;1;7;25
201400017852;14;6;5;1600;1;2;1;3;25
201400017853;14;6;13;1711;1;2;1;7;25
201400017876;14;11;17;1750;5;2;2;3;25
201400017877;14;11;20;1120;1;2;1;6;25
201400017880;14;11;27;1805;5;2;1;6;25
201400017884;14;4;16;945;1;1;1;1;25
201400017885;14;9;4;1400;1;1;1;6;25
201400017886;14;3;4;1500;1;2;4;6;25
201400017887;14;12;28;1645;1;2;4;1;25
201400017888;14;3;8;645;1;1;1;6;25
201400017889;14;6;10;730;1;1;7;1;25
201400017890;14;6;24;1615;1;1;1;2;25
201400017891;14;12;11;1430;1;1;2;3;25
201400017892;14;12;17;2015;5;2;1;1;25
201400017893;14;8;30;1045;1;2;1;3;25
201400017894;14;2;14;2045;5;2;1;6;25
201400017895;14;6;30;2130;2;2;1;1;25
201400017896;14;9;4;900;1;1;1;1;25
201400017897;14;10;5;1700;1;1;2;3;25
201400017898;14;3;20;1230;1;1;1;7;25
201400017899;14;5;13;1130;1;1;8;2;25
201400017900;14;5;18;1515;1;1;1;7;25
201400017901;14;6;3;1200;1;1;1;1;25
201400017902;14;8;9;1700;1;1;2;7;25
201400017903;14;9;11;1600;1;1;1;5;25
201400017904;14;9;23;1600;1;1;1;6;25
201400017905;14;1;11;2315;3;1;1;6;25
201400017906;14;10;4;1500;1;2;1;1;25
201400017907;14;8;15;1815;1;1;1;3;25
201400017908;14;1;10;715;2;2;1;6;25
201400017909;14;2;10;1645;1;1;1;1;25
201400017910;14;5;29;1445;1;1;1;2;25
201400017911;14;11;13;1715;2;1;1;1;25
201400017912;14;12;20;830;1;2;1;1;25
201400017913;14;12;23;1530;1;1;1;1;25
201400017914;14;11;24;1315;2;1;2;1;25
201400017915;14;7;2;1700;1;1;1;6;25
201400017916;14;11;14;900;1;1;1;1;25
201400017917;14;12;22;1845;3;1;1;6;25
201400017918;14;8;21;1845;1;2;1;1;25
201400017919;14;6;12;1100;1;1;1;1;25
201400017920;14;8;8;1200;1;1;1;6;25
201400017921;14;3;15;2015;3;1;1;7;25
201400017922;14;4;10;1830;1;1;7;5;25
201400017923;14;6;16;730;1;2;1;1;25
201400017924;14;6;25;1230;1;1;1;3;25
201400017925;14;6;26;1630;1;1;1;3;25
201400017926;14;7;16;1945;1;1;1;3;25
201400017927;14;8;21;515;2;2;1;3;25
201400017928;14;9;3;845;1;2;1;6;25
201400017929;14;11;8;1115;1;2;1;1;25
201400017930;14;1;31;1630;1;2;7;3;25
201400017931;14;10;4;15;5;2;1;7;25
201400017932;14;11;10;2315;3;1;2;7;25
201400017933;14;4;2;1445;1;2;1;7;25
201400017934;14;5;8;1000;1;1;1;3;25
201400017935;14;5;28;1545;1;2;1;6;25
201400017936;14;6;2;430;2;1;1;3;25
201400017937;14;8;6;845;1;2;1;3;25
201400017938;14;5;9;715;1;1;8;6;25
201400017939;14;5;12;1000;1;1;1;1;25
201400017940;14;9;4;845;1;1;7;5;25
201400017941;14;10;8;1000;1;1;2;1;25
201400017942;14;1;29;2330;3;1;1;1;25
201400017943;14;4;25;1530;1;1;1;3;25
201400017944;14;5;2;1415;1;1;1;3;25
201400017946;14;7;9;945;2;1;2;6;25
201400017947;14;1;3;1240;1;1;2;1;25
201400017948;14;1;25;1530;1;2;1;3;25
201400017949;14;3;20;1845;1;1;1;3;25
201400017951;14;3;28;2000;5;2;1;6;25
201400017952;14;11;9;1616;1;1;2;7;25
201400017953;14;11;11;330;3;1;5;6;25
201400017954;14;12;20;1915;3;1;3;7;25
201400017956;14;8;15;145;3;1;3;6;25
201400017959;14;1;6;2030;3;1;1;6;25
201400017960;14;1;11;2230;3;1;9;6;25
201400017961;14;1;27;1715;1;1;4;6;25
201400017962;14;3;7;1600;1;2;1;3;25
201400017963;14;7;25;1630;1;1;1;4;25
201400017964;14;8;16;345;3;1;1;6;25
201400017965;14;10;6;1545;1;2;1;1;25
201400017967;14;6;4;200;5;2;1;6;25
201400017968;14;6;11;1730;1;1;1;2;25
201400017969;14;6;25;1620;1;1;1;1;25
201400017970;14;7;6;215;3;1;1;6;25
201400017971;14;9;27;2030;3;1;1;6;25
201400017972;14;12;10;1345;1;1;1;7;25
201400017973;14;6;27;1105;1;1;1;3;25
201400017974;14;1;12;1020;1;1;8;3;25
201400017976;14;12;9;710;5;1;1;6;25
201400017977;14;3;20;1930;2;1;1;3;25
201400017978;14;9;13;745;1;1;1;1;25
201400017979;14;1;22;1445;1;1;3;5;25
201400017980;14;6;18;1145;1;1;2;6;25
201400017981;14;10;11;2345;3;1;1;6;25
201400017982;14;11;22;1745;2;1;1;1;25
201400017983;14;7;12;1730;1;1;1;6;25
201400017984;14;12;29;1430;1;1;1;7;25
201400017985;14;8;27;1715;1;1;1;6;25
201400017986;14;7;24;1830;1;1;7;1;25
201400017987;14;8;30;1115;1;1;1;3;25
201400017988;14;8;27;1600;1;1;1;6;25
201400017989;14;9;13;1345;1;1;1;3;25
201400017990;14;5;31;1800;1;2;7;3;25
201400017991;14;7;10;1200;1;1;2;1;25
201400017992;14;9;18;1645;1;2;3;6;84
201400017993;14;2;21;830;4;2;2;5;84
201400017994;14;10;3;2030;3;1;1;3;84
201400017995;14;3;2;1530;1;1;1;6;84
201400017996;14;4;28;1415;1;1;2;7;84
201400017997;14;5;17;830;1;1;1;4;84
201400017998;14;12;10;1145;1;1;2;6;84
201400017999;14;1;31;115;5;2;8;6;84
201400018000;14;7;22;1115;1;2;1;1;59
201400018001;14;8;10;1530;1;1;1;3;59
201400018002;14;11;25;1745;3;1;1;3;59
201400018003;14;12;17;1600;1;2;2;6;59
201400018004;14;4;12;900;1;1;1;1;59
201400018005;14;4;24;1515;1;2;1;6;59
201400018006;14;8;16;30;3;1;1;6;59
201400018007;14;4;10;1530;1;1;1;1;79
201400018008;14;10;12;1230;1;2;1;6;79
201400018009;14;11;20;1500;1;1;1;1;79
201400018010;14;11;26;1445;1;1;2;6;62
201400018011;14;2;19;815;2;1;2;1;62
201400018012;14;6;21;1330;1;1;1;3;62
201400018013;14;7;19;1500;1;2;1;6;62
201400018014;14;10;21;1330;1;2;3;6;62
201400018015;14;12;23;1800;3;1;1;3;62
201400018016;14;1;31;1715;2;2;8;3;62
201400018017;14;4;22;1635;1;2;1;3;62
201400018018;14;7;5;1400;1;1;8;6;62
201400018019;14;2;6;1645;1;1;2;3;62
201400018020;14;2;13;1245;1;1;2;6;62
201400018021;14;12;2;730;3;1;2;3;62
201400018022;14;12;25;1515;1;2;1;3;62
201400018023;14;6;19;1945;1;1;1;1;62
201400018024;14;7;16;1815;1;1;1;1;59
201400018025;14;2;3;1545;1;1;1;6;59
201400018026;14;1;12;815;2;1;5;1;59
201400018027;14;7;29;745;1;2;1;1;59
201400018028;14;8;10;2015;2;1;1;6;59
201400018029;14;1;8;1745;3;2;1;6;59
201400018030;14;2;16;1945;3;1;1;6;59
201400018031;14;5;6;940;1;1;2;4;59
201400018032;14;9;10;1900;1;1;1;1;59
201400018033;14;9;14;2045;5;2;1;6;74
201400018034;14;11;19;1930;3;1;2;7;74
201400018035;14;4;15;930;1;1;1;6;74
201400018036;14;8;16;1515;1;1;1;6;74
201400018037;14;4;11;1845;1;1;1;5;74
201400018038;14;4;21;1715;1;1;1;3;74
201400018039;14;5;4;1130;1;2;1;7;74
201400018040;14;7;11;1930;1;2;1;1;74
201400018041;14;7;28;1700;1;1;1;1;74
201400018042;14;9;12;1745;1;2;1;1;74
201400018043;14;9;21;530;3;1;2;1;74
201400018044;14;10;4;1045;1;1;1;3;74
201400018045;14;11;13;1830;3;1;1;1;74
201400018046;14;12;12;1745;3;1;3;1;10
201400018047;14;12;25;2045;3;1;8;1;10
201400018048;14;3;14;1830;1;1;1;6;83
201400018049;14;4;30;2110;2;1;1;6;83
201400018050;14;5;31;1500;1;2;1;6;83
201400018051;14;7;17;1130;1;1;1;6;26
201400018052;14;8;31;2030;2;2;8;6;26
201400018053;14;10;24;1645;1;1;1;3;26
201400018054;14;1;15;1345;1;2;2;6;26
201400018055;14;4;17;940;1;2;1;6;26
201400018056;14;9;23;1445;1;2;1;6;26
201400018057;14;10;17;1130;1;2;1;1;26
201400018058;14;10;22;1945;3;1;1;1;26
201400018059;14;11;6;1815;3;1;1;7;26
201400018060;14;5;1;930;1;1;1;3;26
201400018061;14;6;7;2100;1;1;1;1;26
201400018062;14;6;20;1;3;1;1;6;26
201400018063;14;11;7;1845;3;2;1;2;26
201400018064;14;11;9;1100;1;2;3;6;26
201400018065;14;2;26;1930;2;1;2;4;26
201400018066;14;2;16;345;3;1;4;6;26
201400018067;14;4;16;1600;1;1;1;2;26
201400018068;14;8;27;1445;1;1;1;6;26
201400018069;14;6;3;1930;1;1;2;3;26
201400018070;14;6;19;1900;1;1;1;2;26
201400018071;14;6;25;1;3;1;1;6;26
201400018072;14;10;26;1530;1;2;1;1;26
201400018073;14;11;4;1845;4;2;3;5;26
201400018074;14;5;25;1630;1;2;2;3;26
201400018075;14;5;26;1745;1;2;1;1;26
201400018076;14;6;8;1830;1;2;1;6;26
201400018077;14;7;4;1715;1;1;2;3;26
201400018078;14;7;20;1845;1;1;3;3;26
201400018079;14;10;19;445;5;2;1;6;26
201400018080;14;11;4;900;1;1;3;5;26
201400018081;14;1;28;1100;1;1;1;4;26
201400018082;14;6;11;1215;1;2;1;3;26
201400018083;14;6;16;745;1;2;1;5;26
201400018084;14;8;21;1315;1;1;1;1;26
201400018085;14;11;20;1345;1;2;1;1;26
201400018086;14;3;5;1215;1;2;1;3;26
201400018087;14;3;18;1200;1;2;1;6;26
201400018088;14;6;8;2030;1;2;1;3;26
201400018089;14;7;29;930;1;2;3;6;26
201400018090;14;8;29;1615;1;2;1;3;26
201400018091;14;4;30;1700;1;1;1;4;26
201400018092;14;8;23;1730;1;2;1;3;26
201400018093;14;9;6;1400;1;1;1;6;26
201400018094;14;10;25;1530;1;1;1;6;26
201400018096;14;8;23;830;1;1;1;3;26
201400018097;14;12;14;1445;1;1;2;5;26
201400018098;14;1;11;645;3;1;1;1;26
201400018099;14;3;11;1845;3;1;1;3;26
201400018100;14;6;23;1230;1;1;1;1;26
201400018101;14;10;1;2200;3;2;1;7;26
201400018102;14;10;19;1245;1;1;1;3;26
201400018103;14;10;28;1415;1;2;1;2;26
201400018104;14;5;15;1745;1;1;1;5;26
201400018105;14;6;20;830;1;1;1;1;26
201400018106;14;7;21;2000;1;1;8;6;26
201400018107;14;8;8;1230;1;1;1;2;26
201400018108;14;12;20;2200;5;2;1;2;26
201400018109;14;12;25;1745;3;2;1;1;26
201400018110;14;2;7;1715;1;1;4;1;26
201400018111;14;2;28;1930;3;1;2;1;26
201400018112;14;4;8;1000;1;2;1;6;26
201400018113;14;8;28;2315;3;1;1;6;26
201400018114;14;12;4;1445;1;1;1;6;26
201400018115;14;12;9;1545;1;2;1;6;26
201400018116;14;12;26;1030;1;1;1;4;26
201400018117;14;1;31;945;1;1;8;5;26
201400018118;14;5;13;1230;1;1;1;1;26
201400018119;14;6;16;1430;1;2;1;2;26
201400018120;14;6;16;1645;1;1;1;3;26
201400018121;14;6;24;1130;1;1;1;3;26
201400018122;14;8;12;1915;1;1;8;1;26
201400018123;14;8;13;1445;1;1;1;6;26
201400018124;14;10;16;600;2;1;2;3;26
201400018125;14;10;30;1445;1;1;1;2;26
201400018126;14;11;16;845;1;1;1;6;26
201400018127;14;12;14;1545;1;1;1;3;26
201400018128;14;12;20;1230;1;1;1;6;26
201400018129;14;5;25;1645;2;1;1;6;26
201400018130;14;2;9;1515;1;1;8;6;26
201400018131;14;5;22;2330;3;1;1;7;26
201400018132;14;5;31;1515;1;1;1;6;26
201400018133;14;6;29;1400;1;1;8;6;26
201400018134;14;10;11;1545;1;1;1;1;26
201400018135;14;9;30;1615;1;1;7;3;26
201400018136;14;8;31;1615;1;1;1;1;26
201400018137;14;1;6;1630;1;1;1;3;26
201400018138;14;3;10;1800;2;2;1;6;26
201400018139;14;4;10;815;1;1;1;6;26
201400018140;14;4;25;1945;1;2;1;6;26
201400018141;14;7;16;1800;1;2;1;1;26
201400018142;14;11;4;1830;5;2;2;6;26
201400018143;14;12;1;745;3;1;1;4;26
201400018144;14;12;20;1645;1;2;1;3;26
201400018145;14;9;9;1800;1;2;1;6;26
201400018146;14;1;1;1445;2;1;3;6;26
201400018147;14;3;5;1330;1;2;1;6;26
201400018148;14;3;7;630;2;1;1;3;26
201400018149;14;4;7;245;3;1;2;6;26
201400018150;14;4;9;930;1;1;1;3;26
201400018151;14;5;4;1845;1;1;1;1;26
201400018152;14;6;9;1715;1;1;2;6;26
201400018153;14;6;24;2000;2;1;1;3;26
201400018154;14;7;16;1715;1;2;1;3;26
201400018155;14;8;29;1700;1;2;1;2;26
201400018156;14;9;28;1345;1;2;1;3;26
201400018157;14;10;17;2230;2;2;1;6;26
201400018158;14;11;27;1500;1;1;2;3;26
201400018159;14;12;28;1830;3;1;1;6;26
201400018160;14;4;6;1800;1;1;1;1;26
201400018161;14;12;21;615;3;1;1;6;84
201400018162;14;5;12;1445;1;1;3;1;84
201400018163;14;10;19;1200;1;1;8;7;84
201400018164;14;1;16;1200;1;1;4;1;60
201400018165;14;5;15;2015;1;1;1;6;60
201400018166;14;6;17;1500;1;1;1;7;60
201400018167;14;2;23;2315;5;2;1;6;60
201400018168;14;1;4;1530;1;1;4;6;60
201400018169;14;10;3;1545;1;1;1;1;38
201400018170;14;9;3;1915;1;1;1;1;38
201400018171;14;9;28;1845;1;1;1;6;38
201400018172;14;11;8;545;5;2;1;7;38
201400018173;14;5;31;1200;1;2;1;3;38
201400018174;14;6;11;1830;1;1;1;6;38
201400018175;14;8;7;830;1;2;1;1;38
201400018176;14;8;15;900;1;1;1;2;38
201400018177;14;4;5;700;3;1;1;7;38
201400018178;14;4;4;2000;1;1;1;3;38
201400018179;14;6;8;2100;1;1;1;7;38
201400018180;14;6;10;945;1;1;1;7;38
201400018181;14;9;1;1415;1;1;1;6;38
201400018182;14;11;30;1045;1;1;1;7;38
201400018183;14;1;1;700;3;1;3;6;69
201400018184;14;1;14;900;1;1;9;6;58
201400018185;14;2;18;1915;2;1;1;6;58
201400018186;14;2;19;1400;1;1;1;3;58
201400018187;14;10;12;1515;1;1;2;2;58
201400018188;14;12;12;645;3;1;3;6;41
201400018189;14;12;20;1645;1;2;8;3;41
201400018190;14;12;9;845;1;1;9;6;41
201400018191;14;2;18;845;1;1;1;3;41
201400018192;14;5;1;330;3;1;1;6;41
201400018193;14;5;11;1315;1;1;1;3;41
201400018194;14;9;15;1800;1;1;1;1;41
201400018195;14;11;8;1815;3;1;3;6;41
201400018196;14;1;28;830;1;1;8;1;41
201400018197;14;2;6;2000;3;1;3;2;41
201400018198;14;2;9;30;3;1;1;6;41
201400018199;14;3;10;1030;1;2;1;6;41
201400018200;14;3;28;45;3;1;1;6;41
201400018201;14;4;22;1745;1;2;1;6;41
201400018202;14;4;27;530;5;2;1;6;41
201400018203;14;5;22;815;1;2;1;6;27
201400018204;14;6;8;2315;3;1;1;6;27
201400018205;14;6;16;1545;1;1;1;7;27
201400018206;14;7;4;1000;1;2;1;2;27
201400018207;14;7;20;1945;1;1;1;1;27
201400018208;14;8;28;2300;5;2;1;1;27
201400018209;14;10;8;1900;3;1;1;3;27
201400018210;14;10;13;700;3;1;2;3;27
201400018211;14;11;1;200;3;1;1;6;27
201400018212;14;11;3;1815;2;1;2;3;27
201400018213;14;11;8;830;1;1;1;6;27
201400018214;14;11;18;845;1;1;1;1;27
201400018215;14;12;19;845;2;1;2;1;27
201400018216;14;4;17;1700;1;1;1;6;27
201400018217;14;12;4;1815;3;1;1;3;27
201400018218;14;2;4;1100;1;2;7;1;27
201400018219;14;2;21;2230;3;1;2;7;27
201400018220;14;4;14;1900;1;1;1;4;27
201400018221;14;6;22;1615;1;1;1;7;27
201400018222;14;6;28;230;3;1;1;1;27
201400018223;14;9;2;830;1;1;1;1;27
201400018224;14;12;8;1520;1;2;1;7;27
201400018225;14;7;28;900;1;1;1;1;27
201400018226;14;8;8;1945;1;2;8;1;35
201400018227;14;11;19;700;2;2;1;3;27
201400018228;14;12;9;945;1;2;7;1;27
201400018229;14;2;21;1845;3;1;1;6;27
201400018230;14;8;5;1915;1;1;1;3;27
201400018231;14;9;5;1600;1;1;1;1;27
201400018232;14;9;26;815;1;1;1;1;27
201400018233;14;10;4;1330;1;1;1;6;27
201400018234;14;11;5;730;2;1;1;3;27
201400018235;14;12;12;1130;1;1;3;4;27
201400018236;14;12;21;1515;1;2;1;6;27
201400018237;14;1;4;1230;1;1;3;1;27
201400018238;14;5;29;1845;1;1;8;7;27
201400018239;14;7;2;1230;1;1;1;3;27
201400018240;14;8;24;15;5;1;1;6;27
201400018241;14;8;17;945;1;1;1;6;14
201400018242;14;10;19;1215;1;1;1;1;14
201400018243;14;1;25;1915;5;2;1;1;14
201400018244;14;2;21;1515;1;2;1;6;14
201400018245;14;11;6;400;3;1;5;6;14
201400018246;14;1;25;1630;1;2;1;1;14
201400018247;14;4;11;930;1;2;1;6;14
201400018248;14;6;11;1500;1;1;1;6;14
201400018249;14;6;12;730;2;1;1;1;14
201400018250;14;6;10;1700;1;1;1;1;60
201400018251;14;8;13;2145;2;1;1;5;60
201400018252;14;12;15;745;3;1;1;3;60
201400018253;14;1;15;1915;3;1;3;2;60
201400018254;14;2;7;1015;1;2;1;6;60
201400018255;14;4;17;1845;1;1;1;3;60
201400018256;14;10;14;845;1;1;7;1;60
201400018257;14;9;29;815;1;1;2;5;60
201400018258;14;5;1;515;3;1;2;6;60
201400018259;14;8;3;1900;1;1;2;3;60
201400018260;14;4;16;845;1;1;1;1;60
201400018261;14;4;16;1330;1;2;1;6;60
201400018262;14;6;26;1730;1;1;1;3;60
201400018263;14;7;31;800;1;2;1;3;60
201400018264;14;8;23;1700;1;1;1;1;60
201400018265;14;9;16;1815;1;1;1;4;60
201400018266;14;6;3;830;1;2;1;3;60
201400018267;14;9;3;1015;1;2;1;1;60
201400018268;14;12;18;745;2;2;2;1;39
201400018269;14;2;18;2300;3;1;1;7;27
201400018270;14;3;8;1700;1;2;1;6;27
201400018271;14;4;9;1745;1;2;1;3;27
201400018272;14;9;6;1530;1;1;1;7;27
201400018273;14;10;14;2015;5;2;1;7;27
201400018274;14;4;6;730;1;2;1;1;27
201400018275;14;12;19;1915;3;1;2;1;27
201400018276;14;1;10;2200;3;1;1;3;27
201400018277;14;7;10;1415;1;1;2;1;27
201400018278;14;9;5;1745;1;1;1;7;27
201400018279;14;10;4;1700;1;1;1;3;27
201400018280;14;10;25;1630;1;2;1;6;27
201400018281;14;11;13;1015;1;1;8;1;27
201400018282;14;11;25;1600;1;1;1;6;17
201400018283;14;11;1;2245;3;1;1;6;17
201400018284;14;2;27;1430;1;2;1;6;17