Num_Acc;an;mois;jour;hrmn;lum;agg;atm;col;dep
201400018285;14;5;31;930;1;1;1;7;25
201400018286;14;7;12;1445;1;1;2;6;25
201400018287;14;10;7;715;2;1;2;1;25
201400018288;14;6;29;545;2;1;3;1;25
201400018289;14;7;28;1630;1;1;2;2;91
201400018290;14;2;12;900;1;2;1;6;91
201400018291;14;6;6;230;3;1;1;6;91
201400018292;14;3;24;1100;1;1;4;7;91
201400018293;14;4;23;1730;1;1;1;5;91
201400018294;14;12;23;1515;1;2;1;3;91
201400018295;14;4;4;1945;2;2;1;7;91
201400018296;14;9;4;2000;2;1;1;6;91
201400018297;14;9;6;1545;1;2;1;1;91
201400018298;14;3;10;645;2;1;2;6;91
201400018299;14;6;14;1645;1;1;1;3;91
201400018300;14;11;16;2045;3;1;2;2;76
201400018301;14;5;17;1730;1;1;1;6;87
201400018302;14;6;19;2115;1;2;1;1;87
201400018303;14;7;25;1600;1;2;1;6;87
201400018304;14;8;8;945;1;1;1;1;87
201400018305;14;8;8;1000;1;2;2;1;19
201400018306;14;9;21;2015;2;2;1;7;19
201400018307;14;9;27;1000;1;2;1;3;19
201400018308;14;10;17;1800;1;2;1;3;19
201400018309;14;3;14;1800;1;1;1;3;19
201400018310;14;3;24;2115;3;1;1;2;19
201400018311;14;4;5;1700;1;1;1;3;19
201400018312;14;5;10;730;2;1;2;7;19
201400018313;14;5;26;1545;1;1;1;7;19
201400018314;14;6;17;1500;1;1;1;1;19
201400018315;14;7;16;1415;1;1;1;2;59
201400018316;14;9;13;2300;3;1;1;1;59
201400018317;14;9;16;930;1;1;1;6;59
201400018318;14;11;3;700;3;1;3;1;59
201400018319;14;12;21;1145;1;1;1;3;28
201400018320;14;12;24;1745;1;1;2;6;28
201400018321;14;1;26;2300;3;1;1;6;28
201400018322;14;5;9;1230;1;1;8;1;28
201400018323;14;11;12;945;1;1;1;1;28
201400018324;14;11;21;1745;2;1;8;1;28
201400018325;14;3;4;1900;5;2;2;3;28
201400018326;14;3;25;1315;1;1;2;1;28
201400018327;14;4;28;2330;3;1;1;6;28
201400018328;14;5;15;1715;1;1;1;6;28
201400018329;14;7;26;1945;1;1;1;1;28
201400018330;14;10;6;1500;1;1;1;6;28
201400018331;14;10;10;730;2;1;8;3;28
201400018332;14;10;18;1130;1;2;1;6;28
201400018333;14;11;8;745;2;2;2;3;28
201400018334;14;12;12;1700;2;1;2;6;28
201400018335;14;12;15;200;3;1;2;7;28
201400018336;14;12;26;1600;1;1;2;1;28
201400018337;14;3;4;1030;1;2;1;6;28
201400018338;14;3;26;1700;1;1;1;6;28
201400018339;14;4;2;745;1;1;1;1;28
201400018340;14;4;11;1730;3;1;1;1;28
201400018341;14;4;21;115;5;2;1;6;28
201400018342;14;5;16;1500;1;2;1;3;28
201400018343;14;6;3;845;1;1;1;3;28
201400018344;14;7;11;1730;1;1;1;1;28
201400018345;14;7;16;1745;1;1;1;3;28
201400018346;14;7;31;1945;1;1;1;3;28
201400018347;14;8;9;2145;3;1;1;3;28
201400018348;14;8;22;1515;1;1;1;3;28
201400018349;14;9;1;315;3;2;1;6;28
201400018350;14;9;12;1115;1;2;1;6;28
201400018351;14;9;18;1745;1;2;1;6;28
201400018352;14;10;1;1745;1;1;2;3;28
201400018353;14;10;2;900;1;2;1;3;28
201400018354;14;11;10;1915;3;1;1;7;28
201400018355;14;11;27;1030;1;2;1;1;28
201400018356;14;12;26;1200;1;2;2;7;28
201400018357;14;5;27;1815;1;1;1;1;28
201400018358;14;12;27;2015;3;1;2;7;28
201400018359;14;3;23;1000;1;2;1;6;28
201400018360;14;5;5;930;1;1;1;7;28
201400018361;14;9;12;1515;1;1;1;6;28
201400018362;14;2;26;2000;3;1;1;6;28
201400018363;14;7;10;1045;1;1;1;6;28
201400018364;14;7;10;1630;1;2;1;7;28
201400018365;14;8;8;1545;1;1;3;3;28
201400018366;14;12;19;1330;1;1;3;3;28
201400018367;14;1;3;1830;5;2;1;6;28
201400018368;14;1;30;2115;3;1;1;3;28
201400018369;14;4;5;45;3;1;1;6;28
201400018370;14;6;7;1445;1;1;1;7;28
201400018371;14;6;17;1800;1;1;1;3;28
201400018372;14;4;13;1119;1;2;1;3;28
201400018373;14;9;21;1115;2;1;1;1;28
201400018374;14;11;1;1845;3;1;1;1;28
201400018375;14;12;27;1300;1;1;2;3;28
201400018376;14;4;25;1615;1;1;1;2;28
201400018377;14;5;2;1745;1;1;1;6;28
201400018378;14;6;7;2030;1;1;1;1;28
201400018379;14;6;15;1630;1;1;1;6;28
201400018380;14;6;29;45;3;1;1;5;28
201400018381;14;9;9;1930;1;1;1;6;28
201400018382;14;9;29;1930;1;1;1;3;28
201400018383;14;10;16;945;1;1;2;4;28
201400018384;14;1;9;830;2;2;9;2;28
201400018385;14;2;16;1500;1;1;1;3;28
201400018386;14;3;1;1330;1;1;1;3;28
201400018387;14;3;31;1500;1;1;2;1;28
201400018388;14;4;10;1130;1;1;1;2;28
201400018389;14;4;18;1715;1;2;1;3;28
201400018390;14;6;1;1400;1;2;1;1;28
201400018391;14;7;15;1830;1;1;1;1;28
201400018392;14;7;29;1300;1;2;1;3;28
201400018393;14;8;23;1800;1;1;1;6;28
201400018394;14;10;16;1600;1;1;1;1;28
201400018395;14;10;17;1845;1;1;1;3;28
201400018396;14;11;7;1715;1;1;1;1;28
201400018397;14;12;5;830;2;1;9;6;28
201400018398;14;1;6;1600;1;1;1;1;28
201400018399;14;5;9;1740;1;2;1;7;28
201400018400;14;5;30;1515;1;1;1;7;28
201400018401;14;11;19;1700;2;2;2;6;28
201400018402;14;2;28;2215;3;1;8;3;28
201400018403;14;4;9;1900;2;2;1;7;28
201400018404;14;4;28;645;1;2;2;2;28
201400018405;14;10;18;1800;1;2;1;3;28
201400018406;14;8;22;1710;1;1;1;3;28
201400018407;14;3;9;1345;1;1;1;7;28
201400018408;14;7;14;1830;1;1;1;6;28
201400018409;14;11;26;1430;1;1;1;1;28
201400018410;14;2;17;1815;2;2;1;6;28
201400018411;14;4;14;1730;1;1;1;1;28
201400018412;14;4;29;1345;1;1;1;1;28
201400018413;14;7;1;930;1;2;1;6;28
201400018414;14;3;16;1930;2;1;1;7;28
201400018415;14;4;18;1545;1;2;1;1;28
201400018416;14;5;11;1845;1;2;1;6;28
201400018417;14;5;13;1145;1;1;1;1;28
201400018418;14;5;14;745;1;1;1;3;28
201400018419;14;6;8;1700;1;1;1;7;28
201400018420;14;6;11;1600;1;1;1;7;28
201400018421;14;6;24;1800;1;2;1;3;28
201400018422;14;7;1;830;1;1;1;2;28
201400018423;14;7;4;2100;2;1;1;6;28
201400018424;14;6;21;1100;1;1;1;1;28
201400018425;14;9;7;2215;3;1;1;1;28
201400018426;14;9;27;15;3;1;1;6;28
201400018427;14;2;9;1515;1;1;1;1;28
201400018428;14;5;29;1500;1;1;1;7;28
201400018429;14;9;19;1645;1;1;1;6;28
201400018430;14;8;6;1430;1;1;1;6;28
201400018431;14;3;6;530;3;1;1;6;28
201400018432;14;7;28;1730;1;1;1;1;28
201400018433;14;4;4;1745;1;2;1;3;28
201400018434;14;4;16;1400;1;2;1;6;28
201400018435;14;4;25;1830;1;1;1;1;28
201400018436;14;7;4;430;3;1;1;6;28
201400018437;14;7;4;2315;3;1;1;6;28
201400018438;14;7;19;2215;3;1;1;6;28
201400018439;14;10;16;1130;1;2;1;6;28
201400018440;14;10;26;1800;2;1;1;3;28
201400018441;14;11;15;1600;2;2;1;6;28
201400018442;14;12;18;1745;3;2;1;6;28
201400018456;14;6;21;2045;1;1;1;3;28
201400018457;14;7;12;2015;1;1;1;1;28
201400018458;14;8;24;1145;1;1;1;6;28
201400018459;14;1;4;30;3;1;3;7;28
201400018460;14;4;18;1630;1;2;1;6;28
201400018461;14;5;19;1700;1;1;3;6;28
201400018462;14;6;13;1615;1;1;1;1;28
201400018463;14;10;15;1300;1;2;1;6;28
201400018464;14;8;13;2015;1;2;1;3;28
201400018465;14;8;15;2200;3;1;3;6;28
201400018466;14;9;5;945;1;1;1;7;28
201400018467;14;10;3;1830;2;1;7;3;28
201400018468;14;6;17;1700;1;2;1;2;28
201400018469;14;6;20;530;2;1;1;1;28
201400018470;14;8;23;1130;1;1;2;3;28
201400018471;14;1;19;430;3;1;1;6;28
201400018472;14;6;7;1200;1;1;1;2;28
201400018473;14;7;25;845;1;1;1;6;28
201400018474;14;7;31;1115;1;1;1;2;28
201400018475;14;9;1;1145;1;2;1;7;28
201400018476;14;10;1;1145;1;2;1;7;28
201400018477;14;11;7;1745;5;2;1;6;28
201400018478;14;12;16;1045;3;1;2;6;42
201400018479;14;2;4;2315;3;2;2;3;42
201400018480;14;6;7;800;1;2;8;1;42
201400018481;14;6;12;2030;1;1;1;3;42
201400018482;14;7;15;730;1;1;1;1;42
201400018483;14;8;5;1730;1;1;1;3;42
201400018484;14;8;25;1915;1;1;1;4;42
201400018485;14;8;29;1800;1;1;1;3;42
201400018486;14;10;20;830;1;1;5;1;42
201400018487;14;11;13;1315;1;1;1;2;42
201400018488;14;7;18;1630;1;2;1;6;42
201400018489;14;8;19;1730;1;1;1;1;42
201400018490;14;11;12;1545;1;2;1;6;42
201400018491;14;1;4;1230;1;1;1;3;42
201400018492;14;1;14;1645;1;1;7;3;42
201400018493;14;2;22;930;1;1;1;3;42
201400018494;14;6;11;1100;1;1;1;7;28
201400018495;14;6;13;2100;2;1;1;6;28
201400018496;14;9;5;2100;5;2;1;6;28
201400018497;14;8;27;930;1;1;1;6;28
201400018498;14;9;17;1230;1;1;1;6;28
201400018499;14;10;5;415;3;1;2;6;28
201400018500;14;11;2;2015;3;1;3;6;28
201400018501;14;12;13;1345;1;1;8;7;28
201400018502;14;1;2;1515;1;1;2;2;28
201400018503;14;1;9;1330;1;1;6;6;28
201400018504;14;1;20;1400;1;2;1;6;28
201400018505;14;2;25;1030;1;1;1;1;28
201400018506;14;3;15;1330;1;1;1;1;28
201400018507;14;4;1;1115;1;2;1;3;28
201400018508;14;4;12;1430;1;2;1;6;28
201400018509;14;4;21;1800;1;2;1;3;28
201400018510;14;5;25;15;3;1;8;6;28
201400018511;14;6;18;700;1;1;1;1;28
201400018512;14;7;21;745;1;2;1;2;28
201400018513;14;7;25;800;1;2;8;6;28
201400018514;14;8;6;1215;1;1;2;7;28
201400018515;14;8;19;1130;1;1;1;1;28
201400018516;14;8;27;1630;1;1;1;1;28
201400018517;14;8;26;1800;1;1;1;1;28
201400018518;14;9;4;1115;1;1;1;7;28
201400018519;14;9;19;1130;1;2;1;6;28
201400018520;14;9;26;1730;1;1;1;6;28
201400018521;14;9;28;1045;1;1;1;6;28
201400018522;14;10;27;1700;2;1;1;2;28
201400018523;14;11;5;1200;1;2;1;1;28
201400018524;14;11;24;1500;1;2;2;1;28
201400018525;14;1;5;1230;1;1;1;6;28
201400018526;14;1;9;830;1;2;1;6;28
201400018527;14;2;5;1730;2;1;1;1;28
201400018528;14;2;10;800;1;1;2;6;28
201400018529;14;4;5;1830;1;1;1;1;28
201400018530;14;7;6;645;2;1;2;6;28
201400018531;14;8;27;2015;3;1;2;7;71
201400018532;14;9;8;430;3;1;1;7;71
201400018533;14;9;26;1815;1;1;1;7;71
201400018534;14;10;27;330;3;1;5;7;71
201400018535;14;11;15;915;1;1;1;3;71
201400018536;14;12;1;1045;1;1;2;6;71
201400018537;14;1;6;1830;5;2;2;2;95
201400018538;14;1;8;745;2;2;1;6;14
201400018539;14;1;28;1630;1;1;2;7;14
201400018540;14;3;22;2230;3;1;1;7;14
201400018541;14;5;29;800;1;1;1;6;14
201400018542;14;6;2;530;2;1;1;6;22
201400018543;14;6;25;1515;1;1;1;2;22
201400018544;14;6;28;2300;4;2;1;6;22
201400018545;14;7;19;1915;1;1;2;6;22
201400018546;14;7;25;630;1;1;1;6;22
201400018547;14;9;2;1545;1;1;1;4;22
201400018548;14;9;13;2045;3;1;1;7;22
201400018549;14;10;5;45;3;1;1;1;22
201400018550;14;10;7;445;5;2;2;6;22
201400018551;14;10;31;1345;1;1;1;3;22
201400018552;14;2;24;945;1;1;1;6;22
201400018553;14;4;4;1900;2;1;1;6;22
201400018554;14;1;23;1445;1;1;1;6;22
201400018555;14;1;23;1730;1;1;3;3;22
201400018556;14;1;28;1145;1;1;3;3;22
201400018557;14;3;19;1815;1;1;1;1;22
201400018558;14;7;22;800;1;1;1;6;22
201400018559;14;7;28;1845;1;1;1;3;22
201400018560;14;9;2;1915;1;1;1;7;22
201400018561;14;9;10;815;1;1;1;3;22
201400018562;14;9;29;715;2;2;1;3;22
201400018563;14;10;14;1830;2;2;1;3;22
201400018564;14;3;30;1030;1;2;1;7;22
201400018565;14;5;26;730;2;1;1;7;22
201400018566;14;8;22;1545;1;2;3;3;22
201400018567;14;8;30;1345;1;1;1;6;22
201400018568;14;9;9;1645;1;1;1;1;22
201400018569;14;9;29;1830;1;1;1;7;22
201400018570;14;11;16;630;3;1;2;1;22
201400018571;14;12;8;1815;1;1;1;6;22
201400018572;14;12;22;945;1;1;5;7;22
201400018573;14;7;25;2315;3;1;1;6;22
201400018574;14;1;6;1730;2;1;1;3;29
201400018575;14;2;25;1000;1;1;1;6;29
201400018576;14;3;11;1815;1;1;1;1;29
201400018577;14;5;9;1033;1;2;2;1;29
201400018578;14;5;24;415;3;1;1;6;29
201400018579;14;12;13;2230;4;1;1;7;29
201400018580;14;11;8;1415;1;1;1;6;29
201400018581;14;11;19;1515;1;1;1;6;29
201400018582;14;11;26;1730;3;1;2;2;29
201400018583;14;12;4;1915;5;2;1;3;29
201400018584;14;9;23;1315;1;1;1;1;29
201400018585;14;2;15;1900;2;1;1;6;29
201400018586;14;6;2;500;3;1;1;6;29
201400018587;14;11;11;300;3;1;1;6;29
201400018588;14;6;6;1500;1;1;1;6;29
201400018590;14;1;3;1630;1;2;2;6;29
201400018591;14;4;18;1730;1;1;1;3;29
201400018592;14;5;23;1450;1;1;8;1;29
201400018593;14;6;11;805;1;2;1;3;29
201400018594;14;7;27;1300;1;2;1;6;35
201400018595;14;8;2;1730;1;2;1;3;35
201400018596;14;11;8;930;1;1;7;1;35
201400018597;14;11;9;1745;3;1;2;6;35
201400018598;14;8;30;1700;1;1;1;7;35
201400018599;14;9;4;900;1;1;7;1;35
201400018600;14;9;7;1100;1;1;1;6;35
201400018601;14;10;4;1915;2;1;1;6;35
201400018602;14;10;8;715;2;1;1;6;35
201400018603;14;6;12;1600;1;1;3;6;35
201400018604;14;10;17;900;1;2;1;1;10
201400018605;14;2;1;2030;2;1;2;7;10
201400018606;14;2;6;1445;1;1;1;5;10
201400018607;14;5;2;1630;1;1;1;3;10
201400018608;14;5;28;1200;1;1;1;3;10
201400018609;14;6;26;945;1;1;1;6;10
201400018610;14;7;7;1145;1;1;2;5;10
201400018611;14;7;2;1930;1;1;1;6;54
201400018612;14;4;25;2330;5;2;1;1;54
201400018613;14;5;17;945;1;2;1;6;54
201400018614;14;6;17;1800;1;1;1;7;54
201400018615;14;1;12;315;3;1;2;6;54
201400018616;14;1;12;1700;1;2;1;3;54
201400018617;14;2;15;1900;3;1;1;6;54
201400018618;14;3;2;1200;1;1;1;2;54
201400018619;14;6;10;845;1;1;1;4;54
201400018620;14;7;3;1815;1;1;7;1;54
201400018621;14;8;8;1015;1;2;2;6;54
201400018622;14;8;26;1915;1;2;1;3;54
201400018623;14;11;7;2355;3;1;1;1;67
201400018624;14;12;21;800;1;1;1;6;67
201400018625;14;12;29;1415;1;2;7;2;67
201400018626;14;1;26;1345;1;1;2;6;57
201400018627;14;5;30;1830;1;1;1;3;83
201400018628;14;1;20;1900;5;2;2;1;83
201400018629;14;2;16;1500;1;1;7;7;83
201400018630;14;9;26;1545;1;2;1;6;83
201400018631;14;5;23;1630;1;1;1;3;83
201400018632;14;8;15;830;1;1;8;6;83
201400018633;14;8;20;1015;1;1;7;2;40
201400018634;14;1;8;815;3;1;5;6;40
201400018635;14;2;12;1700;1;2;2;3;35
201400018636;14;1;8;745;2;1;5;6;35
201400018637;14;6;29;815;1;2;1;3;35
201400018638;14;8;16;1915;1;1;7;4;35
201400018639;14;1;21;1730;4;1;2;1;35
201400018640;14;1;31;445;3;1;5;6;35
201400018641;14;2;25;1400;1;1;1;6;35
201400018642;14;3;8;1945;3;1;1;7;35
201400018643;14;4;29;1215;1;2;2;3;35
201400018644;14;7;12;1800;1;1;1;3;35
201400018645;14;8;30;800;1;1;1;7;35
201400018646;14;9;16;730;2;1;1;6;35
201400018647;14;10;26;200;3;1;1;6;86
201400018648;14;11;8;900;1;1;8;1;86
201400018649;14;12;2;1345;1;1;8;3;86
201400018650;14;3;29;1430;1;1;1;7;21
201400018651;14;7;3;1845;1;1;1;3;21
201400018652;14;11;28;900;1;2;1;3;21
201400018653;14;8;24;1830;1;1;1;7;21
201400018654;14;9;12;1800;1;1;1;3;21
201400018655;14;10;4;1845;1;1;1;6;21
201400018656;14;10;14;1445;1;1;1;1;21
201400018657;14;4;17;45;3;1;1;6;21
201400018658;14;10;31;1100;1;1;1;7;21
201400018659;14;5;17;1615;1;1;1;7;21
201400018660;14;7;6;915;1;1;3;6;21
201400018661;14;7;26;2045;1;2;1;6;21
201400018662;14;8;22;1400;1;1;1;2;21
201400018663;14;10;29;1330;1;1;1;3;21
201400018664;14;12;5;1745;3;1;2;6;86
201400018665;14;1;10;1830;3;1;5;1;86
201400018666;14;5;4;845;1;1;1;7;86
201400018667;14;7;11;1455;1;2;1;7;10
201400018668;14;11;8;2225;3;2;8;6;10
201400018669;14;4;17;915;1;2;7;6;10
201400018670;14;10;20;915;1;1;1;3;12
201400018671;14;12;23;1230;1;2;2;2;12
201400018672;14;4;12;1445;1;2;1;6;12
201400018673;14;5;3;1230;1;1;1;6;12
201400018674;14;5;28;745;1;1;1;3;12
201400018675;14;7;6;1230;1;1;1;6;12
201400018676;14;9;4;1445;1;1;1;1;64
201400018677;14;10;25;2030;3;1;1;6;64
201400018678;14;12;14;1645;1;1;1;6;64
201400018679;14;4;11;1915;1;1;1;3;64
201400018680;14;5;5;900;1;1;1;3;64
201400018681;14;5;9;1815;1;2;1;1;68
201400018682;14;6;10;1700;1;2;1;3;68
201400018683;14;9;2;1025;1;1;1;5;68
201400018684;14;11;18;1900;3;1;1;3;10
201400018685;14;2;9;615;2;2;1;6;10
201400018686;14;3;8;1715;1;2;1;6;10
201400018687;14;4;4;30;3;2;1;6;10
201400018688;14;5;30;15;3;1;1;7;28
201400018689;14;5;30;115;3;1;1;6;29
201400018690;14;6;10;1900;1;2;1;6;29
201400018691;14;7;12;1215;1;1;8;5;29
201400018692;14;10;1;630;5;1;1;6;29
201400018693;14;8;5;1800;1;1;1;1;29
201400018694;14;8;8;2030;2;1;1;6;29
201400018695;14;1;31;930;1;1;1;1;29
201400018696;14;2;14;730;1;1;1;3;29
201400018697;14;2;26;1700;1;1;1;6;29
201400018698;14;3;13;1015;1;1;5;3;29
201400018699;14;5;24;630;2;2;1;6;29
201400018700;14;7;6;1500;1;2;2;1;29
201400018701;14;8;2;630;1;2;1;6;29
201400018702;14;8;20;845;1;2;1;1;29
201400018703;14;9;26;1315;1;1;1;6;29
201400018704;14;9;27;1045;1;2;1;2;29
201400018705;14;9;23;1800;1;2;1;6;29
201400018706;14;10;2;700;2;1;1;6;29
201400018707;14;10;17;1845;1;2;1;3;29
201400018708;14;10;30;2000;3;1;1;4;29
201400018709;14;11;2;2315;5;2;2;7;29
201400018710;14;11;12;1845;3;1;8;2;29
201400018711;14;12;14;1515;1;1;1;1;29
201400018712;14;2;2;930;1;1;1;3;29
201400018713;14;3;25;1815;1;2;2;6;29
201400018714;14;4;9;2230;4;1;1;6;29
201400018715;14;11;14;945;1;1;1;3;29
201400018716;14;12;6;1615;1;2;1;6;29
201400018717;14;3;22;1430;1;1;1;1;29
201400018718;14;5;17;2045;1;2;1;6;29
201400018719;14;7;17;1600;1;1;1;1;29
201400018720;14;2;16;1700;1;1;1;3;29
201400018721;14;3;30;1215;1;2;1;7;29
201400018722;14;5;8;1515;1;1;1;7;29
201400018723;14;5;11;1215;1;2;1;6;29
201400018724;14;6;25;1400;1;1;1;1;29
201400018725;14;9;8;1745;1;1;3;3;29
201400018726;14;9;17;630;2;1;1;1;29
201400018727;14;10;10;1300;1;1;3;3;29
201400018728;14;10;23;1730;1;2;1;6;29
201400018729;14;11;20;1545;1;2;1;6;29
201400018730;14;12;7;1515;1;1;2;7;29
201400018731;14;4;5;1400;1;1;1;3;29
201400018732;14;5;28;1700;1;1;1;2;29
201400018733;14;8;29;1630;1;2;1;3;29
201400018734;14;10;6;1730;1;1;2;6;29
201400018735;14;11;6;1300;1;1;1;3;29
201400018736;14;12;19;845;1;2;1;2;29
201400018737;14;6;8;900;1;1;1;7;29
201400018738;14;6;16;1500;1;2;7;7;29
201400018739;14;7;9;1945;1;1;3;7;29
201400018740;14;7;18;1130;1;1;1;1;29
201400018741;14;8;9;2015;3;1;1;7;29
201400018742;14;8;20;1745;1;1;1;1;29
201400018743;14;8;26;1600;1;1;1;3;29
201400018744;14;4;28;1445;1;1;1;6;29
201400018745;14;6;27;2215;3;1;1;6;29
201400018746;14;7;17;1200;1;1;1;3;29
201400018747;14;7;30;1915;1;1;1;1;29
201400018748;14;6;30;1500;1;1;1;3;29
201400018749;14;11;8;1315;1;2;1;3;29
201400018750;14;2;12;1015;1;2;1;6;29
201400018751;14;3;23;2300;3;1;8;6;29
201400018752;14;6;14;1915;1;2;1;1;29
201400018753;14;7;17;1630;1;2;1;6;29
201400018754;14;12;17;1700;5;2;3;6;29
201400018755;14;4;25;100;3;1;2;6;29
201400018756;14;4;25;1345;1;1;2;6;29
201400018757;14;8;19;1400;1;1;1;1;29
201400018758;14;6;13;845;1;2;1;6;29
201400018759;14;6;16;1900;1;1;1;6;29
201400018760;14;8;21;1615;1;1;1;6;29
201400018761;14;8;29;245;5;2;1;6;29
201400018762;14;11;4;115;3;1;3;3;29
201400018763;14;11;20;700;2;1;1;2;29
201400018764;14;4;1;1630;1;1;1;6;29
201400018765;14;6;22;1100;1;1;1;3;29
201400018766;14;7;12;1130;1;1;1;6;29
201400018767;14;1;24;1830;3;1;1;6;29
201400018768;14;2;4;1915;5;2;2;3;29
201400018769;14;4;7;600;2;1;1;2;29
201400018770;14;4;26;2115;3;1;2;3;29
201400018771;14;5;10;1545;1;1;1;6;29
201400018772;14;8;17;1545;1;1;1;6;29
201400018773;14;2;17;1600;1;1;1;7;29
201400018774;14;3;13;1745;1;1;1;6;29
201400018775;14;1;17;1800;3;1;1;1;29
201400018776;14;2;11;1030;1;2;1;6;29
201400018777;14;3;16;1545;1;2;1;3;29
201400018778;14;6;7;1630;1;2;1;7;29
201400018779;14;6;26;1815;1;2;1;3;29
201400018780;14;9;7;1015;1;1;7;7;29
201400018781;14;12;15;1015;1;1;7;6;29
201400018782;14;12;17;1345;1;1;2;6;29
201400018783;14;6;4;1800;1;2;1;6;29
201400018784;14;9;3;1600;1;1;1;3;29
201400018785;14;9;27;1830;2;1;7;1;29
201400018786;14;10;26;1100;1;1;1;6;29
201400018787;14;12;1;1745;3;1;2;3;29
201400018788;14;1;14;1900;3;1;1;3;29
201400018789;14;11;11;1745;3;1;1;1;29
201400018790;14;1;23;1945;5;2;2;3;29
201400018791;14;5;11;1630;1;1;1;1;29
201400018792;14;6;11;2030;1;2;1;6;29
201400018793;14;4;29;2230;3;1;3;6;29
201400018794;14;10;30;1730;1;1;1;6;29
201400018795;14;12;23;1845;3;1;4;7;29
201400018796;14;1;30;2015;3;2;1;6;29
201400018797;14;6;9;915;1;1;1;3;29
201400018798;14;10;11;1815;1;2;1;4;29
201400018799;14;10;28;1115;1;1;1;5;29
201400018800;14;5;29;245;3;1;1;6;29
201400018801;14;5;31;1600;1;1;1;6;29
201400018802;14;6;4;1530;1;2;1;2;29
201400018803;14;6;8;2200;3;1;1;3;29
201400018804;14;7;7;1815;1;2;2;6;29
201400018805;14;8;18;945;1;1;1;3;29
201400018806;14;8;29;945;1;1;2;1;29
201400018807;14;11;3;1800;3;1;2;1;29
201400018808;14;11;4;1815;2;1;2;1;29
201400018809;14;12;27;1745;5;2;8;6;29
201400018810;14;9;7;1545;1;1;1;7;29
201400018811;14;3;23;1315;1;2;1;6;29
201400018812;14;7;26;1915;1;1;8;1;29
201400018813;14;11;7;1515;1;1;1;6;29
201400018814;14;9;18;1530;1;1;3;1;29
201400018815;14;10;18;1945;5;1;1;1;29
201400018816;14;8;3;930;1;2;1;1;29
201400018817;14;11;28;630;5;1;1;3;29
201400018818;14;1;20;1315;2;1;2;1;29
201400018819;14;3;7;1700;1;2;7;7;29
201400018820;14;5;17;2030;1;1;1;6;29
201400018821;14;5;25;2230;3;1;1;6;29
201400018822;14;5;29;1545;1;1;1;6;29
201400018823;14;5;30;1430;1;2;1;3;29
201400018824;14;6;1;1715;1;2;1;3;29
201400018825;14;7;18;1015;1;1;1;1;29
201400018826;14;10;27;1400;1;1;1;3;29
201400018827;14;9;6;315;3;1;1;1;29
201400018828;14;1;23;1845;5;2;2;6;29
201400018829;14;3;10;1415;1;2;1;1;29
201400018830;14;3;29;300;5;1;1;6;29
201400018831;14;8;23;2130;3;2;1;7;29
201400018832;14;8;29;800;1;2;8;6;29
201400018833;14;10;30;1030;1;2;1;6;29
201400018834;14;9;2;1245;1;2;1;3;29
201400018835;14;11;17;1115;1;2;2;2;29
201400018836;14;9;20;1345;1;1;1;5;29
201400018837;14;1;6;745;2;1;1;3;29
201400018838;14;7;16;1830;1;2;1;6;29
201400018839;14;8;3;930;1;1;1;6;29
201400018840;14;8;10;1015;1;2;1;6;29
201400018841;14;8;13;5;3;1;2;6;40
201400018842;14;9;17;2115;3;1;1;6;40
201400018843;14;9;19;2000;3;1;1;1;40
201400018844;14;10;21;1;5;2;1;6;29
201400018845;14;12;21;500;3;1;1;6;29
201400018846;14;8;23;2000;2;2;2;3;29
201400018847;14;9;7;1045;1;2;1;6;29
201400018848;14;12;28;2000;3;1;9;6;29
201400018849;14;12;2;830;1;1;5;3;29
201400018850;14;3;28;2330;5;2;1;6;29
201400018851;14;5;7;1045;1;2;1;6;29
201400018852;14;6;14;1645;1;1;1;6;29
201400018853;14;7;7;1545;1;2;1;3;29
201400018854;14;8;16;600;3;2;1;6;29
201400018855;14;5;17;2230;3;1;1;7;29
201400018856;14;6;4;2230;5;1;1;6;29
201400018857;14;7;5;600;2;1;1;1;29
201400018858;14;12;6;2115;5;2;1;3;29
201400018859;14;9;30;1630;1;1;1;6;29
201400018860;14;3;20;1745;1;1;1;1;29
201400018861;14;4;16;1745;1;1;1;1;29
201400018862;14;12;22;1700;1;1;1;6;29
201400018863;14;10;16;1100;1;1;2;6;29
201400018864;14;12;6;2330;3;1;1;7;29
201400018865;14;6;30;1230;1;2;7;6;29
201400018866;14;6;2;1500;1;1;1;1;29
201400018867;14;9;25;1430;1;1;1;7;29
201400018868;14;2;9;1430;1;1;1;1;29
201400018869;14;5;27;1945;1;2;1;6;29
201400018870;14;5;26;1615;1;2;1;3;29
201400018871;14;7;23;1015;1;2;1;6;29
201400018872;14;10;14;1400;1;1;1;1;29
201400018873;14;1;1;15;3;1;1;7;29
201400018874;14;9;19;1330;1;1;1;7;29
201400018875;14;6;22;515;2;1;1;7;29
201400018876;14;7;21;2045;1;1;1;6;29
201400018877;14;8;11;600;2;1;1;6;29
201400018878;14;8;29;1945;1;1;1;2;29
201400018879;14;9;12;1645;1;1;1;2;29
201400018880;14;9;26;1115;2;1;1;2;29
201400018881;14;5;16;630;1;2;1;3;29
201400018882;14;9;15;1800;1;1;1;6;29
201400018883;14;3;17;1945;2;1;1;6;29
201400018884;14;8;20;1900;1;1;1;6;29
201400018885;14;10;29;2245;3;1;1;6;29