Num_Acc;an;mois;jour;hrmn;lum;agg;atm;col;dep
201400018886;14;11;14;1715;2;1;3;2;29
201400018887;14;11;25;2045;3;1;5;1;29
201400018888;14;2;10;1530;1;2;1;6;29
201400018889;14;2;15;2215;3;1;8;6;29
201400018890;14;3;21;1900;2;1;1;3;29
201400018891;14;4;30;2345;3;1;1;1;29
201400018892;14;5;18;1600;1;1;1;6;29
201400018893;14;7;21;1600;1;1;1;6;29
201400018894;14;8;3;715;2;2;1;6;29
201400018895;14;10;6;1330;1;1;1;1;29
201400018896;14;11;17;1930;3;1;2;7;29
201400018897;14;3;14;745;1;1;5;5;29
201400018898;14;3;16;1045;1;2;1;1;29
201400018899;14;4;9;1430;1;1;1;7;29
201400018900;14;4;14;1145;1;1;1;5;29
201400018901;14;6;18;600;1;1;1;7;29
201400018902;14;7;25;1030;1;1;1;3;29
201400018903;14;9;1;230;3;1;1;6;29
201400018904;14;10;31;530;5;1;1;2;29
201400018905;14;12;24;1130;1;1;2;6;29
201400018906;14;1;31;915;1;1;5;3;29
201400018907;14;2;9;545;5;2;6;6;29
201400018908;14;2;23;1645;1;1;1;7;52
201400018909;14;3;3;1400;1;2;8;6;52
201400018910;14;4;25;330;3;1;1;7;52
201400018911;14;6;7;1930;1;1;1;7;52
201400018912;14;6;22;1545;1;2;1;6;52
201400018913;14;7;16;1915;1;1;1;3;52
201400018914;14;7;25;1930;1;2;1;1;52
201400018915;14;8;9;1750;1;1;1;3;52
201400018916;14;9;30;1830;1;2;1;6;52
201400018917;14;1;18;2245;3;1;1;6;52
201400018918;14;2;22;1900;3;1;1;3;52
201400018919;14;3;4;1100;1;2;8;6;52
201400018920;14;7;1;1330;1;1;1;3;57
201400018921;14;9;5;2300;3;2;1;3;76
201400018922;14;10;8;1600;1;1;1;1;76
201400018923;14;10;13;1515;1;1;1;3;76
201400018924;14;12;2;15;3;1;1;6;41
201400018925;14;12;10;815;3;1;2;2;41
201400018926;14;2;15;315;3;2;6;6;41
201400018927;14;5;30;915;1;1;1;2;41
201400018928;14;6;1;1645;1;1;1;1;29
201400018929;14;6;12;1230;1;2;1;1;29
201400018930;14;6;25;1545;1;1;1;5;29
201400018931;14;7;5;845;1;1;1;6;29
201400018932;14;9;7;1200;1;1;1;3;29
201400018933;14;9;21;2045;5;2;1;2;29
201400018934;14;10;26;1915;5;2;1;6;29
201400018935;14;11;25;1730;3;1;2;1;29
201400018936;14;12;8;1415;1;1;1;1;29
201400018937;14;12;17;1200;1;1;2;4;29
201400018938;14;1;13;1715;1;2;1;6;29
201400018939;14;2;7;2045;5;2;1;6;29
201400018940;14;2;18;715;3;1;1;6;29
201400018941;14;2;25;1300;1;2;1;1;29
201400018942;14;3;2;1130;1;2;1;6;29
201400018943;14;3;3;1415;1;1;1;3;29
201400018944;14;3;9;1445;1;2;1;3;29
201400018945;14;3;22;700;2;2;1;6;29
201400018946;14;4;15;845;1;1;1;6;29
201400018947;14;4;29;1230;1;2;1;7;29
201400018948;14;5;9;1830;1;2;1;6;29
201400018949;14;5;13;1645;1;2;1;3;29
201400018950;14;6;1;1745;1;1;1;7;29
201400018951;14;6;30;1830;1;1;1;1;29
201400018952;14;7;7;1800;1;1;1;5;29
201400018953;14;7;11;1615;1;1;2;3;29
201400018954;14;7;31;1700;1;2;1;3;29
201400018955;14;8;3;1145;1;1;8;3;29
201400018956;14;8;17;1915;1;2;2;7;29
201400018957;14;9;13;1115;1;1;1;1;29
201400018958;14;9;22;1645;1;1;1;3;29
201400018959;14;12;7;1245;1;2;8;6;29
201400018960;14;12;14;1415;1;1;1;1;29
201400018961;14;12;27;1545;1;2;7;1;29
201400018962;14;3;9;1415;1;1;1;2;29
201400018963;14;3;9;1130;1;2;1;3;29
201400018964;14;4;1;1715;1;1;1;3;29
201400018965;14;6;26;2045;1;1;1;6;29
201400018966;14;7;22;800;1;1;1;6;29
201400018967;14;8;14;1300;1;1;2;3;29
201400018968;14;9;4;815;1;2;1;6;29
201400018969;14;10;4;2200;3;1;2;6;29
201400018970;14;10;6;1630;1;1;3;3;29
201400018971;14;10;13;1030;1;1;6;6;29
201400018972;14;10;31;1830;3;1;1;1;29
201400018973;14;11;2;530;3;2;1;6;29
201400018974;14;5;11;1100;1;2;2;7;29
201400018975;14;7;1;1030;1;2;1;6;29
201400018976;14;8;7;1115;1;2;1;1;29
201400018977;14;10;4;2200;3;1;2;3;29
201400018978;14;11;14;2300;3;1;8;7;29
201400018979;14;12;8;1545;1;1;1;1;29
201400018980;14;5;27;2015;2;2;1;7;29
201400018981;14;7;9;1945;1;2;2;6;29
201400018982;14;7;18;1900;1;2;7;3;29
201400018983;14;10;3;1830;1;1;1;1;29
201400018984;14;10;17;1115;1;2;1;6;29
201400018985;14;1;18;1815;2;1;1;1;29
201400018986;14;3;14;730;2;1;5;3;29
201400018987;14;4;28;1645;1;2;1;1;29
201400018988;14;5;1;1930;1;2;1;3;29
201400018989;14;5;20;1745;2;1;2;3;29
201400018990;14;5;29;315;5;2;1;6;29
201400018991;14;7;11;1615;1;1;2;1;29
201400018992;14;8;2;2230;3;1;1;7;29
201400018993;14;9;18;1730;1;2;1;1;29
201400018994;14;10;11;115;3;1;1;6;29
201400018995;14;11;6;1200;1;1;1;3;29
201400018996;14;12;13;1600;1;1;2;7;29
201400018997;14;1;16;1730;2;2;2;1;29
201400018998;14;2;19;730;2;1;1;6;29
201400018999;14;8;3;730;1;2;1;6;29
201400019000;14;8;31;1400;1;2;1;3;29
201400019001;14;9;14;1415;1;1;1;1;29
201400019002;14;9;27;2030;3;1;1;7;29
201400019003;14;10;18;1615;1;1;1;7;29
201400019004;14;5;4;2000;1;1;7;3;29
201400019005;14;6;30;1145;1;1;1;1;29
201400019006;14;9;13;1100;1;2;1;2;29
201400019007;14;9;24;1345;1;1;1;6;29
201400019008;14;10;10;2030;3;1;1;6;29
201400019009;14;10;19;1730;1;1;1;1;29
201400019010;14;11;6;1645;1;2;1;1;29
201400019011;14;11;11;2145;5;2;2;3;29
201400019012;14;1;9;900;1;2;1;3;29
201400019013;14;2;17;745;2;2;1;6;29
201400019014;14;3;2;1330;1;1;1;1;29
201400019015;14;3;16;1030;1;2;1;3;29
201400019016;14;8;25;1745;1;1;1;6;29
201400019017;14;10;30;1400;1;1;1;7;29
201400019018;14;11;29;2045;3;1;5;1;29
201400019019;14;12;7;2030;5;2;1;1;29
201400019020;14;2;5;2015;5;2;1;3;29
201400019021;14;6;1;1630;1;1;1;3;29
201400019022;14;6;24;2050;1;1;1;7;29
201400019023;14;12;28;1745;3;1;1;7;29
201400019024;14;3;30;1900;1;2;1;3;29
201400019025;14;4;17;815;1;1;1;3;29
201400019026;14;5;24;530;2;1;1;6;29
201400019027;14;11;14;1100;1;2;2;3;29
201400019028;14;11;26;730;5;2;2;6;29
201400019029;14;2;3;1130;1;1;1;2;29
201400019030;14;5;26;1445;1;1;3;6;29
201400019031;14;6;23;1115;1;1;1;6;29
201400019032;14;8;11;1530;1;2;1;6;29
201400019033;14;5;4;2300;3;1;1;7;29
201400019034;14;5;6;1730;1;1;1;7;29
201400019035;14;1;23;1500;1;1;2;6;29
201400019036;14;1;30;1330;1;1;2;6;29
201400019037;14;6;18;1245;1;1;1;1;29
201400019038;14;4;22;530;3;1;1;7;29
201400019039;14;11;10;1130;1;2;1;3;29
201400019040;14;1;15;1745;4;2;1;3;29
201400019041;14;3;16;30;5;2;1;2;29
201400019042;14;5;30;2200;3;1;1;3;29
201400019043;14;7;29;1730;1;1;1;1;29
201400019044;14;8;5;1630;1;1;1;3;29
201400019045;14;8;24;415;3;1;1;3;29
201400019046;14;9;6;845;1;1;1;1;29
201400019047;14;11;24;1800;3;2;1;2;29
201400019048;14;1;8;1630;1;2;1;6;29
201400019049;14;3;18;830;1;2;8;6;29
201400019050;14;4;18;1515;1;2;1;2;29
201400019051;14;7;16;445;1;2;1;3;29
201400019052;14;7;29;1030;1;1;1;6;29
201400019053;14;8;23;900;1;1;1;1;29
201400019054;14;9;1;1545;1;1;1;5;29
201400019055;14;9;12;1500;1;1;1;7;29
201400019056;14;10;31;2230;5;2;1;1;29
201400019057;14;12;17;645;3;1;1;2;29
201400019058;14;3;13;1300;1;1;1;1;29
201400019059;14;5;20;1200;1;1;1;3;29
201400019060;14;4;28;1645;1;2;1;3;29
201400019061;14;9;27;615;2;2;1;3;29
201400019062;14;3;13;1045;1;1;1;2;29
201400019063;14;4;27;600;2;1;1;7;29
201400019064;14;5;31;1715;1;1;1;6;29
201400019065;14;12;31;1945;3;1;1;5;29
201400019066;14;4;2;2315;3;1;1;6;29
201400019067;14;6;30;2100;1;1;1;7;29
201400019068;14;7;10;1845;1;2;1;6;29
201400019069;14;10;20;1800;1;1;1;3;29
201400019070;14;10;26;1730;1;1;1;6;29
201400019071;14;12;28;930;1;1;1;6;29
201400019072;14;1;12;1200;1;2;1;1;29
201400019073;14;2;18;1145;1;1;1;3;29
201400019074;14;3;6;815;1;1;1;3;29
201400019075;14;4;2;1540;1;2;1;6;29
201400019076;14;4;3;1130;1;1;1;7;29
201400019077;14;4;7;945;1;2;1;2;29
201400019078;14;4;13;945;1;2;1;6;29
201400019079;14;5;9;1745;1;1;1;1;29
201400019080;14;6;7;915;1;1;1;5;29
201400019081;14;7;6;515;2;1;3;7;29
201400019082;14;7;5;530;3;1;2;7;54
201400019083;14;8;5;1345;1;1;1;3;55
201400019084;14;9;2;800;1;1;1;3;57
201400019085;14;10;6;1200;1;2;8;3;60
201400019086;14;2;12;1430;1;1;6;6;60
201400019087;14;7;25;1640;1;1;1;7;60
201400019088;14;8;24;215;3;1;1;7;60
201400019089;14;8;29;345;4;2;1;7;60
201400019090;14;10;17;1815;1;1;1;1;60
201400019091;14;10;31;1200;1;1;1;1;30
201400019092;14;11;19;1600;1;2;1;6;30
201400019093;14;2;19;1930;5;2;1;3;30
201400019094;14;2;28;1600;1;1;9;6;30
201400019095;14;3;13;1306;1;1;1;2;30
201400019096;14;3;28;2025;3;1;1;6;30
201400019097;14;8;11;1745;1;2;1;6;30
201400019098;14;9;2;1845;1;1;7;3;30
201400019099;14;11;7;1215;1;1;2;6;30
201400019100;14;12;12;1945;3;1;8;1;30
201400019101;14;3;20;1600;1;2;1;1;30
201400019102;14;4;13;1945;1;1;1;3;30
201400019103;14;8;2;1545;1;1;3;4;30
201400019104;14;9;5;445;3;1;1;6;30
201400019105;14;9;23;730;2;1;1;3;30
201400019106;14;10;31;1615;1;2;1;3;30
201400019107;14;5;23;1700;1;2;1;1;30
201400019108;14;7;25;1545;1;1;1;3;30
201400019109;14;8;1;1430;1;1;1;6;30
201400019110;14;8;9;2145;2;2;1;6;30
201400019111;14;9;18;1745;1;1;1;6;30
201400019112;14;11;1;2000;3;1;1;7;30
201400019113;14;11;2;910;1;1;1;6;30
201400019114;14;3;28;1545;1;1;1;6;30
201400019115;14;4;17;1520;1;2;1;6;30
201400019116;14;5;6;2045;2;1;1;1;30
201400019117;14;5;9;2045;1;2;1;2;30
201400019118;14;5;16;1145;1;2;1;3;30
201400019119;14;7;9;115;3;1;8;7;30
201400019120;14;8;4;1445;1;1;1;1;30
201400019121;14;10;6;1445;1;1;2;6;30
201400019122;14;10;16;1730;1;2;3;7;30
201400019123;14;10;27;1700;1;2;1;1;30
201400019124;14;11;21;1345;1;1;1;6;30
201400019125;14;11;25;1415;1;2;8;6;30
201400019126;14;12;18;830;2;1;1;1;30
201400019127;14;12;22;445;5;2;1;1;30
201400019128;14;2;12;2015;4;1;3;3;30
201400019129;14;4;4;1745;1;1;8;1;30
201400019130;14;4;9;1730;1;2;1;6;30
201400019131;14;12;16;1630;1;1;1;1;30
201400019132;14;1;26;1430;1;1;3;6;30
201400019133;14;2;12;1900;3;2;3;6;30
201400019134;14;4;20;2245;3;1;1;6;30
201400019135;14;5;8;2000;2;2;1;6;30
201400019136;14;7;19;330;3;1;2;6;30
201400019137;14;8;8;1745;1;1;3;6;30
201400019138;14;10;19;1515;1;1;1;3;30
201400019139;14;2;6;1045;1;1;2;3;30
201400019140;14;7;14;1345;1;1;1;3;30
201400019141;14;10;23;1400;1;1;8;6;30
201400019142;14;3;28;1200;1;1;1;3;30
201400019143;14;10;19;1530;1;2;1;1;30
201400019144;14;12;16;1615;1;1;1;3;30
201400019145;14;6;23;845;1;2;1;1;30
201400019146;14;1;14;930;1;2;7;6;30
201400019147;14;2;13;645;3;1;3;3;30
201400019148;14;6;22;1630;1;1;1;1;30
201400019149;14;7;31;2000;1;2;1;6;30
201400019150;14;11;11;1700;1;1;1;3;30
201400019151;14;4;17;1230;1;1;1;6;30
201400019152;14;5;21;1145;1;1;1;3;30
201400019153;14;6;25;2230;2;1;1;6;30
201400019154;14;7;24;2315;3;1;1;6;30
201400019155;14;10;20;1645;1;2;1;1;30
201400019156;14;11;15;1200;1;1;1;1;30
201400019157;14;12;7;1;3;1;1;6;30
201400019158;14;12;15;1700;3;1;1;1;30
201400019159;14;8;21;1830;1;2;1;6;30
201400019160;14;11;15;1645;2;1;1;2;30
201400019161;14;11;28;715;3;1;1;7;30
201400019162;14;11;30;200;5;1;5;6;30
201400019163;14;9;25;1515;1;1;8;3;30
201400019164;14;3;9;1530;1;1;1;3;30
201400019165;14;4;7;730;1;2;1;3;30
201400019166;14;5;15;1715;1;2;1;6;30
201400019167;14;9;1;1215;1;1;1;1;30
201400019168;14;9;12;2030;5;2;2;3;30
201400019169;14;10;5;715;2;1;8;6;30
201400019170;14;7;22;1530;1;1;1;1;30
201400019171;14;7;28;15;3;1;3;1;30
201400019172;14;4;9;815;1;1;1;1;30
201400019173;14;7;12;415;5;1;8;1;30
201400019174;14;12;8;1730;3;1;2;2;30
201400019175;14;12;18;645;3;1;2;6;30
201400019176;14;1;6;730;2;2;1;6;30
201400019177;14;4;29;1415;1;1;1;6;30
201400019178;14;7;1;1915;1;1;1;1;30
201400019179;14;7;7;1815;1;1;2;5;30
201400019180;14;8;17;1900;1;1;1;5;30
201400019181;14;9;1;1115;1;1;1;1;30
201400019182;14;10;21;745;2;2;2;6;30
201400019183;14;6;16;1845;1;1;1;7;30
201400019184;14;10;7;400;3;1;2;1;30
201400019185;14;10;19;400;3;1;5;7;30
201400019186;14;10;19;1945;3;1;1;7;30
201400019187;14;11;2;1745;3;1;1;2;30
201400019188;14;3;30;355;3;2;1;6;30
201400019189;14;1;24;1030;1;1;1;7;30
201400019190;14;2;14;1830;5;2;1;1;30
201400019191;14;3;28;2000;5;2;1;1;30
201400019192;14;5;22;1415;1;1;1;1;30
201400019193;14;7;1;1430;1;1;1;1;30
201400019194;14;8;9;2315;3;1;1;6;30
201400019195;14;9;7;1500;1;1;1;6;30
201400019196;14;2;3;1645;1;1;1;1;30
201400019197;14;5;6;2230;3;1;2;1;30
201400019198;14;5;30;1000;1;1;1;5;30
201400019199;14;7;2;745;1;1;2;3;30
201400019200;14;10;5;1015;1;2;1;6;30
201400019201;14;10;13;845;1;1;9;4;30
201400019202;14;11;1;945;5;2;1;1;30
201400019203;14;11;5;645;5;2;2;6;30
201400019204;14;12;15;1245;1;1;1;6;30
201400019205;14;12;29;1800;3;1;4;1;30
201400019206;14;3;8;745;1;1;1;6;30
201400019207;14;6;12;2245;3;1;1;1;30
201400019208;14;6;21;2330;5;1;1;3;30
201400019209;14;5;28;645;2;1;1;7;30
201400019210;14;7;18;1715;1;1;1;6;30
201400019211;14;7;18;1845;1;1;1;6;30
201400019212;14;9;24;815;1;1;1;1;30
201400019213;14;10;5;1515;1;1;1;1;30
201400019214;14;4;18;1700;1;1;1;6;30
201400019215;14;6;24;1415;1;2;1;3;30
201400019216;14;2;20;1900;5;2;8;6;30
201400019217;14;4;20;1815;1;1;1;7;30
201400019218;14;8;18;1100;1;2;1;1;30
201400019219;14;10;11;1115;1;2;1;1;30
201400019220;14;10;4;1830;1;1;1;6;30
201400019221;14;2;15;1730;1;1;3;1;30
201400019222;14;6;18;1445;1;2;1;6;30
201400019223;14;7;19;2000;1;1;1;6;30
201400019224;14;8;1;1530;1;2;1;7;30
201400019225;14;8;27;600;2;1;1;1;30
201400019226;14;9;13;1945;1;1;1;5;30
201400019227;14;12;16;745;3;1;8;1;30
201400019228;14;4;11;1745;1;1;1;1;30
201400019229;14;6;12;2015;1;1;1;6;30
201400019230;14;9;26;1130;1;1;1;3;30
201400019231;14;10;3;1115;1;2;1;3;30
201400019232;14;10;7;1315;1;1;1;5;30
201400019233;14;5;21;2015;1;1;3;1;30
201400019234;14;5;25;1415;1;1;1;3;30
201400019235;14;7;14;1100;1;1;1;3;30
201400019236;14;8;24;1100;1;2;1;6;30
201400019237;14;10;23;700;3;1;2;6;30
201400019238;14;1;11;215;3;1;8;6;30
201400019239;14;4;19;1215;1;1;1;6;30
201400019240;14;5;28;1345;1;1;1;3;30
201400019241;14;7;21;1700;1;2;1;6;30
201400019242;14;8;15;1900;1;2;1;7;30
201400019243;14;8;23;515;3;1;1;6;30
201400019244;14;8;28;600;5;2;1;1;30
201400019245;14;9;17;1045;1;2;1;3;30
201400019246;14;9;28;945;1;1;1;3;30
201400019247;14;10;12;1400;1;1;3;6;30
201400019248;14;10;24;1945;5;2;1;6;30
201400019249;14;11;1;1130;1;2;1;7;30
201400019250;14;11;9;1230;1;2;1;6;30
201400019251;14;12;28;630;5;1;2;7;30
201400019252;14;7;25;330;3;1;1;6;30
201400019253;14;1;20;745;3;1;8;1;30
201400019254;14;2;25;1815;1;1;1;1;30
201400019255;14;3;8;300;3;1;5;6;30
201400019256;14;3;27;2130;2;1;8;6;30
201400019257;14;5;31;1130;1;1;1;2;30
201400019258;14;6;18;1045;1;1;1;1;30
201400019259;14;6;27;1030;1;1;2;7;30
201400019260;14;7;15;1600;1;1;1;3;30
201400019261;14;7;24;1815;1;1;1;2;30
201400019262;14;7;31;1845;1;1;1;3;30
201400019263;14;8;25;1615;2;2;3;6;30
201400019264;14;8;29;15;3;2;1;6;30
201400019265;14;9;7;2130;2;1;1;3;30
201400019266;14;9;20;1015;1;1;1;5;30
201400019267;14;9;23;1200;1;1;1;6;30
201400019268;14;9;25;1100;1;1;1;4;30
201400019269;14;9;25;1800;1;2;1;7;30
201400019270;14;9;29;1315;1;1;1;2;30
201400019271;14;12;10;745;5;2;2;1;30
201400019272;14;1;11;1100;1;1;1;3;30
201400019273;14;7;3;2315;3;1;1;3;30
201400019274;14;9;2;1845;1;1;7;1;30
201400019275;14;9;3;915;1;2;7;1;30
201400019276;14;4;21;1600;1;1;1;6;30
201400019277;14;2;23;1030;1;2;1;6;30
201400019278;14;6;22;1200;1;2;1;6;30
201400019279;14;6;21;1530;1;1;1;1;30
201400019280;14;7;4;2215;3;2;3;7;30
201400019281;14;7;12;245;3;1;1;1;30
201400019282;14;7;3;1630;1;2;1;6;30
201400019283;14;10;1;1700;1;1;1;2;30
201400019284;14;9;30;845;1;2;5;6;30
201400019285;14;11;27;1300;1;2;1;3;30
201400019286;14;12;15;1945;5;2;2;3;30
201400019287;14;1;11;815;3;1;1;6;30
201400019288;14;3;8;1615;1;1;1;6;30
201400019289;14;4;18;1600;1;1;1;7;30
201400019290;14;4;24;1830;1;2;1;3;30
201400019291;14;6;19;1900;1;1;1;3;30
201400019292;14;9;18;2145;3;1;1;6;30
201400019293;14;10;30;1215;1;1;1;6;30
201400019294;14;12;29;500;3;1;1;6;30
201400019295;14;5;28;1945;1;1;2;1;30
201400019296;14;8;18;1445;1;1;1;7;30
201400019297;14;11;1;1715;1;1;1;2;30
201400019298;14;11;14;900;1;1;1;6;30
201400019299;14;11;11;930;1;2;1;3;30
201400019300;14;12;10;830;2;2;9;6;30
201400019301;14;7;9;845;1;2;1;6;30
201400019302;14;9;12;1800;1;1;1;5;30
201400019303;14;2;2;300;3;2;1;7;30
201400019304;14;9;14;1630;1;2;1;1;30
201400019305;14;1;8;2000;3;1;2;3;30
201400019306;14;3;9;1230;1;1;1;2;30
201400019307;14;8;4;800;1;1;1;4;30
201400019308;14;9;8;1615;1;2;1;2;30
201400019309;14;10;31;1945;3;1;1;3;30
201400019310;14;12;2;800;2;2;8;3;30
201400019311;14;2;14;1630;1;1;1;1;30
201400019312;14;11;22;1100;1;1;2;1;30
201400019313;14;6;23;1145;1;1;2;5;30
201400019314;14;1;17;1200;1;1;8;5;30
201400019315;14;3;11;2345;3;1;1;6;30
201400019316;14;9;3;930;1;2;1;6;30
201400019317;14;9;7;1915;2;1;7;6;30
201400019318;14;9;11;1430;1;1;1;1;30
201400019319;14;1;14;1830;5;2;8;1;30
201400019320;14;1;17;1700;1;1;1;1;30
201400019321;14;1;19;1500;1;1;1;7;30
201400019322;14;2;4;1330;1;1;1;1;63
201400019323;14;5;4;1215;1;1;1;6;63
201400019324;14;5;25;1130;1;1;1;2;63
201400019325;14;6;7;1330;1;1;1;5;63
201400019326;14;6;7;1830;1;2;1;3;63
201400019327;14;6;12;1245;1;1;1;7;63
201400019328;14;8;22;1715;1;1;1;3;63
201400019329;14;9;1;1915;1;2;1;5;23
201400019330;14;9;1;1800;1;2;1;2;23
201400019331;14;9;28;1630;1;1;1;7;23
201400019332;14;12;19;1845;2;1;8;1;23
201400019333;14;12;20;1515;1;1;8;3;23
201400019334;14;12;25;1645;1;1;1;6;23
201400019335;14;12;28;1045;1;1;1;7;23
201400019336;14;10;1;600;2;2;5;6;23
201400019337;14;10;19;1745;1;2;2;7;23
201400019338;14;11;30;1615;2;1;5;6;23
201400019339;14;12;21;745;2;2;1;6;23
201400019340;14;10;20;830;1;1;1;1;23
201400019341;14;3;27;1145;1;2;1;2;26
201400019342;14;7;25;1800;1;2;1;6;26
201400019343;14;2;4;1800;2;1;1;6;26
201400019344;14;6;2;1600;1;1;1;1;26
201400019345;14;6;4;1630;1;1;3;1;26
201400019346;14;4;10;530;3;1;1;1;26
201400019347;14;9;22;2115;3;1;1;6;26
201400019348;14;10;20;1200;1;1;1;3;26
201400019349;14;12;14;1515;1;1;5;5;26
201400019350;14;3;13;1700;1;1;1;1;26
201400019351;14;7;25;2345;5;2;1;1;26
201400019352;14;11;19;1330;2;1;5;5;26
201400019353;14;8;24;345;3;1;1;6;26
201400019354;14;8;25;1445;1;1;1;6;26
201400019355;14;12;2;815;1;1;2;1;26
201400019356;14;12;7;215;5;2;9;6;26
201400019357;14;5;5;1730;1;1;3;1;26
201400019358;14;6;24;1100;1;1;1;3;26
201400019359;14;6;28;900;1;2;1;3;26
201400019360;14;2;20;1715;1;2;2;3;26
201400019361;14;2;23;245;4;1;5;7;26
201400019362;14;2;24;1945;3;1;1;3;26
201400019363;14;3;3;215;4;2;1;2;26
201400019364;14;3;20;215;3;2;1;2;26
201400019365;14;6;2;830;1;2;1;6;26
201400019366;14;8;11;1745;1;2;1;6;26
201400019367;14;6;9;2215;3;1;8;7;26
201400019368;14;9;28;15;5;2;1;6;26
201400019369;14;2;7;2030;3;1;1;6;26
201400019370;14;2;22;1445;1;2;1;6;26
201400019371;14;7;16;1645;1;1;1;2;26
201400019372;14;7;21;1630;1;1;1;1;26
201400019373;14;10;12;1130;1;1;1;6;26
201400019374;14;2;2;845;1;1;9;1;26
201400019375;14;7;14;2030;1;1;1;2;26
201400019376;14;7;27;1400;1;2;1;6;26
201400019377;14;9;1;915;1;1;1;1;26
201400019378;14;10;10;1645;1;2;1;3;26
201400019379;14;10;24;1615;1;1;1;1;26
201400019380;14;3;8;1730;1;2;1;5;26
201400019381;14;10;9;2200;3;1;1;6;26
201400019382;14;10;13;230;3;1;2;6;26
201400019383;14;1;29;1000;1;1;1;5;26
201400019384;14;2;11;845;1;1;1;6;26
201400019385;14;2;8;1900;5;2;2;1;26
201400019386;14;4;19;930;1;2;1;6;26
201400019387;14;6;15;1245;1;1;1;5;26
201400019388;14;7;20;15;3;1;1;7;26
201400019389;14;11;10;1;3;1;2;6;26
201400019390;14;5;20;1530;1;1;1;1;26
201400019391;14;5;25;1530;1;1;1;7;26
201400019392;14;6;19;1530;1;1;1;6;26
201400019393;14;6;21;1630;1;2;1;7;26
201400019394;14;7;23;1030;1;2;1;3;26
201400019395;14;4;13;945;1;1;1;3;26
201400019396;14;5;15;1845;1;2;1;2;26
201400019397;14;5;31;345;5;2;1;6;26
201400019398;14;7;20;1845;1;1;1;1;26
201400019399;14;10;1;1815;1;1;1;7;26
201400019400;14;10;5;1330;1;1;1;6;26
201400019401;14;10;7;1630;1;2;1;6;26
201400019402;14;3;10;1400;1;2;7;6;26
201400019403;14;3;2;1600;1;1;1;7;26
201400019404;14;3;4;1100;1;2;1;7;26
201400019405;14;3;24;1430;1;2;3;6;26
201400019406;14;2;5;900;1;2;1;6;26
201400019407;14;2;28;1830;2;1;2;5;26
201400019408;14;3;25;1200;1;1;1;3;26
201400019409;14;3;27;1430;1;1;8;1;26
201400019410;14;4;28;1030;1;1;1;4;26
201400019411;14;5;21;1515;1;2;1;2;26
201400019412;14;7;8;1445;1;1;2;3;84
201400019413;14;7;30;1830;1;1;1;2;11
201400019414;14;8;19;1700;1;1;1;3;35
201400019415;14;10;20;1600;1;1;1;3;35
201400019416;14;11;25;815;2;2;2;6;35
201400019417;14;1;13;745;5;2;3;3;35
201400019418;14;3;28;1645;1;2;1;1;35
201400019419;14;10;1;2000;2;2;1;6;35
201400019420;14;1;18;600;5;1;1;6;35
201400019421;14;1;15;900;2;1;3;4;35
201400019422;14;2;11;1700;2;2;3;5;35
201400019423;14;6;18;1130;1;2;1;1;35
201400019424;14;8;8;1830;1;2;8;6;35
201400019425;14;12;5;2045;3;1;9;1;35
201400019426;14;5;31;245;3;1;1;6;35
201400019427;14;12;31;1915;3;1;1;5;35
201400019428;14;1;17;1300;1;1;8;6;27
201400019429;14;5;28;1245;1;2;1;6;27
201400019430;14;7;12;1;3;1;1;7;27
201400019431;14;8;31;1015;1;2;1;3;27
201400019432;14;9;19;1745;1;1;1;6;27
201400019433;14;10;19;730;2;1;5;6;27
201400019434;14;10;24;115;3;1;1;1;62
201400019435;14;11;14;930;1;2;1;3;62
201400019436;14;12;15;1615;1;2;2;6;62
201400019437;14;12;2;1215;1;2;1;6;62
201400019438;14;12;22;1730;3;1;1;2;62
201400019439;14;1;15;1530;1;2;1;6;83
201400019440;14;1;27;730;2;1;1;2;83
201400019441;14;3;2;1645;1;1;1;3;83
201400019442;14;3;7;615;2;2;1;6;83
201400019443;14;3;6;2245;5;2;1;4;83
201400019444;14;3;20;1245;1;1;1;7;83
201400019445;14;4;12;2315;3;1;1;7;83
201400019446;14;6;24;1215;1;1;1;5;83
201400019447;14;9;2;845;1;1;1;3;83
201400019448;14;10;12;1945;3;1;2;6;54
201400019449;14;1;9;730;1;2;1;1;54
201400019450;14;1;24;1745;3;2;1;6;50
201400019451;14;1;28;1930;3;1;1;3;50
201400019452;14;2;15;330;3;1;1;1;50
201400019453;14;3;17;1830;1;1;1;3;55
201400019454;14;4;14;1500;1;2;1;3;55
201400019455;14;4;30;1515;1;2;1;2;55
201400019456;14;5;6;1345;1;1;1;3;67
201400019457;14;5;17;300;5;2;1;6;67
201400019458;14;6;10;1545;1;1;1;1;31
201400019459;14;7;6;445;5;1;1;4;31
201400019460;14;7;19;845;1;1;1;3;31
201400019461;14;7;22;1015;1;2;1;6;31
201400019462;14;7;28;1200;1;2;1;2;31
201400019463;14;7;31;2015;1;1;1;6;31
201400019464;14;8;9;130;5;1;1;3;31
201400019465;14;9;3;1115;1;1;1;1;31
201400019466;14;9;3;230;3;1;1;6;31
201400019467;14;9;7;1745;1;1;1;3;31
201400019468;14;9;6;1230;1;1;1;3;31
201400019469;14;10;27;1930;5;2;1;3;31
201400019470;14;10;29;1000;1;1;1;1;31