Num_Acc;an;mois;jour;hrmn;lum;agg;atm;col;dep
201400019471;14;10;31;2000;3;1;1;2;31
201400019472;14;12;6;1715;5;2;1;1;31
201400019473;14;12;11;800;1;1;1;3;31
201400019474;14;12;20;2015;3;1;1;6;31
201400019475;14;10;13;1045;1;1;1;2;31
201400019476;14;12;20;145;3;1;2;4;31
201400019477;14;1;3;1100;1;1;3;1;31
201400019478;14;1;23;1800;3;1;1;5;31
201400019479;14;2;7;1700;1;2;1;1;31
201400019480;14;5;5;2200;3;1;1;7;31
201400019481;14;7;9;1615;1;1;1;1;31
201400019482;14;7;9;1715;1;2;1;6;31
201400019483;14;7;21;1800;1;1;1;5;31
201400019484;14;10;1;1445;1;1;1;1;31
201400019485;14;2;1;1010;1;2;2;6;31
201400019486;14;12;6;1800;5;2;1;2;69
201400019487;14;1;29;2115;4;1;2;3;69
201400019488;14;1;29;1411;1;1;1;1;69
201400019489;14;1;17;900;1;2;1;1;31
201400019490;14;1;28;1745;3;1;2;4;31
201400019491;14;1;28;1530;1;2;2;6;31
201400019492;14;1;9;1505;1;2;1;6;31
201400019493;14;3;4;1355;1;2;1;6;31
201400019494;14;3;7;625;5;2;1;6;31
201400019495;14;2;6;800;1;2;1;3;31
201400019496;14;2;6;1730;2;2;1;6;31
201400019497;14;2;8;1855;5;2;1;6;31
201400019498;14;2;5;2013;3;1;1;5;31
201400019499;14;2;11;1415;1;2;2;6;31
201400019500;14;2;4;505;3;1;1;7;31
201400019501;14;2;28;1825;5;2;1;6;31
201400019502;14;3;20;1840;5;2;1;4;31
201400019503;14;2;21;830;2;2;8;6;31
201400019504;14;3;27;900;1;2;1;6;31
201400019505;14;3;28;820;1;2;1;4;31
201400019506;14;3;29;1350;1;1;1;6;31
201400019507;14;4;1;1830;1;2;1;6;31
201400019508;14;4;3;1935;1;2;2;2;31
201400019509;14;4;15;825;1;1;1;2;31
201400019510;14;4;11;2110;5;2;1;7;31
201400019511;14;4;12;900;1;2;1;1;31
201400019512;14;4;23;1035;1;2;1;6;31
201400019513;14;3;20;1400;1;1;1;7;31
201400019514;14;4;14;1610;1;2;1;6;31
201400019515;14;5;6;1800;1;2;1;6;31
201400019516;14;5;8;150;5;2;1;6;31
201400019517;14;4;12;1725;1;2;1;2;31
201400019518;14;5;19;1842;1;2;1;6;31
201400019519;14;5;21;1105;1;2;2;2;31
201400019520;14;5;21;1840;1;2;2;7;31
201400019521;14;4;21;1750;1;2;1;2;31
201400019522;14;5;24;900;1;2;1;6;31
201400019523;14;5;25;1850;1;1;1;1;31
201400019524;14;5;23;1920;1;2;1;2;31
201400019525;14;5;30;940;1;2;1;2;31
201400019526;14;5;30;920;1;1;1;6;31
201400019527;14;6;5;1000;1;2;1;6;31
201400019528;14;6;6;2210;5;2;1;6;31
201400019529;14;6;7;1210;1;2;1;6;31
201400019530;14;6;11;1200;1;2;1;4;31
201400019531;14;6;20;1900;1;2;1;4;31
201400019532;14;6;20;745;1;2;1;2;31
201400019533;14;6;25;1930;1;2;1;6;31
201400019534;14;7;3;1525;1;2;1;6;31
201400019535;14;6;10;1730;1;2;1;6;31
201400019536;14;6;10;2020;1;2;1;2;31
201400019537;14;6;17;1405;1;2;1;6;31
201400019538;14;6;21;1655;1;2;1;6;31
201400019539;14;7;25;1355;1;2;1;2;31
201400019540;14;7;4;1155;1;2;1;2;31
201400019541;14;7;25;934;1;2;1;7;31
201400019542;14;7;24;2010;1;2;1;3;31
201400019543;14;7;25;1555;1;2;2;1;31
201400019544;14;8;6;955;1;2;1;6;31
201400019545;14;9;12;1700;1;2;1;6;31
201400019546;14;9;22;1820;1;2;1;3;31
201400019547;14;9;3;1738;1;2;1;1;31
201400019548;14;10;3;332;5;2;1;6;31
201400019549;14;10;2;913;1;2;1;6;31
201400019550;14;8;21;900;1;1;1;6;31
201400019551;14;8;19;2010;2;1;1;7;31
201400019552;14;8;24;1800;1;1;1;2;31
201400019553;14;10;24;1510;1;2;1;6;31
201400019554;14;10;17;1555;1;2;1;6;31
201400019555;14;10;17;935;1;2;2;6;31
201400019556;14;10;18;1750;2;1;1;7;31
201400019557;14;10;15;1215;1;2;1;3;31
201400019558;14;10;18;2050;5;2;1;6;31
201400019559;14;10;6;1315;1;2;2;7;31
201400019560;14;10;7;1800;1;1;2;7;31
201400019561;14;9;29;728;2;2;1;6;31
201400019562;14;11;3;855;1;2;1;4;31
201400019563;14;11;6;1335;1;2;1;6;31
201400019564;14;9;12;1525;1;1;1;3;31
201400019565;14;9;7;750;2;1;1;3;31
201400019566;14;9;3;1015;1;1;1;7;31
201400019567;14;11;18;1145;1;2;1;3;31
201400019568;14;11;19;835;1;2;2;6;31
201400019569;14;11;12;1755;3;1;1;7;31
201400019570;14;11;11;1145;1;2;1;2;31
201400019571;14;11;6;1620;1;2;1;6;31
201400019572;14;11;14;740;5;2;2;7;31
201400019573;14;11;12;1720;2;2;2;7;31
201400019574;14;10;31;2320;5;2;1;7;31
201400019575;14;11;29;1632;1;2;1;6;31
201400019576;14;11;29;1850;5;2;1;1;31
201400019577;14;10;30;1000;1;2;1;3;31
201400019578;14;12;11;1810;5;2;1;3;31
201400019579;14;12;17;1300;1;2;1;6;31
201400019580;14;12;22;730;2;1;1;1;31
201400019581;14;12;18;1745;1;1;1;6;31
201400019582;14;12;12;2155;5;2;1;2;31
201400019583;14;12;23;1805;3;2;1;7;31
201400019584;14;12;10;1725;3;1;1;4;31
201400019585;14;12;10;2045;3;2;1;7;31
201400019586;14;3;1;1520;1;2;1;2;31
201400019587;14;3;29;2100;5;2;1;1;31
201400019588;14;4;7;1005;1;2;1;3;31
201400019589;14;4;10;1810;1;2;1;3;31
201400019590;14;5;3;1150;1;2;1;3;31
201400019591;14;6;7;545;5;2;1;7;31
201400019592;14;6;7;1600;1;2;1;6;31
201400019593;14;7;24;1852;1;2;3;6;31
201400019594;14;8;24;945;1;2;1;6;31
201400019595;14;8;30;1845;1;2;1;6;31
201400019596;14;9;12;1800;1;2;1;7;31
201400019597;14;9;16;1315;1;2;1;3;31
201400019598;14;10;14;1805;5;2;1;7;31
201400019599;14;11;19;1715;1;1;1;1;31
201400019600;14;11;28;1620;1;2;1;6;31
201400019601;14;12;3;1845;5;2;1;3;31
201400019602;14;12;8;745;2;2;2;7;31
201400019603;14;12;22;1615;1;2;1;5;31
201400019604;14;5;22;1445;1;1;1;1;31
201400019605;14;7;1;1015;1;2;1;3;31
201400019606;14;7;4;1345;1;1;2;6;31
201400019607;14;7;31;1445;1;1;1;1;31
201400019608;14;1;25;1315;1;2;1;3;31
201400019609;14;2;11;1630;1;2;2;6;31
201400019610;14;2;20;1015;1;2;1;6;31
201400019611;14;3;2;1700;1;1;1;1;31
201400019612;14;6;8;2015;1;2;1;1;31
201400019613;14;7;26;1400;1;1;3;6;31
201400019614;14;10;16;1030;1;2;2;6;31
201400019615;14;12;5;1800;5;2;1;6;31
201400019616;14;12;27;1800;5;2;2;1;31
201400019617;14;1;7;955;1;2;1;7;31
201400019618;14;1;11;1330;1;1;1;5;31
201400019619;14;1;14;1320;1;2;1;7;31
201400019620;14;1;16;1830;5;2;3;7;31
201400019621;14;1;20;740;5;2;2;7;31
201400019622;14;1;21;1815;5;2;1;3;31
201400019623;14;1;23;900;1;2;1;3;31
201400019624;14;1;23;1725;1;2;1;2;31
201400019625;14;1;25;1755;5;2;1;3;31
201400019626;14;2;8;2015;5;2;2;3;31
201400019627;14;2;10;1650;1;2;2;3;31
201400019628;14;2;18;1210;1;2;1;2;31
201400019629;14;2;23;1800;1;2;1;7;31
201400019630;14;3;9;1740;1;2;1;3;31
201400019631;14;3;15;1110;1;2;1;3;31
201400019632;14;3;24;1655;1;1;3;7;31
201400019633;14;4;1;1520;1;2;1;7;31
201400019634;14;4;4;1615;1;2;1;6;31
201400019635;14;4;6;50;5;2;2;6;31
201400019636;14;4;10;1950;1;1;1;2;31
201400019637;14;4;24;555;5;2;1;7;31
201400019638;14;4;29;825;1;2;3;7;31
201400019639;14;5;3;1745;1;2;1;2;31
201400019640;14;5;7;1220;1;2;1;6;31
201400019641;14;5;13;1245;1;1;1;7;31
201400019642;14;5;22;825;1;1;1;2;31
201400019643;14;5;25;700;2;2;1;6;31
201400019644;14;6;2;1400;1;2;1;6;31
201400019645;14;6;14;1705;1;1;1;1;31
201400019646;14;6;27;1035;1;2;1;3;31
201400019647;14;7;2;1255;1;2;1;3;31
201400019648;14;7;4;1005;1;2;1;2;31
201400019649;14;7;5;1120;1;1;2;2;31
201400019650;14;7;5;1245;1;2;1;2;31
201400019651;14;7;8;805;1;1;2;7;31
201400019652;14;7;9;955;1;2;1;4;31
201400019653;14;7;11;1020;1;2;1;2;31
201400019654;14;7;16;1645;1;2;1;3;31
201400019655;14;7;17;830;1;2;1;7;31
201400019657;14;8;7;1040;1;2;1;3;10
201400019658;14;8;22;900;1;2;1;7;10
201400019659;14;8;25;1730;1;1;1;5;10
201400019660;14;8;29;955;1;2;1;3;10
201400019661;14;8;29;1735;1;2;1;2;68
201400019662;14;9;2;1545;1;2;1;7;68
201400019663;14;9;4;1445;1;2;1;7;68
201400019664;14;9;9;1110;1;2;1;3;68
201400019665;14;9;15;1825;1;2;1;2;68
201400019666;14;9;16;1720;1;2;1;2;71
201400019667;14;9;29;1025;2;2;1;3;71
201400019668;14;10;4;1535;1;1;1;3;71
201400019669;14;10;10;1625;1;2;1;2;71
201400019670;14;10;13;1400;1;2;1;3;71
201400019671;14;10;27;1405;1;1;1;6;71
201400019672;14;10;28;1840;5;2;1;7;71
201400019673;14;11;5;1115;1;1;1;7;71
201400019674;14;11;14;1805;3;2;1;2;71
201400019675;14;11;15;2310;5;2;2;7;83
201400019676;14;11;25;1745;2;2;1;3;83
201400019677;14;12;1;1815;5;2;1;7;83
201400019678;14;12;2;745;5;2;2;2;83
201400019679;14;12;3;1230;1;2;1;3;83
201400019680;14;12;6;1345;1;2;1;3;83
201400019681;14;12;11;925;1;2;1;7;83
201400019682;14;12;12;1815;3;1;1;7;83
201400019683;14;12;15;1820;5;2;2;3;83
201400019684;14;12;17;820;2;2;2;7;83
201400019685;14;1;2;35;5;2;2;6;83
201400019686;14;1;3;1220;1;2;1;2;83
201400019687;14;1;7;719;2;2;1;6;83
201400019688;14;1;7;900;1;2;1;3;83
201400019689;14;1;14;1801;2;2;1;3;83
201400019690;14;1;16;1650;1;2;1;6;83
201400019691;14;1;16;1755;1;2;1;6;83
201400019692;14;1;25;1813;2;2;1;6;83
201400019693;14;2;1;2235;5;1;2;7;83
201400019694;14;2;1;1515;1;2;1;6;83
201400019695;14;2;2;2240;4;1;1;7;83
201400019696;14;2;2;2225;3;1;1;6;83
201400019697;14;2;5;1706;1;2;2;3;83
201400019698;14;2;5;1751;2;2;1;6;83
201400019699;14;2;7;1802;1;2;1;3;83
201400019700;14;2;11;1225;1;2;1;7;83
201400019701;14;2;11;1823;2;2;1;3;28
201400019702;14;2;13;840;1;2;1;6;28
201400019703;14;2;15;1725;1;1;1;3;28
201400019704;14;2;18;820;1;2;2;7;28
201400019705;14;2;18;1850;2;2;1;6;28
201400019706;14;2;19;1541;1;2;1;3;28
201400019707;14;2;21;1924;2;2;1;3;28
201400019708;14;3;5;1745;1;2;1;6;28
201400019709;14;3;6;1247;1;1;1;5;28
201400019710;14;3;7;1820;1;2;1;7;28
201400019711;14;3;12;1610;1;1;1;6;45
201400019712;14;3;13;2110;5;2;1;6;45
201400019713;14;3;14;1250;1;2;1;7;45
201400019714;14;3;16;315;5;2;1;6;44
201400019715;14;3;26;1820;1;2;1;6;44
201400019716;14;3;30;440;5;2;1;1;44
201400019717;14;4;1;1245;1;2;1;6;44
201400019718;14;4;3;1935;1;1;1;2;44
201400019719;14;4;7;120;5;2;1;7;44
201400019720;14;4;8;1640;1;2;1;6;44
201400019721;14;4;10;830;1;2;7;7;44
201400019722;14;4;11;1840;1;2;1;6;13
201400019723;14;4;11;1830;1;2;1;6;77
201400019724;14;5;27;2021;2;1;1;1;77
201400019725;14;4;14;1722;1;2;1;6;77
201400019726;14;4;15;925;1;2;1;7;81
201400019727;14;4;21;1826;1;2;1;6;81
201400019728;14;4;22;140;5;2;1;7;81
201400019729;14;4;22;853;1;1;1;7;81
201400019730;14;4;22;926;1;2;1;6;81
201400019731;14;4;22;1829;1;1;1;7;81
201400019732;14;4;22;1509;1;2;1;7;81
201400019733;14;4;25;1230;1;2;1;7;32
201400019734;14;4;29;1750;1;1;1;3;32
201400019735;14;4;29;1040;1;2;1;7;32
201400019736;14;5;3;1517;1;2;1;6;32
201400019737;14;5;7;1211;1;2;1;7;32
201400019738;14;5;8;1450;1;1;1;3;32
201400019739;14;5;10;1525;1;2;1;6;32
201400019740;14;5;10;1620;1;2;2;7;32
201400019741;14;5;16;2350;5;2;1;7;32
201400019742;14;5;20;1220;1;2;1;6;32
201400019743;14;5;21;1635;1;2;3;6;32
201400019744;14;5;22;1205;1;2;1;7;32
201400019745;14;5;24;350;5;2;9;6;32
201400019746;14;6;5;1003;1;2;1;7;32
201400019747;14;6;5;1432;1;2;1;6;32
201400019748;14;6;7;5;5;2;1;2;32
201400019749;14;6;12;1520;1;2;1;7;32
201400019750;14;6;13;1513;1;2;1;6;32
201400019751;14;6;15;1930;1;2;1;2;32
201400019752;14;6;22;435;5;2;1;5;32
201400019753;14;6;25;1809;1;1;1;2;32
201400019754;14;6;25;1210;1;2;1;6;32
201400019755;14;6;22;725;2;1;1;7;32
201400019756;14;6;30;958;1;2;2;3;32
201400019757;14;6;30;1022;1;2;1;1;32
201400019758;14;7;8;2240;5;2;1;1;32
201400019759;14;7;10;1945;2;2;1;6;32
201400019760;14;7;11;2050;2;2;1;2;32
201400019761;14;7;14;1827;1;2;1;3;32
201400019762;14;7;14;2016;1;2;1;1;32
201400019763;14;7;14;2210;2;2;1;1;32
201400019764;14;7;16;1657;1;2;1;3;32
201400019765;14;7;22;824;1;2;1;6;32
201400019766;14;7;22;1800;1;2;1;6;32
201400019767;14;7;24;1721;1;2;1;3;32
201400019768;14;7;28;415;5;2;1;7;32
201400019769;14;7;31;1144;1;2;1;6;32
201400019770;14;7;31;1741;1;2;1;6;32
201400019771;14;7;31;2050;1;2;1;7;32
201400019772;14;8;6;955;1;1;3;7;32
201400019773;14;8;6;1140;1;1;1;2;57
201400019774;14;8;6;1236;1;2;1;3;57
201400019775;14;8;10;215;5;2;1;3;57
201400019776;14;8;15;923;1;2;1;6;57
201400019777;14;8;15;2130;1;2;1;7;57
201400019778;14;8;16;2125;2;2;1;1;21
201400019779;14;8;26;825;1;2;1;6;21
201400019780;14;8;21;1600;1;2;1;3;21
201400019781;14;8;25;1700;1;2;1;6;21
201400019782;14;8;26;30;5;2;3;2;76
201400019783;14;9;2;1719;1;2;1;6;76
201400019784;14;9;3;1214;1;2;1;6;31
201400019785;14;9;4;1657;1;1;1;2;31
201400019786;14;9;4;1605;1;2;1;6;31
201400019787;14;9;5;825;1;2;1;2;31
201400019788;14;9;6;2024;1;2;1;2;31
201400019790;14;9;7;1045;1;2;1;3;31
201400019791;14;9;12;1733;1;1;1;2;84
201400019792;14;9;13;1016;1;2;1;3;31
201400019793;14;9;14;1455;1;2;1;2;41
201400019794;14;9;15;1600;1;2;1;6;41
201400019795;14;9;18;1503;1;2;1;2;41
201400019796;14;9;20;1725;1;2;1;3;41
201400019797;14;9;20;1905;1;1;1;3;41
201400019798;14;9;21;2235;5;1;1;6;41
201400019799;14;9;23;1916;1;2;1;6;41
201400019800;14;9;26;1000;1;2;1;6;41
201400019801;14;9;28;655;5;2;1;7;41
201400019802;14;9;29;1030;1;1;1;7;41
201400019803;14;9;30;1830;1;2;1;2;41
201400019804;14;10;1;1821;1;2;1;6;41
201400019805;14;10;3;2100;2;2;1;6;41
201400019806;14;10;8;1420;1;2;1;3;41
201400019807;14;10;9;1807;1;2;1;3;74
201400019808;14;10;18;1508;1;2;1;6;74
201400019809;14;10;18;1943;2;2;1;1;74
201400019810;14;10;21;15;5;2;1;7;74
201400019811;14;10;22;705;5;1;1;3;74
201400019812;14;10;27;1800;5;2;1;6;74
201400019813;14;10;29;1535;1;2;1;2;74
201400019814;14;10;31;1730;1;2;1;6;74
201400019815;14;11;1;1835;1;2;1;2;74
201400019816;14;11;3;1500;1;2;1;2;49
201400019817;14;11;9;1835;2;2;1;7;49
201400019818;14;11;16;1915;5;2;1;7;49
201400019819;14;11;17;2140;4;2;2;7;49
201400019820;14;11;18;925;2;2;1;6;49
201400019821;14;11;20;1616;1;2;1;6;49
201400019822;14;11;21;550;5;2;1;2;49
201400019823;14;11;24;2230;5;2;2;3;18
201400019824;14;11;26;1600;1;2;1;7;18
201400019825;14;11;26;1713;1;2;1;3;18
201400019826;14;11;30;2210;5;2;1;6;18
201400019827;14;12;4;105;5;2;1;7;18
201400019828;14;12;8;750;5;2;1;3;18
201400019829;14;12;11;1500;1;1;1;6;18
201400019830;14;12;11;1720;5;2;2;3;60
201400019831;14;12;12;2030;5;1;1;2;60
201400019832;14;12;18;802;2;2;1;1;60
201400019833;14;12;18;1750;5;2;1;6;60
201400019834;14;12;18;1809;5;2;1;6;60
201400019835;14;12;19;1045;1;1;1;7;60
201400019836;14;12;22;1150;1;2;1;6;60
201400019837;14;12;28;1645;1;2;1;3;60
201400019838;14;12;29;1811;2;2;1;5;60
201400019839;14;1;3;900;1;2;1;3;60
201400019840;14;1;22;2014;5;2;2;6;60
201400019841;14;2;4;1415;1;2;1;6;60
201400019842;14;2;5;2200;5;2;1;6;60
201400019843;14;2;9;2220;5;2;1;6;60
201400019844;14;2;19;1958;5;2;1;3;60
201400019845;14;2;26;1405;1;2;1;3;60
201400019846;14;2;18;1955;5;2;1;2;60
201400019847;14;2;19;1000;1;2;1;3;60
201400019848;14;3;4;945;1;2;1;3;60
201400019849;14;3;11;1012;1;1;1;2;34
201400019850;14;3;17;1045;1;2;1;6;34
201400019851;14;3;18;1350;1;2;1;3;34
201400019852;14;3;25;1651;1;1;1;3;34
201400019853;14;3;8;1425;1;2;1;3;34
201400019854;14;4;2;1900;1;2;1;6;34
201400019855;14;4;8;2325;5;2;1;7;34
201400019856;14;4;17;1502;1;2;1;6;34
201400019857;14;4;19;2015;1;2;1;6;34
201400019858;14;4;22;1825;2;2;2;3;34
201400019859;14;4;24;1140;1;2;1;3;34
201400019860;14;4;27;320;3;2;1;7;34
201400019861;14;4;7;2335;3;2;1;7;34
201400019862;14;4;30;1805;1;2;1;6;34
201400019863;14;5;11;1205;1;2;1;2;34
201400019864;14;5;11;1815;2;2;1;6;34
201400019865;14;5;14;815;1;2;1;6;34
201400019866;14;5;21;1605;1;2;1;1;34
201400019867;14;5;23;1345;1;2;1;3;34
201400019868;14;5;25;2230;3;1;1;6;34
201400019869;14;5;29;2035;2;2;1;1;34
201400019870;14;5;30;1542;1;2;1;3;34
201400019871;14;6;1;545;3;1;1;1;34
201400019872;14;6;3;1906;2;2;1;6;34
201400019873;14;6;8;1046;1;2;1;3;34
201400019874;14;6;13;1900;2;1;1;1;34
201400019875;14;6;14;155;5;2;1;6;34
201400019876;14;6;14;1450;1;1;1;5;34
201400019877;14;6;15;1855;1;2;1;1;34
201400019878;14;6;18;2350;3;2;1;3;34
201400019879;14;6;24;1245;1;1;1;3;34
201400019880;14;7;6;1510;1;1;1;1;34
201400019881;14;7;7;1530;1;2;1;6;34
201400019882;14;7;10;1740;1;2;1;6;34
201400019883;14;7;11;1700;1;2;1;6;34
201400019884;14;7;11;1440;1;2;1;2;34
201400019885;14;7;19;505;5;2;2;6;34
201400019886;14;7;19;1150;1;1;1;6;34
201400019887;14;7;24;1804;1;2;1;6;34
201400019888;14;7;26;1250;1;1;1;6;34
201400019889;14;7;29;2330;3;2;1;6;34
201400019890;14;7;30;1415;1;2;1;3;34
201400019891;14;7;31;130;5;2;1;3;34
201400019892;14;8;4;1750;1;2;1;6;34
201400019893;14;8;6;1135;1;2;1;3;34
201400019894;14;8;9;1625;1;2;1;6;34
201400019895;14;8;10;1104;1;2;1;3;34
201400019896;14;8;12;1715;1;2;1;6;34
201400019897;14;8;16;930;1;2;1;3;34
201400019898;14;8;17;50;5;2;1;6;34
201400019899;14;8;19;1443;1;2;1;2;34
201400019900;14;8;20;1149;1;2;1;2;34
201400019901;14;8;22;2130;2;2;1;3;34
201400019902;14;8;24;1720;1;2;1;6;34
201400019903;14;8;31;2200;5;2;1;3;34
201400019904;14;9;3;1716;1;2;1;6;34
201400019905;14;9;7;205;5;2;1;6;34
201400019906;14;9;9;858;1;2;2;6;34
201400019907;14;9;9;1520;1;2;1;4;34
201400019908;14;9;12;810;1;2;1;6;34
201400019909;14;9;17;815;1;2;1;6;34
201400019910;14;9;20;1500;1;2;1;6;34
201400019911;14;10;3;1407;1;2;1;2;34
201400019912;14;10;10;753;3;2;1;6;34
201400019913;14;10;10;1740;1;1;1;6;34
201400019914;14;10;15;1752;1;1;1;3;34
201400019915;14;10;20;1815;2;2;1;3;34
201400019916;14;11;5;1445;1;2;1;3;34
201400019917;14;11;12;1930;5;2;1;7;34
201400019918;14;11;14;1221;1;2;2;6;34
201400019919;14;11;14;1800;5;2;1;2;34
201400019920;14;11;20;1940;5;2;1;3;34
201400019921;14;11;26;1828;5;2;1;2;34
201400019922;14;12;1;1300;1;2;1;2;34
201400019923;14;12;8;1928;5;2;1;6;34
201400019924;14;12;12;1810;5;2;1;6;34
201400019925;14;12;22;1030;1;2;1;6;34
201400019926;14;12;29;1120;1;2;9;2;34
201400019927;14;10;2;730;3;1;2;6;34
201400019928;14;5;4;1740;1;1;1;7;34
201400019929;14;8;24;1200;1;1;1;7;34
201400019930;14;1;1;1800;5;2;1;6;34
201400019931;14;1;7;805;2;1;1;6;34
201400019932;14;1;12;1505;1;2;1;6;34
201400019933;14;1;17;950;1;2;1;7;34
201400019934;14;1;18;2315;5;2;1;6;34
201400019935;14;1;20;758;2;1;1;6;34
201400019936;14;1;25;1710;1;2;1;6;34
201400019937;14;1;31;1230;1;1;1;6;34
201400019938;14;2;1;1120;2;2;1;6;34
201400019939;14;2;8;115;5;2;1;6;34
201400019940;14;2;9;525;3;1;1;6;34
201400019941;14;2;15;2245;3;1;2;6;34
201400019942;14;2;17;1435;1;2;1;6;34
201400019943;14;2;28;1130;1;2;1;6;34
201400019944;14;2;28;1550;1;2;1;6;34
201400019945;14;3;15;1400;1;2;1;6;34
201400019946;14;3;25;1220;1;2;1;6;34
201400019947;14;3;30;1855;1;2;1;6;34
201400019948;14;4;1;825;1;2;1;6;34
201400019949;14;4;3;750;2;1;1;6;34
201400019950;14;4;10;1640;1;2;1;6;34
201400019951;14;4;12;1435;1;2;1;6;34
201400019952;14;4;15;1430;1;2;1;6;34
201400019953;14;4;18;1620;1;1;1;6;34
201400019954;14;4;25;1725;1;2;1;6;34
201400019955;14;5;7;1600;1;2;1;6;34
201400019956;14;5;16;1130;1;2;1;6;34
201400019957;14;5;21;2155;2;1;1;6;34
201400019958;14;5;27;1130;1;1;1;6;34
201400019959;14;6;4;1610;1;2;1;6;34
201400019960;14;6;10;2350;5;1;1;6;34
201400019961;14;6;20;1710;1;1;1;6;34
201400019962;14;6;20;1850;1;1;1;6;34
201400019963;14;6;26;1300;1;1;1;6;34
201400019964;14;6;27;1555;1;2;1;6;34
201400019965;14;7;7;1725;1;1;1;6;34
201400019966;14;7;8;2000;1;2;1;6;34
201400019967;14;7;18;1615;1;1;1;6;34
201400019968;14;7;21;1830;1;2;1;6;34
201400019969;14;7;30;925;1;2;1;6;34
201400019970;14;8;2;800;1;2;1;6;34
201400019971;14;8;13;2135;4;2;1;6;34
201400019972;14;8;18;1435;1;2;1;6;34
201400019973;14;8;24;1520;1;1;1;7;34
201400019974;14;8;28;1600;1;2;1;6;34
201400019975;14;9;19;1030;1;2;1;6;34
201400019976;14;9;22;1030;1;2;1;6;34
201400019977;14;9;25;1740;1;2;1;6;34
201400019978;14;9;25;2100;5;2;1;6;34
201400019979;14;10;4;1600;1;2;1;6;34
201400019980;14;10;7;1740;1;2;1;6;34
201400019981;14;10;7;1840;2;1;1;6;34
201400019982;14;10;20;1610;1;1;1;6;34
201400019983;14;10;31;1030;1;2;1;6;34
201400019984;14;10;31;2015;5;1;1;6;34
201400019985;14;11;11;300;5;2;1;6;34
201400019986;14;11;23;1140;1;1;1;6;34
201400019987;14;11;27;2245;5;2;1;7;34
201400019988;14;12;5;1745;2;2;1;6;34
201400019989;14;12;5;1800;5;2;2;6;34
201400019990;14;12;5;1851;5;2;2;6;34
201400019991;14;12;12;1910;3;1;1;6;34
201400019992;14;12;23;920;1;1;1;6;34
201400019993;14;6;2;1310;1;2;1;6;34
201400019995;14;5;2;530;3;1;1;2;34
201400019996;14;7;16;1815;1;1;1;2;34
201400019997;14;8;10;1815;1;1;1;5;34
201400019998;14;9;14;1345;1;1;1;6;34
201400019999;14;10;13;700;2;2;1;3;34
201400020000;14;12;22;1145;1;1;1;2;34
201400020001;14;2;23;1730;1;1;1;2;34
201400020002;14;3;26;1000;1;1;6;5;34
201400020003;14;7;2;1115;1;2;1;3;34
201400020004;14;8;9;15;3;1;3;1;34
201400020005;14;9;27;1545;3;1;1;1;34
201400020006;14;10;9;1000;1;1;1;1;34
201400020007;14;1;14;2130;3;1;1;1;34
201400020008;14;3;23;1500;1;2;1;3;34
201400020009;14;2;18;830;1;1;1;2;34
201400020010;14;3;27;1045;1;2;1;7;34
201400020011;14;4;16;900;1;2;1;5;34
201400020012;14;4;27;230;3;1;8;6;34
201400020013;14;6;26;2000;1;1;1;6;34
201400020014;14;9;4;800;1;1;1;3;34
201400020015;14;9;7;2345;3;1;1;6;34
201400020016;14;11;11;1945;3;1;8;1;34
201400020017;14;12;12;1530;1;1;1;5;34
201400020018;14;1;4;245;3;1;1;6;34
201400020019;14;2;25;1400;1;1;8;1;34
201400020020;14;6;6;1800;1;1;1;3;34
201400020021;14;6;10;1830;1;1;1;6;34
201400020022;14;6;29;100;4;2;2;6;34
201400020023;14;7;21;2000;1;1;1;3;34
201400020024;14;7;30;930;1;1;1;2;34
201400020025;14;8;4;915;1;1;1;3;34
201400020026;14;8;9;1100;1;1;1;6;34
201400020027;14;8;18;1700;1;1;1;1;34
201400020028;14;9;13;1515;1;1;1;7;34
201400020029;14;10;12;1630;1;1;1;7;34
201400020030;14;10;17;730;3;1;2;1;34
201400020031;14;11;3;1245;1;1;2;5;34
201400020032;14;11;12;1130;1;1;1;1;34
201400020033;14;12;1;745;2;2;2;3;34
201400020034;14;3;29;2320;3;2;1;7;34
201400020035;14;2;3;900;1;1;9;1;34
201400020036;14;2;7;2145;5;2;1;7;34
201400020037;14;5;6;2015;1;1;1;3;34
201400020038;14;5;19;1215;1;2;1;6;34
201400020039;14;7;10;1000;1;1;2;7;34
201400020040;14;8;14;1430;1;1;1;6;34
201400020041;14;3;6;1445;1;1;1;3;34
201400020042;14;4;30;2030;2;1;1;6;34
201400020043;14;5;17;1500;1;1;1;3;34
201400020044;14;6;8;1615;1;2;1;1;34
201400020045;14;12;4;1530;1;1;1;3;34
201400020046;14;3;12;100;5;1;1;6;34
201400020047;14;1;12;1445;1;1;5;7;34
201400020048;14;9;27;1645;1;1;1;1;34
201400020049;14;5;26;2130;2;1;2;1;34
201400020050;14;7;3;730;1;1;1;1;34
201400020051;14;8;2;1815;1;2;2;7;34
201400020052;14;8;28;2300;3;1;1;1;34
201400020053;14;2;19;1830;3;1;8;1;34
201400020054;14;5;4;1945;1;2;1;6;34
201400020055;14;10;3;900;1;1;1;1;34
201400020056;14;10;8;1645;1;1;3;1;34
201400020057;14;3;23;1500;1;1;4;4;34
201400020058;14;10;28;1545;1;1;1;7;34
201400020059;14;1;27;1100;1;1;8;6;34