Num_Acc;an;mois;jour;hrmn;lum;agg;atm;col;dep
201400020060;14;3;2;1300;1;1;1;7;34
201400020061;14;3;7;2000;3;1;1;1;34
201400020063;14;4;7;245;5;1;1;3;34
201400020065;14;4;15;815;1;1;1;2;34
201400020066;14;4;21;2015;1;1;1;7;34
201400020067;14;4;26;1900;1;1;1;2;34
201400020068;14;5;16;1330;1;1;1;7;34
201400020069;14;5;25;145;3;1;1;2;34
201400020070;14;6;10;1600;1;1;1;6;34
201400020071;14;6;26;1630;1;1;3;7;34
201400020073;14;7;11;1700;1;1;1;6;34
201400020074;14;7;30;145;3;1;1;6;34
201400020075;14;9;22;630;3;1;1;2;34
201400020076;14;9;29;1600;1;1;1;2;34
201400020077;14;10;24;1600;1;1;1;6;34
201400020078;14;11;6;1800;3;2;1;3;34
201400020079;14;11;8;215;3;2;2;6;34
201400020080;14;11;15;1445;1;1;1;3;34
201400020081;14;11;16;515;5;2;2;3;34
201400020083;14;11;20;2200;5;2;1;6;34
201400020084;14;11;28;1815;3;1;1;6;34
201400020085;14;12;30;945;1;1;8;3;34
201400020087;14;11;7;715;1;1;5;2;34
201400020088;14;1;26;1515;1;2;1;7;34
201400020089;14;6;16;2230;3;1;1;6;34
201400020090;14;7;24;945;1;1;1;5;34
201400020091;14;8;5;630;2;2;1;6;34
201400020092;14;8;25;1630;1;2;1;3;34
201400020093;14;10;3;1245;1;1;1;2;34
201400020094;14;11;2;1000;1;1;1;5;34
201400020095;14;11;4;1115;1;2;3;1;34
201400020096;14;12;15;1845;5;2;1;6;34
201400020097;14;12;19;2300;5;2;1;6;34
201400020098;14;4;26;1545;1;1;2;3;34
201400020099;14;10;24;1945;5;1;1;1;34
201400020100;14;3;23;1100;1;1;4;7;34
201400020101;14;4;20;645;1;1;1;6;34
201400020102;14;4;23;1900;1;1;1;3;34
201400020103;14;7;5;1730;1;1;7;1;34
201400020104;14;10;2;2300;3;1;1;7;34
201400020105;14;10;4;1045;1;2;1;1;34
201400020106;14;7;27;2245;3;1;1;6;34
201400020107;14;9;27;1845;1;1;1;3;34
201400020108;14;12;14;2315;3;1;5;6;34
201400020109;14;8;28;945;1;1;1;1;34
201400020110;14;12;19;1930;5;2;3;6;34
201400020111;14;2;25;1845;3;1;8;3;34
201400020112;14;3;22;1545;1;1;8;7;34
201400020113;14;6;23;1530;1;1;1;6;34
201400020114;14;6;27;1545;1;1;1;3;34
201400020115;14;7;6;822;1;2;1;6;34
201400020116;14;10;16;1645;1;1;1;3;34
201400020117;14;11;30;1045;1;1;2;7;34
201400020118;14;1;14;945;1;2;9;6;34
201400020119;14;1;19;1545;1;1;1;3;34
201400020120;14;2;20;100;3;1;1;7;34
201400020121;14;3;1;1000;1;2;2;6;34
201400020122;14;3;6;2130;3;1;1;6;34
201400020123;14;5;10;1000;1;1;1;1;34
201400020124;14;6;30;1800;1;1;2;5;34
201400020125;14;7;10;745;1;1;1;3;34
201400020126;14;7;26;1215;1;1;1;7;34
201400020127;14;8;2;1415;1;1;1;3;34
201400020128;14;8;11;1745;1;1;1;1;34
201400020129;14;10;22;2200;3;1;1;6;34
201400020130;14;10;26;1830;3;1;1;3;34
201400020131;14;6;8;1015;1;1;1;6;34
201400020132;14;6;20;840;1;1;1;2;34
201400020134;14;4;1;1930;2;1;1;6;34
201400020135;14;6;7;1200;1;1;1;7;34
201400020136;14;6;16;1815;1;1;1;6;34
201400020137;14;7;28;1000;1;2;3;1;34
201400020138;14;10;19;1215;1;1;1;1;34
201400020139;14;3;5;1630;1;1;1;7;34
201400020140;14;3;7;1330;1;1;1;1;34
201400020141;14;8;2;1600;1;2;1;6;34
201400020142;14;12;19;1715;2;1;1;6;34
201400020143;14;1;1;1055;1;2;1;6;34
201400020144;14;1;3;1852;5;2;1;2;34
201400020145;14;1;7;1604;1;1;1;6;34
201400020146;14;1;11;1750;5;1;1;4;34
201400020148;14;1;16;1900;5;2;2;6;34
201400020149;14;1;20;1720;1;2;1;3;34
201400020150;14;1;24;740;5;2;2;3;34
201400020151;14;1;26;300;5;2;2;6;34
201400020152;14;2;3;1353;1;2;1;3;34
201400020153;14;2;3;1327;1;2;1;2;34
201400020154;14;2;4;1101;1;2;7;6;34
201400020155;14;2;7;1102;1;2;1;3;34
201400020156;14;2;13;1524;1;2;1;6;34
201400020157;14;2;15;731;2;2;8;6;34
201400020159;14;2;17;1510;1;2;1;6;34
201400020160;14;2;18;838;1;1;1;2;34
201400020161;14;2;24;910;1;2;1;3;34
201400020162;14;2;24;1200;1;2;1;2;34
201400020163;14;3;1;24;3;2;2;6;34
201400020165;14;3;12;1810;1;1;1;3;34
201400020166;14;3;13;1122;1;2;1;2;34
201400020167;14;3;14;1720;1;1;1;3;34
201400020168;14;3;17;945;1;2;5;2;34
201400020170;14;3;17;1720;1;2;1;6;34
201400020171;14;3;19;1321;1;2;1;6;34
201400020172;14;3;25;1410;1;2;2;6;34
201400020173;14;3;26;1740;1;2;1;3;34
201400020174;14;3;27;830;1;1;1;5;34
201400020175;14;4;1;800;1;2;1;6;34
201400020176;14;4;1;1707;1;2;1;6;34
201400020177;14;4;1;1858;1;2;1;4;34
201400020178;14;4;3;1200;1;2;1;1;34
201400020179;14;4;7;1824;1;2;1;4;34
201400020180;14;4;9;1315;1;2;1;3;34
201400020181;14;4;9;1629;1;2;1;3;34
201400020182;14;4;9;1709;1;2;1;3;34
201400020183;14;4;14;1830;1;1;1;2;34
201400020184;14;4;18;2204;5;2;1;3;34
201400020185;14;4;25;1315;1;1;1;7;34
201400020186;14;4;26;1135;1;2;2;4;34
201400020188;14;4;29;1744;1;1;3;2;34
201400020189;14;5;3;5;5;2;1;6;34
201400020192;14;5;13;1805;1;2;1;3;34
201400020194;14;5;17;1440;1;1;1;6;34
201400020195;14;5;19;655;1;2;1;6;34
201400020196;14;5;20;1830;1;2;1;6;34
201400020197;14;5;21;1110;1;2;8;6;34
201400020198;14;5;25;1635;1;2;1;3;34
201400020200;14;6;3;1030;1;2;1;6;34
201400020201;14;6;4;855;1;2;2;6;34
201400020203;14;6;7;1133;1;2;1;6;34
201400020204;14;6;10;1810;1;2;7;3;34
201400020205;14;6;12;1820;1;2;7;6;34
201400020206;14;6;13;1650;1;2;1;3;34
201400020207;14;6;14;2045;2;2;1;6;34
201400020208;14;6;16;210;5;2;1;6;34
201400020209;14;6;16;1250;1;1;1;6;34
201400020210;14;6;18;1110;1;2;1;6;34
201400020213;14;6;25;1808;1;2;1;2;34
201400020214;14;7;1;1150;1;2;1;3;34
201400020215;14;7;4;1345;1;2;3;5;34
201400020216;14;7;4;1511;1;1;2;2;34
201400020217;14;7;4;1920;1;2;3;3;34
201400020218;14;7;8;1240;1;2;1;6;34
201400020219;14;7;9;1800;1;1;3;5;34
201400020220;14;7;14;1825;1;1;2;3;34
201400020221;14;7;18;1520;1;2;1;4;34
201400020222;14;7;21;1630;1;2;1;3;34
201400020223;14;7;22;1750;1;2;1;2;34
201400020224;14;7;22;1849;1;2;1;3;34
201400020225;14;7;23;800;1;1;1;7;34
201400020226;14;7;24;725;1;2;1;6;34
201400020227;14;7;25;1745;1;2;1;6;34
201400020228;14;7;28;747;1;2;3;6;34
201400020231;14;7;29;1800;1;2;2;7;34
201400020232;14;7;31;1900;1;1;1;1;34
201400020233;14;8;7;1803;1;2;1;3;34
201400020234;14;8;8;1845;1;2;1;3;34
201400020235;14;8;12;1135;1;1;1;6;34
201400020236;14;8;12;1554;1;2;1;6;34
201400020237;14;8;14;2010;1;2;1;1;34
201400020238;14;8;20;1440;1;2;1;2;34
201400020239;14;8;20;1800;1;2;1;3;34
201400020240;14;8;24;1815;1;2;1;1;34
201400020241;14;8;26;840;1;2;2;6;34
201400020242;14;9;2;1330;1;2;1;3;34
201400020243;14;9;3;1405;1;2;1;2;34
201400020244;14;9;6;1508;1;2;1;2;34
201400020245;14;9;8;1920;1;2;1;2;34
201400020246;14;9;9;1711;1;2;1;6;34
201400020248;14;9;10;1955;1;2;1;3;34
201400020249;14;9;11;1700;1;2;1;2;34
201400020250;14;9;11;2350;3;2;1;6;34
201400020252;14;9;18;1355;1;2;1;7;34
201400020253;14;9;20;117;5;1;1;2;34
201400020254;14;9;24;1600;1;2;1;4;34
201400020255;14;9;27;2220;5;2;1;1;34
201400020256;14;10;2;845;1;2;1;4;34
201400020258;14;10;7;945;1;2;2;1;34
201400020259;14;10;14;1610;1;2;1;6;34
201400020261;14;10;20;1655;1;2;1;6;34
201400020262;14;10;23;1715;1;2;1;3;34
201400020263;14;11;4;1045;1;2;2;6;34
201400020264;14;11;6;850;1;2;5;2;34
201400020265;14;11;10;805;1;2;1;2;34
201400020266;14;11;11;1150;1;2;1;3;34
201400020267;14;11;11;1850;5;2;1;3;34
201400020268;14;11;13;1455;1;2;1;5;34
201400020270;14;11;18;1245;1;2;3;3;34
201400020271;14;11;20;1905;5;2;1;6;35
201400020272;14;12;1;820;1;2;2;6;35
201400020274;14;12;11;1700;1;2;1;2;35
201400020275;14;12;18;810;2;2;2;6;35
201400020276;14;12;18;1745;4;2;2;6;35
201400020277;14;1;22;915;1;2;1;1;35
201400020278;14;1;24;1115;1;1;1;2;35
201400020279;14;1;25;930;1;2;1;7;35
201400020280;14;2;9;1900;3;1;1;1;35
201400020281;14;2;17;1715;1;2;1;1;35
201400020282;14;2;24;1045;1;2;1;6;35
201400020283;14;3;31;815;1;1;1;3;35
201400020284;14;5;11;1500;1;1;1;6;35
201400020285;14;5;25;1800;1;2;1;6;35
201400020286;14;5;29;1;3;1;1;2;35
201400020287;14;6;27;600;2;1;1;6;35
201400020288;14;8;22;1100;1;1;1;7;35
201400020289;14;9;16;1000;1;1;1;7;35
201400020290;14;10;4;1700;1;1;1;6;35
201400020291;14;12;2;600;5;2;2;6;35
201400020292;14;12;5;1415;1;1;2;5;35
201400020293;14;12;10;630;5;2;1;6;35
201400020294;14;12;12;1745;3;1;1;3;35
201400020295;14;12;19;1830;5;1;1;2;35
201400020296;14;4;21;1730;1;1;8;3;35
201400020297;14;12;19;1800;5;2;8;6;35
201400020298;14;12;19;2115;3;1;8;3;35
201400020299;14;1;3;1800;3;1;3;3;35
201400020300;14;9;8;1245;1;1;1;7;35
201400020301;14;12;5;1700;1;1;4;3;35
201400020302;14;3;11;315;3;1;1;7;35
201400020303;14;5;23;1545;1;2;1;1;35
201400020304;14;7;25;2245;1;1;1;2;35
201400020305;14;8;2;2315;3;1;8;6;35
201400020306;14;8;5;1100;1;1;1;5;35
201400020307;14;3;28;1900;2;1;1;3;35
201400020308;14;2;16;1500;1;1;1;2;35
201400020309;14;3;14;1700;1;1;1;6;35
201400020310;14;3;25;1;3;1;2;6;35
201400020311;14;4;11;2345;3;1;1;2;35
201400020312;14;5;15;1100;1;1;1;6;35
201400020313;14;7;4;1015;1;1;3;6;35
201400020314;14;7;15;1630;1;1;1;6;35
201400020315;14;8;19;2245;3;1;1;6;35
201400020316;14;10;11;1615;1;1;1;3;35
201400020317;14;12;2;1215;1;1;8;2;35
201400020318;14;12;8;1815;3;1;4;1;35
201400020319;14;5;18;1815;1;1;1;6;35
201400020320;14;6;25;1500;1;1;1;2;35
201400020321;14;7;7;1500;1;1;2;6;35
201400020322;14;7;19;1645;1;1;1;6;35
201400020323;14;4;22;1200;1;1;1;6;35
201400020324;14;5;18;1530;1;1;1;6;35
201400020325;14;7;10;1600;1;1;2;6;35
201400020326;14;7;20;630;2;1;3;2;35
201400020327;14;9;7;1930;2;1;1;7;35
201400020328;14;9;22;1030;1;1;1;6;35
201400020329;14;11;5;515;3;1;2;7;35
201400020330;14;12;19;2115;3;1;1;6;35
201400020332;14;7;20;1730;1;1;3;3;35
201400020333;14;8;27;1215;1;1;1;7;35
201400020334;14;9;5;1000;1;1;1;7;35
201400020335;14;9;9;1100;1;1;1;7;35
201400020336;14;10;5;1730;1;1;1;1;35
201400020337;14;10;16;1145;1;1;1;3;35
201400020338;14;12;30;1330;1;1;8;4;35
201400020339;14;1;1;215;3;1;2;6;35
201400020340;14;12;30;615;3;1;6;6;35
201400020341;14;1;19;2315;3;1;2;2;35
201400020342;14;3;10;745;1;1;1;6;35
201400020343;14;6;13;2000;1;1;1;5;35
201400020344;14;7;23;1715;1;1;1;6;35
201400020345;14;7;27;1515;1;1;1;6;35
201400020346;14;7;31;1445;1;1;1;6;35
201400020347;14;8;10;15;3;1;1;3;35
201400020348;14;8;18;715;1;1;7;4;35
201400020349;14;8;21;2030;2;1;1;6;35
201400020350;14;8;26;1115;1;1;1;2;35
201400020351;14;9;4;1645;1;1;1;6;35
201400020352;14;9;13;630;5;1;1;6;35
201400020353;14;9;30;845;1;1;1;6;35
201400020354;14;10;4;1445;1;1;1;5;35
201400020355;14;10;21;1600;1;1;1;6;35
201400020356;14;10;27;2230;3;1;1;6;35
201400020357;14;11;14;1800;3;1;3;2;35
201400020358;14;1;5;600;3;1;4;7;35
201400020359;14;6;12;1315;1;1;1;7;35
201400020360;14;7;27;800;1;1;1;3;35
201400020361;14;7;28;1015;1;1;1;2;35
201400020362;14;9;13;630;1;1;1;6;35
201400020363;14;10;16;845;1;1;2;6;35
201400020364;14;11;24;245;3;1;1;7;35
201400020365;14;12;26;745;2;1;1;2;35
201400020366;14;1;10;800;2;1;1;7;35
201400020367;14;2;28;2030;3;1;4;1;35
201400020368;14;4;26;900;1;1;1;6;35
201400020369;14;6;7;1100;2;1;1;6;35
201400020370;14;11;18;1430;1;1;1;2;35
201400020371;14;9;6;130;3;1;1;6;35
201400020372;14;10;12;715;3;1;2;7;35
201400020373;14;2;25;2145;3;1;8;6;35
201400020374;14;3;23;1430;1;1;1;2;35
201400020375;14;7;6;145;3;1;2;6;35
201400020376;14;7;26;2215;3;1;1;6;35
201400020377;14;8;21;1815;1;1;1;6;35
201400020378;14;10;12;2000;3;1;3;2;35
201400020379;14;11;9;30;3;1;2;2;35
201400020382;14;7;8;39;3;1;1;7;35
201400020383;14;7;23;1000;1;1;5;5;35
201400020384;14;8;22;1630;1;1;1;4;35
201400020385;14;9;26;915;1;1;7;5;35
201400020386;14;11;20;1800;3;1;1;2;35
201400020387;14;11;29;2105;3;1;1;7;35
201400020388;14;3;3;1545;1;1;3;6;35
201400020389;14;4;11;1645;1;1;1;7;35
201400020391;14;7;21;745;1;1;1;7;35
201400020392;14;8;9;700;2;1;1;7;35
201400020393;14;10;7;1630;1;1;1;2;35
201400020394;14;10;8;2145;3;1;1;1;35
201400020395;14;10;16;1500;1;1;1;7;35
201400020396;14;1;3;1815;3;1;1;2;35
201400020397;14;2;10;1645;1;1;1;1;35
201400020398;14;8;19;1515;1;1;1;6;35
201400020399;14;9;24;1100;1;1;1;2;35
201400020400;14;11;21;1000;1;1;1;3;35
201400020401;14;1;3;1625;1;2;1;3;35
201400020402;14;1;10;1050;1;2;1;3;35
201400020403;14;2;2;1620;1;2;1;7;35
201400020404;14;2;14;910;1;2;2;3;35
201400020405;14;3;11;1150;1;2;1;2;35
201400020406;14;3;21;1710;1;1;1;1;35
201400020407;14;4;1;1725;1;2;1;3;35
201400020408;14;4;2;1630;1;2;1;6;35
201400020409;14;4;4;1650;1;2;2;6;35
201400020410;14;4;9;1710;1;2;1;6;35
201400020411;14;4;12;1930;1;2;1;6;35
201400020412;14;4;22;1020;1;2;1;3;35
201400020413;14;5;15;1700;1;2;1;6;35
201400020414;14;5;17;1845;1;2;1;4;35
201400020416;14;6;16;1635;1;2;1;3;35
201400020417;14;6;13;1150;1;2;1;1;35
201400020418;14;6;19;1710;1;2;1;3;35
201400020419;14;7;7;905;1;2;1;3;35
201400020420;14;7;17;1715;1;2;1;2;35
201400020421;14;7;19;220;5;2;1;3;35
201400020422;14;7;22;825;1;2;1;3;35
201400020423;14;8;8;1600;1;2;1;6;35
201400020424;14;9;6;1940;1;2;1;2;35
201400020425;14;9;8;1010;1;2;1;3;35
201400020426;14;9;10;1905;1;2;1;6;35
201400020427;14;9;13;1220;1;1;1;3;35
201400020428;14;9;17;1217;1;2;1;6;35
201400020430;14;9;19;1620;1;2;1;3;35
201400020431;14;9;24;1540;1;2;1;3;35
201400020432;14;10;11;1915;5;2;1;4;35
201400020433;14;10;31;1315;1;2;1;6;35
201400020434;14;11;5;1655;1;2;1;6;35
201400020435;14;11;8;1610;1;2;1;6;35
201400020436;14;11;10;510;5;1;5;7;35
201400020437;14;11;12;1500;1;2;1;2;35
201400020438;14;11;13;935;1;2;1;6;35
201400020439;14;11;15;1123;1;2;1;3;35
201400020440;14;11;23;1910;5;2;1;1;35
201400020441;14;11;24;2337;5;2;1;1;35
201400020442;14;11;25;1255;1;2;2;3;35
201400020443;14;11;28;1505;1;2;1;6;35
201400020444;14;12;1;1145;1;2;8;3;35
201400020445;14;12;3;1640;2;2;2;3;35
201400020446;14;12;10;2010;5;2;2;6;35
201400020447;14;12;30;955;1;2;1;6;35
201400020448;14;1;10;1815;1;1;1;7;35
201400020449;14;1;17;1700;1;1;1;6;35
201400020450;14;2;27;1315;1;1;1;6;35
201400020451;14;2;6;1515;1;1;1;1;35
201400020452;14;2;8;1530;1;1;8;5;35
201400020453;14;5;3;1900;1;1;1;7;35
201400020454;14;8;23;1200;1;2;1;1;35
201400020455;14;1;27;1345;1;1;1;6;35
201400020456;14;3;14;1630;1;2;1;3;35
201400020457;14;4;16;945;1;2;1;6;35
201400020458;14;4;24;1615;1;1;1;1;35
201400020459;14;5;2;2200;2;1;1;3;35
201400020460;14;6;14;830;1;1;7;1;35
201400020461;14;6;12;1915;1;1;1;3;35
201400020462;14;6;21;1930;1;1;1;5;35
201400020463;14;7;4;1900;1;1;1;3;35
201400020464;14;8;4;2230;3;1;1;3;35
201400020465;14;10;30;1115;2;1;1;1;35
201400020466;14;11;9;315;3;2;1;6;35
201400020467;14;11;22;1300;1;2;1;5;35
201400020468;14;1;12;1600;1;2;1;3;35
201400020469;14;1;16;1945;3;2;2;1;35
201400020470;14;1;29;715;2;2;3;3;35
201400020471;14;4;27;945;1;2;1;7;35
201400020472;14;5;4;2115;5;2;1;7;35
201400020473;14;5;8;930;1;2;1;1;35
201400020474;14;5;8;1745;1;1;1;6;35
201400020475;14;5;10;1745;1;2;1;3;35
201400020476;14;5;23;1330;1;2;1;5;35
201400020477;14;5;29;1645;1;1;1;3;35
201400020478;14;6;20;315;5;1;1;6;35
201400020479;14;6;25;1245;1;1;1;1;35
201400020480;14;7;15;845;1;2;1;1;35
201400020481;14;7;21;1945;1;2;1;3;35
201400020482;14;8;25;500;5;2;1;6;35
201400020483;14;8;24;1830;1;2;1;6;35
201400020484;14;12;8;1545;1;2;1;6;35
201400020485;14;12;14;415;5;2;1;1;35
201400020486;14;1;12;1500;1;1;1;3;35
201400020487;14;1;28;1700;2;1;1;1;35
201400020488;14;2;18;730;1;2;1;1;35
201400020489;14;5;13;1700;1;2;1;3;35
201400020490;14;7;27;1730;1;2;1;1;35
201400020491;14;8;10;500;5;2;8;6;35
201400020492;14;8;10;2345;3;2;1;7;35
201400020493;14;9;2;845;1;2;1;6;35
201400020494;14;9;3;930;3;2;1;7;35
201400020495;14;9;27;1330;1;1;1;3;35
201400020496;14;10;13;2115;3;1;1;6;35
201400020497;14;10;14;1800;1;2;1;6;35
201400020498;14;11;3;1145;1;1;1;6;35
201400020499;14;11;22;1915;5;1;1;3;35
201400020500;14;1;15;1430;1;1;2;1;35
201400020501;14;2;1;245;5;2;2;1;35
201400020502;14;2;9;900;3;2;1;1;35
201400020503;14;8;21;615;2;1;1;2;35
201400020504;14;9;5;1530;1;2;1;1;35
201400020505;14;9;28;1245;1;1;1;2;35
201400020506;14;10;13;1330;1;2;1;3;35
201400020507;14;10;21;1745;2;1;8;3;35
201400020508;14;1;7;805;2;2;1;6;35
201400020509;14;1;9;1125;1;2;1;6;35
201400020510;14;1;10;625;5;2;1;3;35
201400020511;14;1;10;1735;1;2;1;3;35
201400020512;14;1;20;1725;1;2;3;6;35
201400020513;14;1;21;730;2;2;1;6;35
201400020514;14;1;21;1345;1;2;1;6;35
201400020515;14;1;24;1605;1;2;3;3;35
201400020516;14;1;25;1835;5;2;2;6;35
201400020517;14;1;30;1845;5;2;2;6;35
201400020518;14;2;3;1345;1;2;1;3;35
201400020519;14;2;4;1720;1;2;1;3;35
201400020520;14;2;4;1830;5;2;1;3;35
201400020521;14;2;18;1750;1;2;1;6;35
201400020522;14;2;22;1300;1;2;1;2;35
201400020523;14;2;22;1440;1;2;1;3;35
201400020524;14;2;23;1510;1;2;1;2;35
201400020525;14;3;3;1735;1;2;2;3;35
201400020526;14;3;4;1540;1;2;1;3;35
201400020527;14;3;9;710;2;2;1;1;35
201400020528;14;3;10;1720;1;2;1;2;35
201400020529;14;3;11;1810;1;2;1;6;35
201400020530;14;3;14;1405;1;2;1;3;35
201400020531;14;3;14;1715;1;2;1;3;35
201400020532;14;3;19;1215;1;2;1;6;35
201400020533;14;4;4;740;2;2;2;3;35
201400020534;14;4;5;1400;1;2;1;2;35
201400020535;14;4;6;1750;1;2;1;6;35
201400020536;14;4;8;845;1;2;1;6;35
201400020537;14;4;8;1220;1;2;1;3;35
201400020538;14;4;9;1230;1;2;1;3;35
201400020539;14;4;11;2315;5;2;1;3;35
201400020540;14;4;15;945;1;2;1;6;35
201400020541;14;4;16;1845;1;2;1;6;35
201400020542;14;4;19;1730;1;2;1;4;35
201400020543;14;4;19;1820;1;2;1;3;35
201400020544;14;4;30;945;1;2;1;6;35
201400020545;14;4;30;1235;1;2;1;6;35
201400020546;14;5;5;745;1;2;1;3;35
201400020547;14;5;18;505;3;1;1;7;35
201400020548;14;5;19;1655;1;2;1;3;35
201400020549;14;5;21;830;1;2;2;2;35
201400020550;14;5;21;1835;1;2;3;3;35
201400020551;14;5;28;2100;1;2;1;3;35
201400020552;14;6;2;930;1;2;1;3;35
201400020553;14;6;9;1005;1;2;1;6;35
201400020554;14;6;11;1225;1;2;1;3;35
201400020555;14;6;11;1705;1;2;1;3;35
201400020556;14;6;11;1925;1;2;1;4;35
201400020557;14;6;12;1715;1;2;1;2;35
201400020558;14;6;17;1230;1;2;1;2;35
201400020559;14;6;18;1920;1;2;1;3;35
201400020560;14;6;22;420;5;2;1;6;35
201400020561;14;6;27;2340;5;2;1;2;35
201400020562;14;7;2;1530;1;2;1;3;35
201400020563;14;7;2;1910;1;2;1;3;35
201400020564;14;7;7;1825;1;2;1;3;35
201400020565;14;7;15;810;1;2;1;6;35
201400020566;14;7;15;2245;5;2;1;7;35
201400020567;14;7;16;1615;1;2;1;3;35
201400020568;14;7;17;1615;1;2;1;3;35
201400020569;14;7;26;2215;5;2;1;3;35
201400020570;14;7;31;2020;1;2;1;2;35
201400020571;14;8;1;1500;1;2;1;6;35
201400020572;14;8;4;2030;1;2;1;3;35
201400020573;14;8;12;1040;1;2;1;7;35
201400020574;14;8;17;2310;5;2;1;6;35
201400020575;14;8;26;1215;1;2;1;4;35
201400020576;14;8;28;855;1;2;1;6;35
201400020577;14;8;29;820;2;2;2;3;35
201400020578;14;8;31;925;1;2;1;3;35
201400020579;14;8;31;1700;1;2;1;6;35
201400020580;14;9;1;833;1;2;1;3;35
201400020581;14;9;4;1330;1;2;1;2;35
201400020582;14;9;6;1130;1;2;1;2;35
201400020583;14;9;7;1100;1;2;1;6;35
201400020584;14;9;10;1345;1;2;1;3;35
201400020585;14;9;12;750;2;2;7;3;35
201400020586;14;9;12;1210;1;2;1;2;35
201400020587;14;9;14;2300;5;2;1;6;35
201400020588;14;9;16;750;1;2;1;3;35
201400020589;14;9;16;940;1;2;1;2;35
201400020590;14;9;17;1735;1;2;1;4;35
201400020591;14;9;19;1850;1;2;1;2;35
201400020592;14;9;19;2045;5;2;1;3;35
201400020593;14;9;22;1530;1;2;1;3;35
201400020594;14;9;24;1820;1;2;1;3;35
201400020595;14;9;26;955;1;1;1;6;35
201400020596;14;10;3;1600;1;2;1;4;35
201400020597;14;10;5;1020;1;2;2;2;35
201400020598;14;10;6;1940;5;2;3;3;35
201400020599;14;10;9;1055;1;2;3;6;35
201400020600;14;10;11;355;5;2;1;1;35
201400020601;14;10;13;1130;1;2;1;4;35
201400020602;14;10;14;750;1;2;1;3;35
201400020603;14;10;17;1715;1;2;1;6;35
201400020604;14;10;18;1015;1;2;1;1;35
201400020605;14;10;18;1015;1;2;1;3;35
201400020606;14;10;20;1115;1;2;1;3;35
201400020607;14;10;23;1810;1;2;1;4;35
201400020608;14;10;24;1335;1;2;1;1;35
201400020609;14;10;24;1450;1;2;1;3;35
201400020610;14;10;26;2125;5;2;1;2;35
201400020611;14;10;27;1555;1;2;1;2;35
201400020612;14;10;28;840;1;2;1;2;35
201400020613;14;10;30;1155;1;2;1;1;35
201400020614;14;10;30;1245;1;2;1;2;35
201400020615;14;11;3;1230;1;2;1;3;35
201400020616;14;11;4;1015;1;2;1;3;35
201400020617;14;11;4;1645;1;2;1;3;35
201400020618;14;11;6;1615;1;2;1;3;35
201400020619;14;11;7;1525;1;2;1;7;35
201400020620;14;11;10;1520;1;2;1;2;35
201400020621;14;11;10;2150;5;2;9;6;35
201400020622;14;11;11;1455;1;2;9;6;35
201400020623;14;11;12;1823;5;2;1;3;35
201400020624;14;11;17;1620;1;2;2;2;35
201400020625;14;11;17;1915;5;2;1;3;35
201400020626;14;11;19;1335;1;2;1;2;35
201400020627;14;11;21;850;1;2;1;6;35
201400020628;14;11;21;1205;1;2;1;3;35
201400020629;14;11;25;1830;5;2;2;3;35
201400020630;14;12;1;1130;1;2;1;3;35
201400020631;14;12;3;1350;1;2;1;7;35
201400020632;14;12;6;1750;5;2;1;3;35
201400020633;14;12;8;740;2;2;1;3;35
201400020634;14;12;9;1500;1;2;1;2;35
201400020635;14;12;9;1735;5;2;1;7;35
201400020636;14;12;17;1255;1;2;2;2;35
201400020637;14;12;19;1900;5;2;2;3;35
201400020638;14;12;20;1900;5;2;1;3;35
201400020639;14;12;22;1800;5;2;1;2;35
201400020640;14;12;24;1740;5;2;1;6;35
201400020641;14;12;25;1815;5;2;1;3;35
201400020642;14;8;3;1630;1;1;1;1;35
201400020643;14;9;3;1700;1;1;1;3;35
201400020644;14;1;8;1045;1;1;2;7;35
201400020645;14;4;14;2145;3;1;1;6;35
201400020646;14;6;11;1130;1;1;1;6;35
201400020647;14;7;14;1930;1;2;1;1;35
201400020648;14;7;26;1330;1;1;1;7;35
201400020649;14;8;30;1815;1;1;1;5;35
201400020650;14;10;10;100;3;1;1;7;35
201400020651;14;10;31;1230;5;2;1;3;35
201400020652;14;11;4;2015;5;2;1;6;35
201400020653;14;12;21;1015;1;1;1;6;35
201400020654;14;1;10;1555;1;2;1;6;35
201400020655;14;1;29;1000;1;2;2;6;35
201400020656;14;2;3;1045;1;2;1;6;35
201400020657;14;3;12;1325;1;2;1;2;35
201400020658;14;3;23;1435;1;2;1;5;35
201400020659;14;4;1;1025;1;2;1;6;35
201400020660;14;4;8;745;1;2;1;3;35
201400020661;14;5;7;1540;1;2;1;5;35
201400020662;14;5;17;1601;1;2;7;6;35
201400020663;14;8;25;1015;1;1;1;3;35
201400020664;14;9;14;1230;1;2;1;7;35
201400020665;14;10;14;1750;1;2;1;6;35
201400020666;14;11;1;225;5;2;1;6;35
201400020667;14;11;16;1225;1;1;8;7;35
201400020668;14;1;12;1140;1;2;1;1;35
201400020669;14;4;5;1045;1;2;1;6;35
201400020670;14;5;28;1020;1;1;1;7;35
201400020671;14;7;15;1915;1;2;1;3;35
201400020672;14;8;31;1625;1;2;1;6;35
201400020673;14;10;10;1755;1;2;3;6;35
201400020674;14;7;31;1725;1;2;1;3;35
201400020675;14;12;7;202;5;1;2;6;35
201400020676;14;12;20;2123;5;2;1;2;35