Num_Acc;an;mois;jour;hrmn;lum;agg;atm;col;dep
201400020677;14;12;23;1625;1;2;1;6;35
201400020678;14;4;9;1600;1;2;1;3;35
201400020679;14;7;1;1730;1;2;1;3;35
201400020680;14;7;14;1530;1;2;1;3;35
201400020681;14;11;21;1300;1;1;1;6;35
201400020682;14;12;30;1230;1;1;4;6;35
201400020794;14;12;18;2100;5;2;8;1;36
201400020799;14;4;14;1300;1;2;1;3;36
201400020800;14;9;27;1600;1;1;1;4;36
201400020801;14;11;1;1745;1;1;1;7;36
201400020802;14;12;31;2010;5;2;9;6;36
201400020803;14;12;19;1750;2;1;1;3;36
201400020804;14;1;9;1237;1;1;2;2;36
201400020805;14;11;14;1610;1;2;1;6;36
201400020806;14;2;10;955;1;2;1;6;36
201400020807;14;2;16;1820;2;2;1;7;36
201400020808;14;3;3;1020;1;2;2;6;36
201400020809;14;3;24;1650;1;2;8;6;36
201400020810;14;4;9;1655;1;2;1;7;36
201400020811;14;4;28;1620;1;2;1;6;36
201400020812;14;3;26;1415;1;2;1;7;36
201400020813;14;6;14;1435;1;2;1;3;36
201400020814;14;7;4;1812;1;1;2;1;36
201400020815;14;7;4;1715;1;2;2;7;36
201400020816;14;8;5;1555;1;1;1;6;36
201400020817;14;9;17;1418;1;2;1;7;36
201400020818;14;9;25;1600;1;2;7;6;36
201400020819;14;10;14;650;3;1;3;2;36
201400020820;14;11;26;1720;2;1;2;6;36
201400020821;14;11;30;1945;5;2;8;1;36
201400020822;14;12;13;1355;1;2;1;3;36
201400020823;14;6;11;2315;4;2;1;6;36
201400020824;14;12;12;219;5;2;3;6;36
201400020825;14;1;1;1630;1;1;3;4;36
201400020826;14;1;5;1215;1;1;1;7;36
201400020827;14;1;6;1905;5;2;2;6;36
201400020828;14;1;7;1620;1;2;1;6;36
201400020829;14;1;8;1415;1;1;1;3;36
201400020830;14;1;10;815;2;1;5;2;36
201400020831;14;1;11;1940;5;2;1;6;36
201400020832;14;1;13;1245;1;1;1;3;36
201400020833;14;1;15;1849;3;1;3;5;36
201400020834;14;1;16;1415;1;1;1;6;36
201400020835;14;1;17;1755;4;2;2;6;36
201400020836;14;1;20;815;2;2;1;7;36
201400020837;14;1;23;845;1;2;2;6;36
201400020838;14;1;24;1615;1;2;2;2;36
201400020839;14;1;25;1410;1;2;1;6;36
201400020840;14;1;26;2330;3;2;2;2;36
201400020841;14;1;30;1620;1;2;1;3;36
201400020842;14;1;30;1925;5;2;1;6;36
201400020843;14;1;31;955;1;1;1;6;36
201400020844;14;1;31;1148;1;2;1;7;36
201400020845;14;2;3;1045;1;2;1;2;36
201400020846;14;2;5;1040;1;2;3;3;36
201400020847;14;2;7;1607;1;2;2;2;36
201400020848;14;2;10;850;1;1;1;6;36
201400020849;14;2;8;1100;1;2;1;1;36
201400020850;14;2;16;30;3;2;1;7;36
201400020851;14;2;17;130;5;2;1;7;36
201400020852;14;2;16;1910;5;2;1;3;36
201400020853;14;2;21;900;1;2;1;5;36
201400020854;14;2;21;1625;1;1;1;2;36
201400020855;14;2;21;1915;2;1;1;2;36
201400020856;14;2;21;2050;2;2;1;7;36
201400020857;14;2;22;130;5;2;2;7;36
201400020858;14;2;25;1745;1;2;1;6;36
201400020859;14;2;27;1800;2;2;1;6;36
201400020860;14;3;4;1000;1;1;1;3;36
201400020861;14;3;5;1430;1;2;1;2;36
201400020862;14;3;6;1545;1;2;1;7;36
201400020863;14;3;6;2300;4;2;1;2;36
201400020864;14;3;7;1415;1;2;1;6;36
201400020865;14;3;9;1500;1;1;1;2;36
201400020866;14;3;11;1900;2;2;1;1;38
201400020867;14;3;12;1730;1;1;1;6;38
201400020868;14;3;13;2030;3;1;5;2;38
201400020869;14;3;16;1730;1;2;1;7;38
201400020870;14;3;20;855;1;2;1;4;38
201400020871;14;3;22;1030;1;2;2;7;38
201400020872;14;3;23;2250;5;1;1;7;38
201400020873;14;3;23;1225;1;2;1;7;38
201400020874;14;3;25;1515;1;2;1;6;38
201400020875;14;3;29;1545;1;2;1;6;38
201400020876;14;4;4;800;2;2;2;6;38
201400020877;14;4;3;1820;1;1;1;7;40
201400020878;14;4;7;1700;1;2;1;2;40
201400020879;14;4;7;1800;1;1;1;4;40
201400020880;14;4;9;1915;1;2;1;6;40
201400020881;14;4;10;1510;1;2;1;2;40
201400020882;14;4;13;130;4;2;1;2;40
201400020883;14;4;14;745;2;2;2;7;40
201400020884;14;4;19;2145;5;2;1;6;40
201400020885;14;4;23;1940;1;2;1;7;40
201400020886;14;4;26;315;4;1;2;7;40
201400020887;14;4;26;1530;1;2;1;7;40
201400020888;14;4;29;2345;5;2;1;7;40
201400020889;14;4;30;1600;1;2;1;6;40
201400020890;14;5;2;930;1;1;1;3;40
201400020891;14;5;2;2220;5;1;1;2;40
201400020892;14;5;3;650;1;2;1;3;40
201400020893;14;5;3;2000;1;2;1;3;40
201400020894;14;5;9;1400;1;2;1;3;40
201400020895;14;5;9;1610;1;2;1;7;40
201400020896;14;5;11;340;4;2;1;7;40
201400020897;14;5;12;1800;1;2;1;3;40
201400020898;14;5;12;2040;1;1;1;2;40
201400020899;14;5;1;1230;1;2;1;7;40
201400020900;14;5;17;2055;2;2;1;6;40
201400020901;14;5;18;1015;1;1;1;3;40
201400020902;14;5;17;1745;1;2;1;6;40
201400020903;14;5;21;855;1;2;1;3;40
201400020904;14;5;22;100;3;1;1;6;40
201400020905;14;5;22;830;1;1;2;4;40
201400020906;14;5;24;1955;2;1;1;7;40
201400020907;14;5;26;1830;1;2;1;1;40
201400020908;14;5;30;1540;1;1;1;7;40
201400020909;14;6;1;1230;1;2;1;2;40
201400020910;14;6;4;1600;1;2;1;3;40
201400020911;14;6;6;1515;1;2;1;3;40
201400020912;14;6;7;710;2;1;2;7;40
201400020913;14;6;11;2140;2;1;1;3;40
201400020914;14;6;12;1800;1;2;1;3;40
201400020915;14;6;14;1810;1;2;1;1;40
201400020916;14;6;16;1450;1;2;1;6;40
201400020917;14;6;19;1530;1;2;1;2;40
201400020918;14;6;20;800;1;2;1;2;40
201400020919;14;6;21;600;2;2;1;3;40
201400020920;14;6;22;1250;1;2;1;3;40
201400020921;14;6;24;1720;1;2;1;7;40
201400020922;14;6;26;1305;1;2;1;7;40
201400020923;14;7;2;1930;1;2;1;3;40
201400020924;14;7;3;1530;1;2;1;2;41
201400020925;14;7;3;2130;2;1;1;6;41
201400020926;14;7;7;1850;1;1;3;4;41
201400020927;14;7;9;1610;1;1;1;3;41
201400020928;14;7;12;1315;1;1;1;2;41
201400020929;14;7;14;1653;1;2;1;7;41
201400020930;14;7;17;1500;1;1;1;2;41
201400020931;14;7;17;1830;1;2;3;2;41
201400020932;14;7;17;1830;1;2;1;3;41
201400020933;14;7;20;1300;1;2;1;7;41
201400020934;14;7;21;1045;1;2;1;2;41
201400020935;14;7;22;1300;1;2;1;3;41
201400020936;14;7;27;1130;1;1;1;3;41
201400020937;14;7;31;1830;1;1;1;7;41
201400020938;14;8;2;1210;1;1;9;3;41
201400020939;14;8;3;2045;5;2;1;1;41
201400020940;14;8;6;1825;1;2;1;3;41
201400020941;14;8;9;10;3;1;3;6;41
201400020942;14;8;9;1405;1;2;1;3;41
201400020943;14;8;14;1925;1;2;2;6;41
201400020944;14;8;15;800;1;1;1;3;41
201400020945;14;8;18;1435;1;2;1;3;41
201400020946;14;8;20;245;5;2;1;7;41
201400020947;14;8;20;2025;1;2;1;3;41
201400020948;14;8;25;1915;1;1;1;2;41
201400020949;14;8;26;855;1;2;1;7;41
201400020950;14;8;29;1725;1;1;1;6;41
201400020951;14;9;1;2030;2;2;1;3;41
201400020952;14;9;5;1540;1;2;1;3;41
201400020953;14;9;8;1125;1;2;1;6;41
201400020954;14;9;8;2300;5;2;1;7;41
201400020955;14;9;9;1415;1;2;1;3;41
201400020956;14;9;10;1730;1;2;1;6;41
201400020957;14;9;11;1610;1;2;1;2;41
201400020958;14;9;12;1905;1;2;1;6;41
201400020959;14;9;14;1610;1;2;1;3;41
201400020960;14;9;14;1730;1;1;1;2;41
201400020961;14;9;16;2110;5;2;1;6;41
201400020962;14;9;17;800;1;2;1;3;41
201400020963;14;9;18;725;1;2;1;3;41
201400020964;14;9;18;1530;1;2;1;6;41
201400020965;14;9;22;1500;1;2;1;3;41
201400020966;14;9;24;720;5;2;1;3;41
201400020967;14;9;24;1440;1;2;1;6;41
201400020968;14;9;25;230;5;2;1;7;41
201400020969;14;9;25;745;2;2;1;3;41
201400020970;14;9;26;1710;1;1;1;6;41
201400020971;14;10;2;1710;1;1;1;6;41
201400020972;14;9;27;920;1;2;1;7;41
201400020973;14;9;25;1650;1;2;1;6;41
201400020974;14;9;30;1000;1;2;1;2;41
201400020975;14;10;2;2030;1;2;1;3;41
201400020976;14;10;3;1255;1;1;1;7;41
201400020977;14;10;8;730;4;2;2;6;41
201400020978;14;10;8;800;2;2;1;3;41
201400020979;14;10;9;1650;1;2;1;3;41
201400020980;14;10;9;2220;3;2;1;7;41
201400020981;14;10;10;1000;1;2;1;7;41
201400020982;14;10;13;1120;1;2;1;7;41
201400020983;14;10;14;856;1;1;1;7;41
201400020984;14;10;14;1215;1;2;1;7;41
201400020985;14;10;17;1410;1;1;1;3;41
201400020986;14;10;19;1845;1;2;1;6;41
201400020987;14;10;23;1150;1;2;1;2;41
201400020988;14;10;28;820;2;2;1;3;41
201400020989;14;10;28;2200;5;2;1;2;41
201400020990;14;10;30;2005;3;1;1;6;41
201400020991;14;11;3;850;1;2;2;6;41
201400020992;14;11;3;1145;1;2;1;6;41
201400020993;14;11;3;2000;5;2;1;6;41
201400020994;14;11;4;2000;4;2;1;2;41
201400020995;14;11;5;1310;1;1;1;2;41
201400020996;14;11;6;930;1;2;1;7;41
201400020997;14;11;7;1150;1;1;1;2;41
201400020998;14;11;8;130;5;2;1;6;41
201400020999;14;11;8;530;4;2;1;3;41
201400021000;14;11;10;2030;5;2;1;4;41
201400021001;14;11;11;1250;1;2;1;7;41
201400021002;14;11;12;910;1;2;1;1;41
201400021003;14;11;11;2010;3;2;1;3;41
201400021004;14;11;19;1730;1;2;1;2;41
201400021005;14;11;20;1510;1;1;1;3;41
201400021006;14;11;20;1825;5;2;1;4;41
201400021007;14;11;25;1725;2;1;1;4;41
201400021008;14;11;25;2000;5;1;2;6;42
201400021009;14;11;26;1700;1;2;2;6;42
201400021010;14;11;28;1700;1;2;1;2;42
201400021011;14;11;27;855;1;1;2;6;42
201400021012;14;11;27;1230;1;2;1;2;42
201400021013;14;11;28;755;2;2;1;2;42
201400021014;14;11;29;1410;1;2;1;3;42
201400021015;14;11;29;1740;2;2;1;6;42
201400021016;14;11;30;630;2;2;1;7;42
201400021017;14;12;3;1015;1;2;1;3;42
201400021018;14;12;3;1320;1;1;1;7;42
201400021019;14;12;12;1330;1;2;1;7;42
201400021020;14;12;12;1800;4;1;1;3;42
201400021021;14;12;13;750;3;2;1;7;42
201400021022;14;12;13;915;1;2;1;2;42
201400021023;14;12;13;1415;1;2;1;7;42
201400021024;14;12;13;1745;3;1;1;3;42
201400021025;14;12;15;1920;5;2;1;6;42
201400021026;14;12;17;1445;1;1;2;5;42
201400021027;14;12;21;30;4;1;1;2;42
201400021028;14;12;21;1735;2;1;1;7;42
201400021029;14;12;26;1430;1;1;1;3;42
201400021030;14;12;29;830;3;1;1;3;42
201400021048;14;2;24;855;1;2;1;3;42
201400021049;14;3;28;1525;1;1;1;1;42
201400021050;14;3;29;355;3;1;1;6;42
201400021051;14;4;3;800;1;2;2;3;42
201400021052;14;4;28;1730;1;1;1;2;42
201400021053;14;6;1;500;3;1;1;6;42
201400021054;14;9;17;850;1;2;1;3;42
201400021055;14;9;27;1021;1;2;1;6;42
201400021056;14;9;28;237;3;1;1;7;42
201400021057;14;10;17;635;2;2;1;2;42
201400021058;14;11;11;1155;1;1;1;5;42
201400021059;14;11;13;1940;5;2;1;6;42
201400021060;14;11;29;1737;5;2;2;6;42
201400021061;14;2;21;1100;1;2;8;3;42
201400021062;14;3;8;1730;1;2;1;3;42
201400021063;14;3;31;2255;5;2;1;6;42
201400021064;14;4;2;1815;1;2;1;6;42
201400021065;14;4;4;2125;5;2;1;3;42
201400021066;14;5;9;1630;1;2;1;6;42
201400021067;14;5;15;505;5;2;1;7;42
201400021068;14;5;20;1825;1;1;2;1;42
201400021069;14;5;25;2215;5;2;1;7;42
201400021070;14;5;24;1624;1;2;9;6;42
201400021071;14;5;23;1445;1;2;2;6;42
201400021072;14;5;29;1744;1;1;1;3;42
201400021073;14;6;1;1600;1;2;1;6;42
201400021074;14;6;2;1230;1;2;1;3;42
201400021075;14;6;8;1220;1;2;1;3;42
201400021076;14;6;17;1608;1;1;1;2;42
201400021077;14;6;17;940;1;2;1;6;42
201400021078;14;8;30;1344;1;2;1;3;42
201400021079;14;9;11;1052;1;2;1;3;42
201400021080;14;9;21;1810;1;2;1;6;42
201400021081;14;10;6;2115;5;2;2;3;42
201400021082;14;10;10;1035;1;1;1;1;42
201400021083;14;10;29;812;1;2;1;6;42
201400021084;14;11;1;1912;5;2;1;6;42
201400021086;14;12;11;900;1;1;2;6;42
201400021087;14;1;5;156;5;2;3;6;42
201400021094;14;1;15;1430;1;2;1;6;42
201400021096;14;1;18;1843;5;2;1;6;42
201400021102;14;1;29;1901;5;2;2;3;42
201400021105;14;2;6;755;1;2;8;3;42
201400021106;14;2;7;1110;1;2;2;6;42
201400021107;14;2;7;1252;1;2;2;6;42
201400021111;14;2;15;1930;5;2;2;3;42
201400021113;14;2;17;1640;1;2;1;6;42
201400021114;14;3;3;1208;1;2;1;6;42
201400021116;14;3;7;1616;1;2;1;3;42
201400021117;14;3;7;1701;1;2;1;6;42
201400021120;14;3;13;1652;1;2;1;6;42
201400021130;14;4;9;1950;2;2;1;6;42
201400021133;14;4;16;1744;1;2;1;2;42
201400021134;14;4;26;417;3;1;2;1;42
201400021135;14;4;27;1248;1;2;1;7;42
201400021138;14;5;13;1720;1;1;2;5;42
201400021139;14;5;13;1747;1;2;2;6;42
201400021140;14;5;19;720;1;2;1;3;42
201400021144;14;5;24;1437;1;2;1;6;42
201400021145;14;5;25;1209;1;2;1;1;42
201400021147;14;5;28;859;1;2;1;6;42
201400021148;14;5;28;1255;1;2;1;6;42
201400021149;14;5;31;1423;1;2;1;6;42
201400021150;14;5;31;2345;5;2;1;6;42
201400021151;14;6;2;1541;1;2;1;3;42
201400021152;14;6;3;715;1;2;1;6;42
201400021154;14;6;4;1615;1;2;1;2;42
201400021155;14;6;6;1415;1;2;1;6;42
201400021156;14;6;9;1017;1;2;1;3;42
201400021157;14;6;17;1035;1;2;1;6;42
201400021158;14;6;17;1225;1;2;1;6;42
201400021159;14;6;17;1651;1;2;1;6;42
201400021160;14;6;19;307;5;2;1;7;42
201400021161;14;6;21;2313;5;2;1;6;42
201400021162;14;6;24;1026;1;2;1;6;42
201400021163;14;6;24;1638;1;2;1;6;42
201400021164;14;6;25;1146;1;2;1;2;42
201400021165;14;6;26;1247;1;2;1;3;42
201400021166;14;6;26;1840;1;2;1;6;42
201400021167;14;6;27;854;1;2;1;3;42
201400021168;14;7;8;2021;5;1;3;6;42
201400021169;14;7;10;1018;1;2;2;6;42
201400021170;14;7;15;1311;1;2;1;6;42
201400021171;14;7;16;1856;1;2;1;6;42
201400021172;14;7;21;1218;1;2;2;3;42
201400021173;14;7;21;1846;1;2;8;3;42
201400021174;14;7;22;1845;1;1;8;7;42
201400021175;14;7;24;856;1;2;1;3;42
201400021176;14;7;25;749;1;2;1;6;42
201400021179;14;7;29;1835;1;1;2;1;42
201400021180;14;8;1;55;5;2;1;6;42
201400021181;14;8;7;2126;3;2;1;6;42
201400021182;14;8;20;1451;1;2;8;6;42
201400021184;14;8;23;1728;1;2;1;6;42
201400021185;14;8;23;2336;5;2;2;3;42
201400021186;14;8;28;1838;1;2;1;6;42
201400021187;14;8;29;1937;1;2;1;3;42
201400021188;14;9;2;1718;1;2;1;3;42
201400021189;14;9;2;2030;5;2;1;1;42
201400021190;14;9;9;1810;1;2;1;3;42
201400021191;14;9;5;1257;1;2;1;6;42
201400021192;14;9;6;1952;1;2;1;2;42
201400021193;14;9;7;926;1;2;1;3;42
201400021194;14;9;12;1953;2;2;1;6;42
201400021195;14;9;13;1414;1;2;1;3;42
201400021196;14;9;13;1905;1;2;1;6;42
201400021197;14;9;14;2025;5;2;1;6;42
201400021199;14;9;15;1741;1;2;1;3;42
201400021200;14;9;19;425;5;2;1;6;42
201400021201;14;9;18;1920;2;2;1;1;42
201400021203;14;9;4;1700;1;2;1;6;42
201400021206;14;10;10;740;2;2;2;2;42
201400021207;14;10;15;1908;1;2;2;3;42
201400021211;14;10;17;1713;1;2;1;2;42
201400021213;14;10;21;1213;1;2;2;3;42
201400021214;14;10;21;2349;5;2;1;6;42
201400021215;14;10;24;1758;1;2;1;1;42
201400021216;14;10;29;1150;1;2;1;6;42
201400021217;14;11;13;1602;1;2;1;6;42
201400021220;14;11;25;1130;1;2;1;3;42
201400021221;14;11;26;1715;5;2;1;3;42
201400021222;14;11;27;1530;1;2;1;3;42
201400021223;14;12;1;1715;5;2;1;6;42
201400021224;14;12;4;1553;1;2;1;6;42
201400021225;14;12;7;1500;1;2;1;7;42
201400021226;14;12;13;1115;1;2;1;6;42
201400021227;14;12;19;2136;5;2;2;6;42
201400021228;14;12;25;7;5;2;2;6;42
201400021231;14;1;19;1534;1;2;1;6;42
201400021233;14;5;26;1620;1;2;1;3;42
201400021235;14;6;11;1610;1;2;1;6;42
201400021236;14;11;21;1220;1;2;1;1;42
201400021237;14;7;10;1649;1;2;8;3;42
201400021238;14;7;15;1615;1;2;7;6;42
201400021239;14;10;6;1613;1;2;1;6;42
201400021241;14;7;26;1746;1;2;1;7;42
201400021242;14;9;19;1342;1;2;1;6;42
201400021243;14;9;25;1355;1;2;1;6;42
201400021244;14;10;23;1640;1;2;1;1;42
201400021245;14;10;23;1551;1;2;1;6;42
201400021246;14;11;12;1104;1;2;2;6;42
201400021247;14;11;12;1837;5;2;3;6;42
201400021248;14;11;24;2031;3;1;1;1;42
201400021249;14;10;11;2340;5;2;1;7;42
201400021250;14;7;22;1740;1;2;3;3;42
201400021251;14;11;28;1710;5;2;1;6;42
201400021252;14;9;26;1250;1;2;1;1;42
201400021253;14;10;3;2015;5;2;1;6;42
201400021254;14;10;29;916;1;2;1;6;42
201400021255;14;11;12;740;5;2;2;6;42
201400021256;14;11;15;1717;5;2;2;6;42
201400021257;14;11;18;1450;1;2;1;3;42
201400021260;14;1;31;650;5;2;9;7;42
201400021262;14;2;28;1235;1;2;2;6;42
201400021263;14;3;2;1720;1;2;8;3;42
201400021267;14;4;26;735;1;2;1;3;42
201400021268;14;5;24;1700;1;2;1;6;42
201400021269;14;6;21;1923;1;2;1;5;42
201400021270;14;6;23;928;1;2;1;3;42
201400021272;14;7;1;945;1;2;1;6;42
201400021273;14;7;1;1210;1;2;1;2;42
201400021274;14;7;1;1820;1;2;1;6;42
201400021275;14;7;10;930;1;2;3;6;42
201400021276;14;7;11;1850;1;2;2;6;42
201400021277;14;7;15;1600;1;2;1;2;42
201400021278;14;7;19;1950;1;2;1;2;42
201400021280;14;8;2;1135;1;2;1;3;42
201400021281;14;8;8;1010;1;2;1;3;42
201400021282;14;8;9;1800;1;2;1;6;42
201400021284;14;9;8;1450;1;2;1;6;42
201400021286;14;9;26;1919;2;2;1;3;42
201400021287;14;10;3;1525;1;2;1;6;42
201400021289;14;10;22;1520;1;2;8;3;42
201400021290;14;11;15;1710;5;2;2;6;42
201400021291;14;11;25;1215;1;2;1;2;42
201400021292;14;11;27;1117;1;1;1;7;42
201400021293;14;11;28;1340;1;2;1;3;42
201400021294;14;11;29;1330;1;1;1;7;42
201400021296;14;12;18;1555;1;2;2;7;42
201400021297;14;12;18;1815;5;2;2;6;42
201400021299;14;1;10;2130;3;1;1;3;42
201400021300;14;1;18;1115;1;1;2;7;42
201400021301;14;2;15;715;2;1;1;7;42
201400021302;14;4;8;930;1;1;2;7;42
201400021303;14;7;13;415;3;1;1;7;42
201400021304;14;7;27;1830;1;1;1;3;42
201400021305;14;11;17;1200;1;1;8;1;42
201400021306;14;12;15;1400;1;1;1;6;42
201400021307;14;1;15;815;3;1;2;3;42
201400021308;14;1;26;615;3;1;1;6;42
201400021309;14;1;28;1115;1;2;1;6;42
201400021310;14;6;7;1100;1;1;1;6;42
201400021311;14;8;25;1630;1;1;3;1;42
201400021312;14;9;17;1715;1;1;1;1;42
201400021313;14;12;7;300;3;1;9;6;42
201400021314;14;9;14;1115;1;1;1;3;42
201400021315;14;9;14;1330;1;1;1;6;42
201400021316;14;11;5;1800;3;1;1;6;42
201400021317;14;1;12;1;3;2;8;6;42
201400021318;14;4;13;1415;1;1;1;4;42
201400021319;14;4;17;1700;1;2;1;2;42
201400021320;14;5;10;2000;1;2;1;1;42
201400021321;14;5;17;1700;1;1;1;3;42
201400021322;14;6;11;1145;1;1;1;1;42
201400021323;14;6;13;1400;1;2;1;3;42
201400021324;14;6;27;600;1;1;1;6;42
201400021325;14;7;26;1445;1;2;7;1;42
201400021326;14;10;19;1645;1;1;1;3;42
201400021327;14;11;17;1645;2;2;2;2;42
201400021328;14;12;6;1730;3;1;9;6;42
201400021329;14;12;19;1215;1;2;2;1;42
201400021330;14;12;19;1645;2;2;1;3;42
201400021331;14;1;14;1745;5;2;1;6;42
201400021332;14;3;5;1415;1;2;1;6;42
201400021333;14;3;31;915;1;2;7;1;42
201400021334;14;6;16;1230;1;2;1;6;42
201400021335;14;9;3;1200;1;1;1;3;42
201400021336;14;9;21;1700;1;1;1;6;42
201400021337;14;11;7;2330;3;2;9;6;42
201400021338;14;12;1;1830;3;1;1;5;42
201400021339;14;12;9;1715;2;1;8;1;42
201400021340;14;2;7;1745;5;2;2;6;42
201400021341;14;5;7;1745;1;1;1;1;42
201400021342;14;5;11;1700;1;1;1;1;42
201400021343;14;6;12;815;1;2;1;3;42
201400021344;14;7;5;1845;1;1;1;5;42
201400021345;14;7;5;2300;5;2;1;6;42
201400021346;14;9;2;2200;3;1;1;7;42
201400021347;14;9;10;845;1;2;1;6;42
201400021348;14;9;28;530;3;1;1;6;42
201400021349;14;10;1;200;5;2;1;6;42
201400021350;14;10;2;1000;1;2;1;6;42
201400021351;14;10;29;115;3;2;1;2;42
201400021352;14;11;14;2330;5;2;2;1;42
201400021353;14;2;15;400;3;1;1;6;42
201400021354;14;3;7;1530;1;2;1;6;42
201400021357;14;8;16;800;2;1;1;7;42
201400021358;14;10;18;1130;1;1;1;1;42
201400021359;14;11;5;1815;3;1;1;1;42
201400021362;14;2;20;1355;1;2;1;6;42
201400021365;14;3;2;1650;1;2;1;3;42
201400021366;14;3;4;840;1;2;1;3;42
201400021371;14;6;3;1810;1;2;1;6;42
201400021385;14;12;19;1006;1;2;1;3;42
201400021387;14;1;10;1730;2;2;1;3;42
201400021388;14;1;15;745;2;2;1;7;42
201400021389;14;1;16;1720;2;2;1;3;42
201400021390;14;1;17;945;1;2;1;3;42
201400021391;14;2;4;830;1;2;2;6;42
201400021392;14;2;8;2005;5;2;1;3;43
201400021394;14;2;11;1900;5;2;1;3;43
201400021395;14;2;16;2150;5;2;8;1;43
201400021397;14;2;13;1500;1;1;1;3;43
201400021399;14;2;20;1815;2;2;1;6;43
201400021402;14;3;3;906;1;2;2;2;43
201400021405;14;3;19;1813;1;2;1;6;43
201400021406;14;3;24;1625;1;2;1;3;43
201400021407;14;3;28;800;1;2;1;2;43
201400021408;14;3;29;1154;1;2;1;3;43
201400021410;14;4;4;757;1;2;1;2;43
201400021412;14;4;11;1440;1;2;1;3;43
201400021413;14;4;14;1150;1;2;1;3;43
201400021414;14;4;15;940;1;2;1;6;43
201400021416;14;4;23;1750;1;2;1;3;43
201400021419;14;5;9;1820;1;2;1;3;45
201400021420;14;5;13;1350;1;2;1;3;45
201400021421;14;6;2;1546;1;2;1;2;45
201400021422;14;6;3;445;5;2;1;1;45
201400021424;14;6;5;1037;1;2;1;6;45
201400021426;14;6;9;830;1;2;1;3;45
201400021427;14;6;11;1540;1;2;1;3;45
201400021428;14;6;11;1920;1;2;1;1;45
201400021429;14;6;13;826;1;2;1;6;45
201400021430;14;6;19;1740;1;2;1;6;45
201400021434;14;7;4;915;1;2;1;6;45
201400021436;14;7;14;1535;1;2;1;7;45
201400021438;14;7;17;1546;1;2;1;2;45
201400021442;14;7;31;1230;1;2;1;6;45
201400021443;14;8;7;2208;2;2;1;3;45
201400021444;14;8;16;1230;1;2;1;2;45
201400021447;14;9;9;1100;1;2;1;3;45
201400021449;14;9;16;1820;1;2;1;3;45
201400021451;14;9;30;1120;1;2;1;3;45
201400021452;14;10;1;1120;1;2;1;3;45
201400021454;14;10;8;1705;1;2;1;3;45
201400021455;14;10;11;1826;1;2;1;3;45
201400021457;14;10;19;1335;1;2;1;6;45
201400021458;14;10;22;1725;1;2;1;6;45
201400021459;14;10;24;1700;1;2;1;2;45
201400021460;14;10;24;1950;5;2;1;2;45
201400021461;14;10;26;2050;5;2;1;3;45
201400021462;14;10;27;1100;1;2;1;3;45
201400021463;14;11;4;820;1;2;3;3;45
201400021464;14;11;7;840;1;2;1;6;45
201400021466;14;11;19;1815;2;2;1;3;45
201400021468;14;11;27;1340;1;2;1;6;45
201400021471;14;12;8;940;1;2;1;6;45
201400021472;14;12;9;1515;1;2;1;3;45
201400021473;14;12;10;745;2;2;1;3;45
201400021474;14;12;15;1300;1;2;1;3;45
201400021476;14;12;17;1138;1;2;1;6;45
201400021478;14;12;17;1811;5;2;2;7;45
201400021480;14;1;8;1720;5;2;1;3;45
201400021481;14;1;10;1050;1;2;1;3;45
201400021483;14;1;15;2007;5;2;1;1;45
201400021486;14;1;29;736;1;2;1;6;45
201400021487;14;1;31;800;1;2;1;3;45
201400021488;14;2;2;220;5;2;1;6;45
201400021490;14;2;24;900;1;2;1;6;45
201400021491;14;2;26;800;1;2;2;6;45
201400021492;14;3;7;1545;1;2;1;3;45
201400021493;14;3;17;1705;1;2;1;6;45
201400021494;14;3;18;1445;1;2;1;6;45
201400021495;14;3;22;2205;5;2;2;1;45
201400021496;14;3;21;1000;1;2;1;6;45
201400021498;14;4;9;1515;1;2;1;6;45
201400021499;14;4;12;2355;5;2;1;6;45
201400021500;14;4;12;1545;1;2;1;7;45
201400021501;14;4;14;2104;5;2;1;3;45
201400021502;14;4;18;1725;1;2;1;6;45
201400021503;14;4;23;2205;5;2;1;4;45
201400021504;14;4;26;1634;1;2;1;3;45
201400021505;14;5;10;1420;1;2;1;6;45
201400021507;14;6;4;1625;1;2;2;6;45
201400021512;14;6;28;1453;1;2;1;1;45
201400021513;14;6;30;2125;1;2;1;3;45
201400021514;14;7;23;1520;1;2;1;3;45
201400021515;14;7;28;1446;1;2;2;3;45
201400021516;14;8;13;1025;1;2;1;6;45
201400021517;14;8;15;1315;1;2;1;7;45
201400021518;14;8;27;1825;1;1;1;3;45
201400021521;14;9;3;1620;1;2;1;2;45
201400021523;14;9;6;2125;5;2;1;3;45
201400021527;14;9;17;2210;5;2;3;7;45
201400021528;14;9;18;1912;1;1;3;7;45
201400021530;14;9;19;1630;1;2;1;6;45
201400021531;14;9;21;2020;5;2;1;3;45
201400021532;14;9;27;1245;1;2;1;3;45
201400021533;14;9;26;1940;5;2;1;3;45
201400021534;14;10;4;1648;1;2;1;6;45
201400021537;14;10;8;2055;3;2;1;2;45
201400021538;14;10;24;1645;1;2;1;6;45
201400021539;14;10;1;1000;1;2;1;6;45
201400021540;14;11;16;1415;1;2;1;6;45
201400021541;14;11;15;1110;1;2;1;3;45
201400021542;14;11;19;1559;1;2;1;6;45