Num_Acc;an;mois;jour;hrmn;lum;agg;atm;col;dep
201400021544;14;11;30;1012;1;2;1;6;45
201400021545;14;12;1;1725;2;2;1;5;45
201400021546;14;12;3;1620;1;2;1;3;45
201400021550;14;3;1;1545;1;1;1;2;45
201400021551;14;5;7;2015;1;2;1;3;45
201400021552;14;8;29;1515;1;2;1;3;45
201400021553;14;5;6;800;1;2;1;3;45
201400021554;14;5;19;1645;1;1;1;1;45
201400021555;14;9;30;645;2;2;2;1;45
201400021556;14;10;29;915;1;1;1;2;45
201400021557;14;11;2;1445;1;1;1;7;45
201400021558;14;4;23;745;1;2;1;5;45
201400021559;14;9;29;1700;1;2;1;3;45
201400021560;14;4;6;815;1;2;1;6;45
201400021561;14;4;9;1915;1;1;1;2;45
201400021562;14;6;5;715;1;1;1;6;45
201400021563;14;8;1;1630;1;1;1;6;45
201400021564;14;8;29;1100;1;1;1;1;45
201400021565;14;9;12;1815;1;2;1;6;45
201400021566;14;9;14;630;2;1;1;1;45
201400021567;14;10;10;2215;3;2;1;6;45
201400021568;14;10;12;1130;1;1;1;1;45
201400021569;14;10;15;1600;1;2;1;2;45
201400021570;14;10;30;1830;3;1;1;6;45
201400021571;14;12;12;1000;1;2;1;1;45
201400021572;14;12;20;1230;1;2;2;1;45
201400021573;14;1;24;1030;1;1;8;7;46
201400021574;14;6;4;1445;1;2;1;3;46
201400021575;14;8;5;2145;5;2;1;6;46
201400021576;14;12;8;2230;5;2;2;6;46
201400021577;14;1;25;30;3;1;2;1;46
201400021578;14;1;28;745;3;1;8;7;46
201400021579;14;4;8;115;3;1;8;7;46
201400021580;14;5;2;1345;1;1;8;6;46
201400021581;14;5;5;600;2;1;1;2;46
201400021582;14;6;7;845;1;1;1;2;46
201400021583;14;6;12;330;3;1;1;5;46
201400021584;14;6;19;2100;2;1;7;2;46
201400021585;14;7;4;1745;1;1;1;1;46
201400021586;14;7;21;15;3;1;1;4;46
201400021587;14;10;17;2145;3;1;1;2;46
201400021588;14;10;25;330;3;1;1;2;46
201400021589;14;11;25;300;3;1;8;3;46
201400021590;14;12;21;1800;1;1;1;6;46
201400021591;14;12;15;1830;3;1;2;7;46
201400021592;14;1;10;925;1;2;1;6;48
201400021593;14;1;29;1935;5;2;1;2;48
201400021594;14;2;6;250;5;2;1;6;48
201400021595;14;3;3;1205;1;2;1;3;48
201400021596;14;3;6;1555;1;2;1;6;49
201400021597;14;3;11;1259;1;2;1;6;49
201400021598;14;3;19;1849;1;2;1;6;49
201400021599;14;3;29;1300;1;2;1;4;49
201400021600;14;4;9;1920;1;2;1;6;49
201400021601;14;4;30;935;1;2;1;6;49
201400021602;14;5;16;1325;1;2;1;6;49
201400021603;14;5;25;2155;3;2;1;1;49
201400021604;14;6;1;1255;1;2;1;3;49
201400021605;14;6;5;1810;1;2;1;6;49
201400021606;14;6;16;1350;1;2;1;6;49
201400021607;14;6;23;1525;1;2;1;3;49
201400021608;14;6;7;1440;1;2;1;6;49
201400021609;14;7;7;1235;1;2;1;3;49
201400021610;14;8;15;1740;1;2;1;6;49
201400021611;14;8;16;200;5;2;1;6;49
201400021612;14;10;2;1000;1;2;2;6;49
201400021613;14;10;9;905;1;2;1;6;49
201400021616;14;12;1;1655;1;2;1;6;49
201400021619;14;6;25;1800;1;1;1;2;49
201400021620;14;1;22;815;5;2;3;7;49
201400021621;14;3;1;1550;1;2;1;6;49
201400021622;14;3;20;955;1;2;1;6;49
201400021623;14;4;15;1150;1;2;1;5;49
201400021624;14;5;4;1720;1;1;1;6;49
201400021625;14;5;30;1420;1;2;1;6;49
201400021626;14;8;25;1450;1;2;2;3;49
201400021627;14;9;16;1635;1;2;1;3;49
201400021628;14;9;25;1045;1;2;1;3;49
201400021629;14;9;25;1355;1;2;1;2;49
201400021630;14;10;15;1415;1;2;1;3;49
201400021631;14;11;4;2010;5;2;1;6;49
201400021632;14;12;17;1855;1;2;2;4;49
201400021633;14;12;23;1755;4;2;1;5;49
201400021634;14;1;1;815;2;1;2;6;49
201400021635;14;1;10;2345;3;1;2;6;49
201400021636;14;1;30;1615;1;1;4;6;49
201400021637;14;4;9;2045;3;1;1;6;49
201400021638;14;4;23;230;3;1;1;6;49
201400021639;14;6;7;1030;1;1;1;3;49
201400021640;14;7;4;2020;1;1;1;6;49
201400021641;14;9;20;530;3;1;1;6;49
201400021644;14;12;12;445;3;1;3;6;49
201400021645;14;1;5;1715;1;2;2;1;49
201400021646;14;2;9;1415;1;1;1;6;49
201400021647;14;3;21;1800;1;1;1;6;49
201400021648;14;4;16;730;1;2;1;3;49
201400021649;14;4;28;900;1;2;1;6;49
201400021650;14;5;6;1115;1;2;1;2;49
201400021651;14;5;23;1615;1;2;1;6;49
201400021652;14;5;24;1545;1;2;1;6;49
201400021653;14;6;7;1100;1;2;1;3;49
201400021654;14;7;29;1315;1;1;1;6;49
201400021655;14;8;2;1700;1;1;1;6;49
201400021656;14;8;11;1115;1;2;1;2;49
201400021657;14;9;6;1045;1;2;1;6;49
201400021658;14;9;13;1300;1;1;1;6;49
201400021659;14;10;9;1430;1;1;1;7;49
201400021660;14;12;5;1945;5;2;2;3;49
201400021661;14;12;19;1745;3;1;1;1;49
201400021662;14;12;25;2115;5;2;1;1;49
201400021663;14;11;10;1415;1;1;8;3;49
201400021665;14;1;4;1845;5;2;2;3;49
201400021666;14;3;11;1110;1;1;1;7;49
201400021667;14;4;12;750;1;2;1;3;49
201400021668;14;5;6;1745;1;2;1;1;49
201400021669;14;6;12;830;1;1;1;5;49
201400021670;14;7;3;905;1;2;1;3;49
201400021671;14;7;31;755;1;2;1;3;49
201400021672;14;8;18;1425;1;2;1;7;49
201400021673;14;8;14;1855;1;2;1;3;49
201400021674;14;9;8;915;1;2;1;3;49
201400021675;14;9;16;2105;3;2;1;6;49
201400021676;14;10;5;1145;1;2;1;6;49
201400021677;14;10;27;1605;2;2;1;6;49
201400021679;14;2;2;1115;1;1;1;1;49
201400021680;14;7;13;2030;1;1;1;2;49
201400021681;14;11;2;1430;1;1;1;3;49
201400021682;14;2;22;630;2;1;1;7;49
201400021683;14;7;4;1715;1;1;1;2;49
201400021684;14;7;25;900;1;1;1;5;49
201400021685;14;11;24;915;1;1;1;1;49
201400021686;14;1;5;1745;5;2;2;6;49
201400021687;14;1;8;800;2;1;1;7;49
201400021688;14;3;5;1600;1;2;1;7;49
201400021689;14;6;2;830;1;2;1;3;49
201400021690;14;6;29;1600;1;1;2;1;49
201400021691;14;6;29;2015;1;2;1;2;49
201400021692;14;7;2;130;3;2;1;6;49
201400021693;14;9;3;1815;1;1;1;3;49
201400021694;14;9;13;1730;1;1;1;2;49
201400021695;14;10;26;1400;1;2;1;3;49
201400021696;14;12;23;1745;3;1;2;5;49
201400021697;14;9;2;1145;1;1;1;6;49
201400021699;14;3;13;900;1;1;1;6;49
201400021700;14;5;19;1845;1;1;1;2;49
201400021701;14;11;5;1545;1;1;1;6;49
201400021702;14;11;25;2045;3;1;3;1;49
201400021703;14;1;26;1;3;1;1;7;49
201400021704;14;4;27;1800;1;1;2;3;49
201400021705;14;6;8;1745;1;1;1;7;49
201400021706;14;7;15;1345;1;1;1;6;49
201400021707;14;8;9;500;3;1;1;5;49
201400021708;14;9;25;645;2;1;1;2;49
201400021709;14;10;10;930;1;1;1;6;49
201400021710;14;10;29;1600;1;1;7;2;49
201400021711;14;11;12;1845;3;1;2;3;49
201400021712;14;12;15;1345;1;1;1;2;49
201400021713;14;2;3;845;1;1;7;5;49
201400021714;14;4;2;1545;1;2;1;6;49
201400021715;14;5;26;845;1;2;1;2;49
201400021716;14;12;30;515;3;1;9;1;49
201400021717;14;1;4;1715;5;2;1;5;49
201400021718;14;9;16;1725;1;2;1;6;49
201400021720;14;1;8;1940;5;2;2;4;49
201400021721;14;9;19;840;1;2;1;1;49
201400021722;14;1;10;738;5;2;1;6;49
201400021723;14;9;20;220;5;2;1;1;49
201400021724;14;1;11;1510;1;2;1;6;49
201400021725;14;9;20;1640;1;2;1;6;49
201400021726;14;9;25;1417;1;2;1;6;49
201400021728;14;9;25;1940;1;2;1;5;49
201400021729;14;1;19;635;3;1;1;6;49
201400021730;14;9;20;1510;1;1;1;3;49
201400021731;14;1;21;1225;1;2;1;2;49
201400021732;14;9;22;735;2;1;1;1;49
201400021733;14;1;21;1425;1;2;1;2;49
201400021734;14;9;28;1040;1;2;1;6;49
201400021735;14;1;22;1915;5;2;1;6;49
201400021736;14;10;3;1735;1;1;1;2;49
201400021737;14;1;23;1740;5;2;1;6;49
201400021738;14;10;4;515;5;2;1;3;49
201400021741;14;1;27;1415;1;2;1;3;49
201400021743;14;2;3;2005;3;1;1;7;49
201400021744;14;10;11;1350;1;2;1;3;49
201400021745;14;2;3;1930;4;2;1;3;49
201400021746;14;10;12;845;1;2;2;1;49
201400021747;14;2;9;2040;3;1;6;6;49
201400021748;14;10;12;150;5;2;1;6;49
201400021749;14;10;12;1825;1;2;1;6;49
201400021750;14;2;11;650;3;2;1;7;49
201400021752;14;2;11;1357;1;2;1;1;49
201400021753;14;10;16;900;1;2;1;6;49
201400021755;14;10;16;1220;1;2;1;6;49
201400021756;14;2;13;800;2;2;3;6;49
201400021758;14;2;12;1125;1;2;1;7;49
201400021759;14;2;12;830;1;2;1;7;49
201400021761;14;2;16;1500;1;2;1;6;49
201400021762;14;10;31;638;5;2;1;1;49
201400021763;14;2;17;1640;1;2;1;6;49
201400021764;14;10;31;1130;1;2;1;6;49
201400021765;14;2;20;2200;5;2;1;5;49
201400021766;14;2;21;730;1;1;1;6;49
201400021767;14;10;31;1505;1;2;1;7;49
201400021768;14;10;31;1930;2;2;1;6;49
201400021769;14;2;21;1945;5;2;1;6;49
201400021770;14;2;22;1918;3;1;1;3;49
201400021772;14;2;24;1230;1;2;1;3;49
201400021773;14;11;2;740;1;1;1;6;49
201400021774;14;11;3;2020;5;2;3;3;49
201400021775;14;2;28;1920;5;2;2;2;49
201400021777;14;11;5;1325;1;2;1;6;49
201400021778;14;3;6;1525;1;2;1;3;49
201400021779;14;3;9;1;5;2;1;3;49
201400021781;14;3;10;1445;1;2;1;6;49
201400021782;14;11;8;1600;1;1;1;1;49
201400021783;14;10;30;1600;1;1;1;1;49
201400021786;14;3;11;1508;1;2;1;3;49
201400021787;14;3;12;820;1;2;1;6;49
201400021788;14;11;21;800;1;2;1;1;49
201400021789;14;3;12;1040;1;2;1;2;49
201400021790;14;11;22;1800;3;1;2;6;49
201400021791;14;11;25;1830;4;2;2;6;49
201400021792;14;3;12;1655;1;2;7;1;49
201400021793;14;3;19;815;1;1;1;7;49
201400021795;14;3;19;1430;1;2;1;3;49
201400021796;14;11;27;1200;1;2;1;1;49
201400021797;14;3;20;945;1;2;1;3;49
201400021800;14;3;11;830;2;2;1;3;49
201400021801;14;3;22;1615;1;1;1;2;49
201400021802;14;11;21;2235;5;2;1;2;49
201400021803;14;3;24;2030;5;2;1;3;49
201400021804;14;12;2;1745;5;2;2;7;49
201400021805;14;3;25;1915;5;2;1;3;49
201400021806;14;12;8;1518;1;1;2;3;49
201400021808;14;12;8;1735;5;2;2;6;49
201400021809;14;3;26;1545;1;2;1;6;49
201400021810;14;12;9;900;1;2;9;7;49
201400021811;14;3;27;1010;1;1;1;7;49
201400021812;14;12;9;1600;1;2;1;6;49
201400021813;14;3;29;1625;1;2;1;3;49
201400021814;14;12;10;1845;3;1;2;2;49
201400021815;14;4;4;1650;1;2;1;6;49
201400021816;14;12;11;835;1;2;1;6;49
201400021817;14;4;5;2300;5;1;1;7;49
201400021818;14;12;14;1555;1;1;2;1;49
201400021819;14;4;9;2110;3;1;1;3;49
201400021820;14;12;16;705;3;1;1;6;49
201400021821;14;4;11;950;1;2;1;3;49
201400021822;14;12;14;750;2;2;2;6;49
201400021823;14;4;12;1905;1;2;1;4;49
201400021824;14;12;17;1800;3;1;2;2;49
201400021825;14;4;13;2140;5;2;1;1;49
201400021826;14;12;19;1243;1;2;1;3;49
201400021827;14;4;15;1635;1;2;1;2;49
201400021828;14;12;22;1640;1;2;1;3;49
201400021829;14;4;19;1930;1;2;2;2;49
201400021830;14;12;21;2020;5;2;1;3;49
201400021831;14;12;22;1800;5;2;1;6;49
201400021832;14;5;6;1150;1;2;1;6;49
201400021833;14;12;24;1130;1;1;1;6;49
201400021834;14;5;6;1320;1;2;2;7;49
201400021835;14;12;27;1740;2;2;2;6;49
201400021836;14;5;7;149;5;2;1;6;49
201400021838;14;5;8;955;1;1;1;7;49
201400021839;14;12;30;840;1;1;9;7;49
201400021840;14;5;10;1840;1;2;1;3;49
201400021841;14;12;30;1920;5;2;1;6;49
201400021842;14;5;11;1150;1;2;1;3;49
201400021843;14;5;13;1140;1;2;1;3;49
201400021844;14;5;19;1655;1;1;1;3;49
201400021845;14;5;23;1325;1;2;1;6;49
201400021846;14;5;23;1900;1;1;1;4;49
201400021847;14;5;25;1508;1;2;1;6;49
201400021848;14;5;28;1815;1;2;2;7;49
201400021849;14;6;4;1920;1;1;1;6;49
201400021850;14;6;6;830;1;2;1;3;49
201400021852;14;6;10;1400;1;2;1;6;49
201400021853;14;6;10;1910;1;2;1;2;49
201400021854;14;6;11;1125;1;2;1;6;49
201400021855;14;6;13;1330;1;2;1;2;49
201400021856;14;6;14;1450;1;2;1;4;49
201400021857;14;6;20;2350;5;2;1;2;49
201400021858;14;6;22;2035;1;2;1;6;49
201400021859;14;6;21;1750;1;2;1;3;49
201400021860;14;6;27;825;1;2;1;2;49
201400021861;14;6;28;1945;1;2;2;2;49
201400021862;14;7;6;2045;1;2;1;4;49
201400021863;14;7;8;2145;2;2;3;6;49
201400021864;14;7;16;1455;1;2;1;3;49
201400021865;14;7;17;1840;1;2;1;3;49
201400021866;14;7;18;1735;1;2;1;3;49
201400021867;14;7;17;1605;1;2;1;6;49
201400021868;14;7;21;1720;1;2;1;3;49
201400021869;14;7;23;1610;1;2;1;3;49
201400021870;14;7;24;1435;1;1;1;6;49
201400021871;14;7;24;1650;1;1;1;6;49
201400021872;14;7;25;1740;1;2;1;3;49
201400021873;14;7;29;1325;1;2;1;6;49
201400021874;14;8;6;1435;1;2;8;7;49
201400021875;14;8;7;1825;1;2;2;7;49
201400021876;14;8;9;1900;1;2;1;6;49
201400021877;14;8;10;1130;1;2;2;3;49
201400021878;14;8;16;1230;1;2;1;1;49
201400021879;14;8;10;145;5;2;2;6;49
201400021880;14;8;23;2020;1;2;1;3;49
201400021881;14;8;29;1730;1;1;1;2;49
201400021882;14;9;2;1250;1;2;1;6;49
201400021883;14;9;3;2220;3;1;1;6;49
201400021884;14;9;4;820;1;2;1;7;49
201400021885;14;9;4;2040;5;2;1;6;49
201400021886;14;9;5;820;1;2;8;3;49
201400021887;14;9;5;1225;1;2;8;6;49
201400021888;14;9;5;1615;1;2;1;3;49
201400021889;14;9;6;1120;1;2;1;7;49
201400021890;14;9;8;1230;1;1;1;7;49
201400021891;14;9;9;1940;1;2;1;2;49
201400021892;14;9;7;700;2;2;1;6;49
201400021894;14;9;14;2130;5;2;1;6;49
201400021895;14;9;13;1655;1;2;1;5;49
201400021896;14;9;12;1830;1;2;1;3;49
201400021897;14;2;24;1745;1;2;1;7;49
201400021898;14;9;28;1300;1;1;1;6;49
201400021899;14;2;20;1115;1;1;1;3;49
201400021900;14;5;10;1800;1;1;1;7;49
201400021901;14;5;27;1100;1;1;1;3;49
201400021902;14;5;30;1615;1;1;7;1;49
201400021903;14;7;7;930;1;1;2;6;49
201400021904;14;7;9;1345;1;1;2;6;49
201400021905;14;7;15;930;1;2;1;5;49
201400021906;14;9;6;1630;1;2;7;1;49
201400021907;14;9;8;815;2;1;1;7;49
201400021908;14;9;11;1215;1;1;7;3;49
201400021909;14;10;8;1845;2;2;1;3;49
201400021910;14;10;8;1315;1;1;1;6;49
201400021911;14;12;9;1215;1;1;1;6;49
201400021912;14;12;26;1230;1;1;8;5;49
201400021914;14;9;30;945;1;1;1;2;49
201400021917;14;10;9;1920;2;2;1;3;49
201400021918;14;2;3;820;1;2;1;6;49
201400021920;14;2;6;650;2;2;1;6;49
201400021921;14;11;8;1800;5;2;1;3;49
201400021922;14;11;21;1835;5;2;1;6;49
201400021924;14;12;3;1600;1;2;1;3;49
201400021925;14;3;20;2005;2;2;1;3;49
201400021926;14;12;28;1150;1;2;1;1;49
201400021927;14;3;23;640;1;2;1;7;49
201400021928;14;3;29;2350;3;1;1;3;49
201400021929;14;3;30;545;5;2;1;3;49
201400021930;14;4;4;635;3;1;1;1;49
201400021931;14;4;7;1355;1;2;1;6;49
201400021932;14;4;7;1230;1;2;1;2;49
201400021933;14;4;9;1725;1;2;1;3;49
201400021934;14;5;7;1445;1;2;1;5;49
201400021935;14;5;7;1830;1;2;1;2;49
201400021936;14;5;19;1445;1;2;1;2;49
201400021937;14;5;23;530;2;2;1;3;49
201400021938;14;6;3;1200;1;2;1;3;49
201400021939;14;6;6;1410;1;2;1;6;49
201400021940;14;6;13;1250;1;2;1;6;49
201400021941;14;6;17;800;1;1;1;3;49
201400021942;14;6;18;1200;1;2;1;3;49
201400021943;14;6;21;1620;1;2;1;3;49
201400021944;14;6;22;1800;1;2;1;6;49
201400021945;14;7;4;655;1;2;1;3;49
201400021946;14;7;7;1745;1;2;1;3;49
201400021947;14;7;17;1250;1;2;1;3;49
201400021948;14;7;21;1310;1;2;1;7;49
201400021949;14;7;23;1230;1;2;1;6;49
201400021950;14;8;1;1850;1;1;1;3;49
201400021951;14;8;8;2205;3;1;2;7;49
201400021952;14;9;4;110;5;2;1;2;49
201400021953;14;9;5;1240;1;2;1;1;49
201400021954;14;9;15;1655;1;2;1;6;49
201400021955;14;1;9;1845;3;1;1;5;49
201400021956;14;3;13;115;3;1;1;2;49
201400021957;14;6;2;1130;1;1;1;6;49
201400021958;14;6;15;2015;1;1;1;6;49
201400021959;14;9;8;800;1;1;1;2;49
201400021960;14;10;13;930;1;1;1;2;49
201400021961;14;12;5;930;1;1;2;2;49
201400021962;14;2;27;745;2;1;3;3;49
201400021963;14;7;6;845;1;1;2;6;49
201400021964;14;9;6;2115;3;1;1;3;49
201400021965;14;9;21;1940;2;1;1;1;49
201400021966;14;2;1;745;1;1;7;2;49
201400021967;14;2;20;1115;1;1;1;6;49
201400021968;14;2;27;1115;1;1;4;7;49
201400021969;14;3;28;1530;1;1;3;7;49
201400021970;14;4;2;1700;1;1;1;6;49
201400021971;14;4;16;1400;1;1;1;7;49
201400021972;14;5;3;2300;3;1;1;6;49
201400021973;14;5;24;1400;1;1;8;7;49
201400021974;14;8;6;1315;1;1;1;7;49
201400021975;14;9;13;2030;2;1;1;6;49
201400021976;14;9;24;1400;1;1;1;6;49
201400021977;14;12;3;1830;3;1;2;4;49
201400021978;14;12;31;830;1;1;9;6;49
201400021979;14;2;3;845;1;1;1;6;49
201400021980;14;2;27;1000;1;1;1;4;49
201400021981;14;3;1;1230;1;1;1;6;49
201400021982;14;3;31;1115;1;1;1;7;49
201400021983;14;6;4;415;3;1;2;7;49
201400021984;14;6;21;1745;1;1;1;6;49
201400021985;14;6;30;1330;1;1;1;5;49
201400021986;14;7;6;30;3;1;3;6;49
201400021987;14;7;15;1415;1;1;1;6;49
201400021988;14;7;28;1045;1;1;1;7;49
201400021989;14;7;20;1715;1;1;1;6;49
201400021990;14;8;8;2215;1;1;1;6;49
201400021991;14;10;28;720;3;1;5;6;49
201400021992;14;11;5;845;1;1;3;4;49
201400021993;14;11;23;500;3;1;3;6;49
201400021994;14;12;8;945;1;1;1;7;49
201400021995;14;12;9;430;3;1;9;6;49
201400021996;14;12;13;445;3;1;3;6;49
201400021997;14;12;15;845;1;1;2;2;49
201400021998;14;1;21;715;3;1;1;4;49
201400021999;14;2;25;1415;1;1;1;7;49
201400022000;14;3;12;1700;1;1;1;7;49
201400022001;14;4;9;1545;1;1;1;7;49
201400022002;14;4;16;800;1;1;1;7;49
201400022003;14;6;10;400;3;1;1;1;49
201400022004;14;6;18;930;1;1;7;7;49
201400022005;14;8;28;1300;1;1;1;6;49
201400022006;14;9;7;1730;1;1;1;6;49
201400022007;14;10;5;230;3;1;1;6;49
201400022008;14;10;17;2315;3;1;1;6;49
201400022009;14;10;21;1515;3;1;1;6;49
201400022010;14;11;6;1230;1;1;2;7;49
201400022011;14;12;9;530;3;1;2;6;49
201400022012;14;12;15;830;2;1;1;4;49
201400022013;14;12;17;1745;3;1;2;6;49
201400022014;14;5;3;800;1;1;1;2;49
201400022015;14;3;16;1230;1;2;1;1;49
201400022016;14;6;28;1515;1;1;1;2;49
201400022017;14;7;29;845;1;1;1;6;49
201400022018;14;3;3;530;3;1;2;3;49
201400022019;14;3;16;1445;1;1;1;7;49
201400022020;14;3;29;800;1;1;1;6;49
201400022021;14;4;13;2215;3;1;1;2;49
201400022022;14;6;13;1000;1;1;1;6;49
201400022023;14;6;25;1000;1;1;1;4;49
201400022024;14;9;16;800;2;1;5;2;49
201400022025;14;12;7;845;1;1;1;6;49
201400022026;14;7;22;1445;1;1;1;3;49
201400022027;14;11;16;2200;3;1;8;2;49
201400022028;14;1;24;1925;2;1;2;1;49
201400022030;14;4;5;2100;3;1;1;1;49
201400022031;14;4;7;1730;1;2;1;1;49
201400022032;14;7;9;1330;1;1;1;6;49
201400022038;14;10;22;945;1;1;1;6;49
201400022039;14;11;5;1445;1;1;2;7;49
201400022041;14;9;23;1800;1;2;1;3;49
201400022044;14;1;11;1800;3;1;1;1;49
201400022045;14;1;13;715;3;1;5;7;49
201400022046;14;4;25;1930;1;1;1;1;49
201400022047;14;5;20;1700;1;2;1;6;49
201400022048;14;6;3;830;1;1;1;1;49
201400022049;14;6;20;1215;1;2;1;7;49
201400022050;14;7;6;2345;3;1;8;6;49
201400022051;14;7;13;1030;1;2;1;6;49
201400022052;14;7;20;1915;1;2;1;7;49
201400022053;14;9;26;2130;3;2;1;6;49
201400022054;14;10;5;230;5;2;1;1;49
201400022055;14;10;15;1545;1;1;1;5;49
201400022056;14;3;3;1915;3;1;1;6;49
201400022057;14;3;18;1715;1;1;1;6;49
201400022058;14;8;4;30;3;1;1;6;49
201400022059;14;5;22;1315;1;2;8;6;49
201400022060;14;4;22;1730;1;2;1;6;49
201400022061;14;5;31;2215;5;1;1;1;49
201400022062;14;7;30;1830;1;2;7;1;49
201400022063;14;9;8;1815;1;1;1;1;49
201400022064;14;9;20;15;3;1;1;6;49
201400022065;14;9;27;145;5;2;1;7;49
201400022066;14;1;5;1900;5;2;4;6;49
201400022067;14;8;17;400;3;1;1;6;49
201400022068;14;1;11;1115;1;1;2;6;49
201400022069;14;2;12;130;3;1;1;1;49
201400022070;14;5;2;2130;3;1;1;6;49
201400022071;14;5;22;1000;1;1;2;3;49
201400022072;14;6;18;1945;1;2;1;6;49
201400022073;14;7;30;545;2;1;1;6;49
201400022074;14;7;30;1515;1;1;1;3;49
201400022075;14;8;4;1600;1;1;1;1;49
201400022076;14;8;7;230;4;2;2;6;50
201400022077;14;8;8;700;1;1;2;7;50
201400022078;14;11;27;1415;1;1;1;3;50
201400022079;14;12;31;915;1;1;5;5;50
201400022080;14;7;8;1915;1;1;2;6;50
201400022081;14;8;2;1615;1;1;1;6;50
201400022082;14;10;27;615;2;1;5;4;50
201400022083;14;2;13;1545;1;1;4;5;50
201400022084;14;2;28;2200;3;1;2;7;50
201400022085;14;4;7;815;1;1;1;2;50
201400022086;14;5;6;1400;1;1;1;7;50
201400022087;14;5;19;630;1;1;1;6;50
201400022088;14;7;17;445;3;1;1;2;50
201400022089;14;8;11;1030;1;1;1;7;50
201400022090;14;8;23;2345;3;1;1;6;50
201400022091;14;8;26;2045;3;1;2;6;50
201400022092;14;9;12;115;3;1;1;2;50
201400022093;14;9;30;115;3;1;1;7;50
201400022094;14;10;11;1515;1;1;1;7;50
201400022095;14;10;12;1445;1;1;3;6;50
201400022096;14;10;31;2130;3;1;1;3;50
201400022097;14;5;10;1700;1;1;1;1;50
201400022098;14;7;14;1630;1;2;1;6;50
201400022099;14;9;13;1130;1;1;1;6;50
201400022100;14;7;25;1200;1;1;1;6;50
201400022102;14;9;24;1630;1;2;8;3;50
201400022103;14;10;7;1445;1;1;3;1;50
201400022106;14;1;8;1730;1;1;1;6;50
201400022107;14;3;20;1850;1;1;1;6;50
201400022108;14;8;14;1415;1;1;1;3;50
201400022109;14;8;16;1715;1;1;1;1;50
201400022110;14;11;28;1245;1;1;3;6;50
201400022111;14;12;24;1900;3;1;5;6;50
201400022112;14;3;14;1500;1;2;1;1;50
201400022113;14;5;29;1230;1;2;1;1;50
201400022114;14;6;11;1645;1;1;1;2;50
201400022115;14;6;30;1215;1;1;1;3;50
201400022116;14;7;4;1745;1;1;1;2;50
201400022117;14;6;21;1230;1;1;1;3;50
201400022118;14;6;5;1330;1;2;1;3;50
201400022119;14;9;17;1;1;1;1;2;50
201400022120;14;1;6;1230;1;2;1;7;50
201400022121;14;3;18;945;1;2;1;3;50
201400022122;14;6;1;2000;1;1;1;3;50
201400022123;14;6;30;1045;1;1;1;3;50
201400022124;14;9;6;2345;5;2;1;6;50
201400022125;14;1;2;1325;1;2;1;3;50
201400022126;14;1;6;1700;1;2;6;6;50
201400022127;14;1;10;705;5;2;1;3;50
201400022128;14;1;17;720;5;2;1;3;50
201400022129;14;1;17;1800;2;2;2;3;50
201400022130;14;1;24;1635;2;2;3;2;50
201400022131;14;1;25;1405;1;2;1;6;50
201400022132;14;1;28;940;1;2;1;6;50
201400022133;14;1;29;1840;5;2;2;6;50
201400022134;14;2;2;1;5;2;2;6;50
201400022135;14;2;3;1805;2;2;2;3;50
201400022136;14;2;14;1120;1;2;6;6;50
201400022137;14;2;14;1305;1;2;6;6;50
201400022138;14;2;16;1515;1;2;1;3;50
201400022139;14;2;17;2018;5;2;2;3;50
201400022140;14;2;22;1530;1;2;1;6;50
201400022141;14;2;27;1005;1;2;1;6;50
201400022142;14;2;27;1710;1;2;2;2;50
201400022143;14;2;28;750;2;2;3;6;50
201400022144;14;3;3;1745;1;2;3;4;50
201400022145;14;3;7;1845;5;2;2;4;50
201400022146;14;3;13;900;1;2;5;3;50
201400022148;14;3;18;1535;1;2;1;6;50
201400022149;14;3;18;2100;5;2;1;2;50
201400022150;14;3;21;1740;1;2;1;6;50
201400022151;14;3;24;1635;1;2;1;1;50
201400022152;14;3;25;710;2;2;2;3;50
201400022153;14;3;25;1415;1;2;2;3;50
201400022154;14;3;31;855;1;2;1;4;50
201400022155;14;4;1;1055;1;2;1;3;50
201400022156;14;4;3;1635;1;2;1;5;50
201400022157;14;4;3;1710;1;2;1;3;50
201400022158;14;4;7;740;2;2;2;6;50
201400022159;14;4;8;2030;1;2;1;7;50
201400022160;14;4;9;1020;1;2;1;3;50
201400022161;14;4;10;1750;1;2;1;3;50
201400022162;14;4;11;1805;1;2;1;6;50
201400022163;14;4;15;1550;1;2;1;3;50
201400022164;14;4;17;1920;1;2;1;3;50
201400022165;14;4;17;1930;1;2;1;6;50
201400022166;14;4;24;2030;5;2;2;6;50
201400022167;14;4;27;1705;1;2;1;3;50
201400022168;14;5;1;1300;1;2;1;3;50
201400022169;14;5;4;1855;1;2;1;3;50
201400022170;14;5;12;1425;1;2;1;6;50
201400022171;14;5;18;2005;1;2;1;3;50
201400022172;14;5;20;825;1;2;2;6;50
201400022173;14;5;20;810;1;2;2;3;50
201400022174;14;5;22;750;1;2;2;1;50
201400022175;14;5;22;1245;1;2;2;2;50
201400022176;14;5;25;205;5;2;1;3;50
201400022177;14;5;26;1640;1;2;1;6;50
201400022178;14;5;26;1900;1;2;1;3;50
201400022179;14;6;2;1325;1;2;1;3;50
201400022180;14;6;12;1235;1;2;1;6;50
201400022181;14;6;13;1700;1;2;1;3;50