Num_Acc;an;mois;jour;hrmn;lum;agg;atm;col;dep
201400022182;14;6;13;1715;1;2;1;2;50
201400022183;14;6;15;635;2;2;1;6;50
201400022184;14;6;18;1405;1;2;1;3;50
201400022185;14;6;18;1753;1;2;1;3;50
201400022186;14;6;19;840;1;2;1;3;50
201400022187;14;6;20;930;1;2;1;6;50
201400022188;14;6;20;2225;5;2;1;7;50
201400022189;14;6;23;1845;1;2;1;3;50
201400022190;14;6;24;730;1;2;1;6;50
201400022191;14;6;24;1215;1;2;1;6;50
201400022192;14;6;25;1310;1;2;1;2;50
201400022193;14;6;27;1155;1;2;1;3;50
201400022194;14;6;27;2300;5;2;1;3;50
201400022195;14;6;29;1835;1;2;1;3;50
201400022196;14;7;2;1355;1;2;1;3;50
201400022197;14;7;4;1655;1;2;2;5;50
201400022198;14;7;8;1325;1;2;1;3;50
201400022199;14;7;8;2330;5;2;1;3;50
201400022200;14;7;16;1640;1;2;1;1;50
201400022201;14;7;18;1445;1;2;1;2;50
201400022202;14;7;19;1630;1;2;1;6;50
201400022203;14;7;23;1000;1;2;1;6;50
201400022204;14;7;23;1255;1;2;7;3;50
201400022205;14;7;30;955;1;2;1;3;50
201400022206;14;7;30;2040;1;1;1;2;50
201400022207;14;8;2;835;1;2;1;6;50
201400022208;14;8;5;1810;1;2;1;3;50
201400022209;14;8;7;1110;1;2;1;2;50
201400022210;14;8;11;1420;1;2;1;3;50
201400022211;14;8;18;1440;1;2;1;3;50
201400022212;14;8;19;1310;1;2;1;3;50
201400022213;14;8;21;820;1;2;1;1;50
201400022214;14;8;22;1900;1;2;1;2;50
201400022215;14;9;1;755;1;2;1;2;50
201400022217;14;9;5;750;1;2;1;3;50
201400022218;14;9;5;825;1;2;1;3;50
201400022219;14;9;7;1630;1;2;1;3;50
201400022220;14;9;10;755;1;2;1;6;50
201400022221;14;9;11;1033;1;2;1;6;50
201400022222;14;9;11;1300;1;2;1;3;50
201400022223;14;9;1;1925;1;2;1;2;50
201400022224;14;9;15;800;1;2;1;2;50
201400022225;14;9;18;2015;2;2;1;3;50
201400022226;14;9;19;1735;1;2;1;6;50
201400022227;14;9;22;1053;1;2;1;3;50
201400022228;14;9;23;1205;1;2;1;6;50
201400022229;14;9;23;1700;1;2;1;6;50
201400022230;14;9;26;755;2;2;1;3;50
201400022231;14;9;26;1830;1;2;2;4;50
201400022232;14;9;28;1020;1;2;1;3;50
201400022233;14;9;29;1330;1;2;1;2;50
201400022234;14;9;29;1550;1;2;1;3;50
201400022235;14;10;2;2030;2;2;1;3;50
201400022236;14;10;1;750;2;2;2;3;50
201400022237;14;10;1;1635;1;2;1;6;50
201400022238;14;10;2;1910;1;2;1;2;50
201400022239;14;10;4;1400;1;2;1;6;50
201400022240;14;10;5;205;5;2;1;3;50
201400022241;14;10;6;1725;1;2;1;3;50
201400022242;14;10;7;1535;1;2;1;3;50
201400022243;14;10;7;1610;1;2;1;6;50
201400022244;14;10;11;220;4;2;8;6;50
201400022245;14;10;11;1515;1;2;1;2;50
201400022247;14;10;16;920;1;2;9;3;50
201400022248;14;10;20;1740;1;2;1;6;50
201400022249;14;10;21;1610;1;2;1;2;50
201400022250;14;10;22;2145;4;2;1;7;50
201400022251;14;10;24;925;1;2;2;6;50
201400022252;14;10;24;1545;1;2;1;3;50
201400022253;14;10;28;745;1;2;1;4;50
201400022254;14;10;28;1330;1;2;1;2;50
201400022255;14;10;28;1855;4;2;1;2;50
201400022256;14;11;2;1612;1;2;8;6;50
201400022257;14;11;3;810;5;2;1;6;50
201400022259;14;11;4;730;2;2;2;3;50
201400022260;14;11;4;900;1;2;1;6;50
201400022261;14;11;5;1820;3;2;1;6;50
201400022262;14;11;5;2015;5;2;1;3;50
201400022263;14;11;16;1145;1;2;1;3;50
201400022264;14;11;24;135;5;2;3;1;50
201400022265;14;11;29;835;1;2;1;6;50
201400022266;14;11;27;715;5;2;1;6;50
201400022267;14;11;29;1215;1;2;1;2;50
201400022268;14;11;29;1610;1;2;1;6;50
201400022269;14;12;1;1635;1;2;1;3;50
201400022270;14;12;2;800;2;2;2;6;50
201400022271;14;12;4;735;5;2;2;6;50
201400022272;14;12;7;205;3;2;1;6;50
201400022273;14;12;8;845;1;2;2;6;50
201400022274;14;12;8;1100;1;2;2;4;50
201400022275;14;12;8;1245;1;2;2;2;50
201400022276;14;12;10;1815;5;2;2;3;50
201400022277;14;12;11;1225;1;2;1;4;50
201400022278;14;12;15;805;2;2;2;3;50
201400022279;14;12;18;1138;1;2;2;6;50
201400022280;14;12;20;1700;1;2;1;2;50
201400022281;14;2;26;1615;1;1;3;6;50
201400022282;14;4;13;1215;1;1;1;6;50
201400022283;14;7;18;1215;1;1;1;6;50
201400022284;14;1;14;1413;1;1;1;4;50
201400022285;14;1;18;2230;4;1;2;7;50
201400022286;14;1;28;608;3;1;2;7;50
201400022287;14;1;27;1815;3;2;8;7;50
201400022288;14;2;1;1400;1;1;2;3;50
201400022289;14;2;3;1850;5;2;1;6;50
201400022290;14;2;11;1830;1;2;1;6;50
201400022291;14;2;15;1;5;2;1;1;50
201400022292;14;2;28;1055;1;1;6;6;50
201400022293;14;3;1;1525;1;1;1;6;50
201400022295;14;4;7;1720;1;2;1;3;50
201400022296;14;5;8;1245;1;2;2;7;50
201400022297;14;5;8;1648;1;2;2;1;50
201400022298;14;5;27;1315;1;2;1;6;50
201400022299;14;6;4;1055;1;2;1;7;50
201400022300;14;6;19;1045;1;2;1;6;50
201400022301;14;6;20;1340;1;2;1;3;50
201400022302;14;6;24;1730;1;1;1;7;50
201400022303;14;6;25;1840;1;2;1;4;50
201400022304;14;7;1;935;1;1;2;3;50
201400022305;14;7;13;1640;1;2;1;7;50
201400022306;14;7;21;1330;1;2;1;7;50
201400022307;14;7;25;1130;1;1;1;3;50
201400022308;14;7;30;1030;1;1;1;7;50
201400022309;14;8;9;1208;1;2;1;7;50
201400022310;14;8;17;2110;3;2;1;6;50
201400022311;14;8;20;1408;1;1;1;3;50
201400022312;14;8;31;825;1;2;1;6;50
201400022313;14;9;4;1025;1;2;1;7;50
201400022314;14;9;9;1045;1;1;1;1;50
201400022315;14;9;19;1550;1;2;1;6;50
201400022316;14;9;20;405;3;1;1;7;50
201400022317;14;10;1;1220;1;2;2;6;50
201400022318;14;10;1;1520;1;2;2;6;50
201400022319;14;10;4;1120;1;2;2;4;50
201400022320;14;10;13;1725;1;1;1;1;50
201400022321;14;10;22;2245;3;1;1;6;50
201400022322;14;10;23;820;1;2;1;7;50
201400022323;14;10;23;1800;1;2;1;6;50
201400022324;14;11;1;1430;1;1;1;3;50
201400022325;14;11;16;905;1;1;1;7;50
201400022326;14;11;17;1050;1;2;1;7;50
201400022327;14;11;22;910;1;1;1;7;50
201400022328;14;11;22;1318;1;2;2;7;50
201400022329;14;11;30;1557;1;1;1;7;50
201400022330;14;12;3;1539;1;2;1;3;50
201400022331;14;12;6;1810;3;1;1;4;50
201400022332;14;12;6;1944;3;1;1;7;50
201400022333;14;12;17;1520;1;2;2;2;50
201400022334;14;12;17;1630;1;1;2;2;50
201400022335;14;12;18;1715;5;2;2;3;50
201400022336;14;4;18;1945;1;2;1;3;50
201400022337;14;6;6;1510;1;2;1;7;50
201400022338;14;6;13;1415;1;2;1;6;50
201400022339;14;6;10;1235;1;2;1;7;50
201400022340;14;6;20;1430;1;2;1;2;50
201400022341;14;6;28;1605;1;2;1;1;50
201400022342;14;7;13;1435;1;2;1;6;50
201400022343;14;7;25;1705;1;2;1;7;50
201400022344;14;8;16;1615;1;1;1;5;50
201400022345;14;9;2;2230;5;2;1;6;50
201400022346;14;11;16;455;3;1;1;6;50
201400022347;14;12;7;135;3;1;1;6;50
201400022348;14;12;6;1703;5;2;1;2;50
201400022349;14;2;11;2015;3;1;1;7;50
201400022350;14;2;24;1215;1;1;1;2;50
201400022351;14;3;21;445;3;1;1;2;50
201400022352;14;5;14;900;1;1;8;2;50
201400022353;14;7;23;1445;1;1;1;6;50
201400022354;14;8;17;745;1;1;1;6;50
201400022355;14;8;25;1700;1;1;1;6;50
201400022356;14;9;23;1815;1;1;1;2;50
201400022357;14;10;3;1400;1;1;1;7;50
201400022358;14;10;12;1900;3;1;8;5;52
201400022359;14;10;30;400;3;1;5;6;52
201400022360;14;11;24;2330;3;1;1;2;52
201400022361;14;9;11;1630;1;1;7;1;52
201400022362;14;8;4;830;1;1;1;3;52
201400022363;14;11;16;330;4;2;1;7;52
201400022364;14;11;16;1930;5;1;1;5;52
201400022365;14;5;29;1630;1;1;3;2;52
201400022366;14;7;8;900;1;1;1;7;52
201400022367;14;10;14;2030;3;1;1;5;52
201400022368;14;12;26;1830;3;1;2;7;52
201400022369;14;1;1;1830;5;2;6;2;52
201400022370;14;1;2;1150;1;2;1;7;52
201400022371;14;1;2;1750;3;2;2;6;52
201400022372;14;1;6;1708;1;2;1;2;52
201400022373;14;1;8;821;3;1;2;2;52
201400022374;14;1;9;815;1;1;1;2;52
201400022375;14;1;9;1810;5;2;8;6;52
201400022376;14;1;10;1333;1;1;1;2;52
201400022377;14;1;11;1228;1;1;7;7;52
201400022378;14;1;11;2251;5;2;1;2;52
201400022379;14;1;14;1800;5;2;2;7;52
201400022380;14;1;16;1504;1;2;3;3;52
201400022381;14;1;16;2015;5;2;9;1;52
201400022382;14;1;18;1137;1;1;2;7;52
201400022383;14;1;18;1530;1;2;2;7;52
201400022384;14;1;21;1115;1;2;1;6;52
201400022385;14;1;21;2028;5;2;2;2;52
201400022386;14;1;23;730;4;1;2;3;52
201400022387;14;1;24;1010;1;2;9;6;52
201400022388;14;1;27;1710;1;1;2;2;52
201400022389;14;1;27;1915;1;2;2;7;52
201400022390;14;1;28;1955;5;2;2;7;52
201400022391;14;2;2;1130;1;1;1;3;52
201400022392;14;2;3;750;2;2;1;6;52
201400022393;14;2;6;1130;1;2;2;6;52
201400022394;14;2;6;1805;2;2;1;3;52
201400022395;14;2;7;1545;1;2;1;2;52
201400022396;14;2;11;805;5;2;3;7;52
201400022397;14;2;15;2105;5;2;1;7;53
201400022398;14;2;18;1900;2;2;2;3;53
201400022399;14;2;21;1710;1;2;1;6;53
201400022400;14;2;28;1100;1;2;3;6;53
201400022401;14;3;3;1330;1;1;1;7;53
201400022402;14;3;3;1645;1;2;1;7;53
201400022403;14;3;3;2320;5;1;1;7;53
201400022404;14;3;4;2022;5;1;1;3;53
201400022405;14;3;8;1150;1;2;1;7;53
201400022406;14;3;10;1720;1;1;1;7;53
201400022407;14;3;12;2106;4;1;1;7;53
201400022408;14;3;13;1330;1;2;1;6;53
201400022409;14;3;15;311;3;1;9;6;53
201400022410;14;3;24;750;1;1;1;7;53
201400022411;14;3;25;730;1;1;3;3;53
201400022412;14;3;22;1415;1;1;4;7;53
201400022413;14;3;28;1135;1;2;1;7;53
201400022414;14;4;7;1645;1;2;2;3;53
201400022415;14;4;9;1310;1;2;1;2;53
201400022416;14;4;11;1440;1;2;1;4;53
201400022417;14;4;15;1555;1;2;1;6;53
201400022418;14;4;16;1335;1;2;1;6;53
201400022419;14;4;22;1613;1;1;1;7;53
201400022420;14;4;25;1855;1;2;1;7;53
201400022421;14;4;26;1810;1;2;2;7;53
201400022422;14;4;27;1700;1;2;1;7;54
201400022423;14;4;29;1600;1;2;1;2;54
201400022424;14;5;1;1650;1;2;1;3;54
201400022425;14;5;3;213;5;2;1;6;54
201400022426;14;5;4;1850;1;1;1;2;54
201400022427;14;5;5;2347;5;2;1;3;54
201400022428;14;5;7;1054;1;2;1;2;54
201400022429;14;5;8;2150;2;1;2;6;54
201400022430;14;5;9;700;1;1;1;6;54
201400022431;14;5;10;1030;1;2;1;7;54
201400022432;14;5;13;1838;1;2;1;3;54
201400022433;14;5;15;1540;1;2;1;5;54
201400022434;14;5;16;617;1;1;1;7;54
201400022435;14;5;16;1530;1;2;1;2;54
201400022436;14;5;22;804;1;2;2;2;54
201400022437;14;5;22;1700;1;2;2;6;54
201400022438;14;5;23;1846;1;2;1;3;54
201400022439;14;5;25;1700;1;2;1;7;54
201400022440;14;5;27;2020;1;2;1;3;54
201400022441;14;5;28;1830;1;2;1;3;54
201400022442;14;5;28;1815;1;2;1;2;54
201400022443;14;5;30;1630;1;2;8;4;54
201400022444;14;5;31;1945;1;2;1;1;54
201400022445;14;6;1;443;1;1;1;6;54
201400022446;14;6;1;1825;1;2;1;3;54
201400022447;14;6;12;440;2;2;1;7;54
201400022448;14;6;14;1830;1;2;1;3;54
201400022449;14;6;14;1900;1;1;1;7;54
201400022450;14;6;15;1;3;1;1;7;54
201400022451;14;6;15;1605;1;2;1;7;54
201400022452;14;6;18;1850;1;1;1;4;54
201400022453;14;6;22;527;5;2;1;6;54
201400022454;14;6;23;850;1;1;1;3;54
201400022455;14;6;24;1645;1;2;1;6;54
201400022456;14;6;26;832;1;1;1;5;54
201400022457;14;6;27;845;1;2;1;3;54
201400022458;14;6;27;2308;2;2;1;6;54
201400022459;14;6;30;1500;1;2;1;4;54
201400022460;14;7;5;2350;3;2;3;2;54
201400022462;14;7;13;1046;1;2;2;3;54
201400022463;14;7;17;1135;1;2;1;6;54
201400022464;14;7;24;1525;1;1;1;3;54
201400022465;14;7;26;1940;1;2;1;6;54
201400022466;14;7;29;1025;1;2;1;6;54
201400022467;14;7;30;1625;1;1;1;6;54
201400022468;14;8;2;1240;1;1;1;1;54
201400022469;14;8;5;35;3;1;1;7;54
201400022470;14;8;8;8;5;2;2;6;54
201400022471;14;8;11;900;1;2;1;7;54
201400022472;14;8;14;1405;1;2;2;3;56
201400022473;14;8;12;1900;1;1;1;7;56
201400022474;14;8;19;57;5;2;1;3;56
201400022475;14;8;19;810;1;2;1;3;56
201400022476;14;8;23;40;5;2;1;2;56
201400022477;14;8;23;1310;1;2;1;6;56
201400022478;14;8;23;1430;1;2;1;2;56
201400022479;14;8;28;1736;1;2;2;2;56
201400022480;14;8;25;1335;1;2;3;6;56
201400022481;14;8;25;1940;1;1;2;1;56
201400022482;14;8;25;710;2;1;2;1;56
201400022483;14;8;30;140;3;1;1;7;56
201400022484;14;9;8;840;1;2;1;2;56
201400022485;14;9;10;1800;1;2;1;1;56
201400022486;14;9;15;1220;1;1;1;3;56
201400022487;14;9;20;335;3;1;1;7;56
201400022488;14;9;20;1325;1;1;1;5;56
201400022489;14;9;23;1530;1;1;7;7;56
201400022490;14;9;28;1530;1;2;1;7;56
201400022491;14;10;1;1805;1;2;2;4;56
201400022492;14;10;4;1330;1;2;1;3;56
201400022493;14;10;6;845;2;2;3;7;56
201400022494;14;10;8;805;2;1;2;3;56
201400022495;14;10;17;1415;1;1;2;6;56
201400022496;14;10;17;1945;5;2;2;6;56
201400022497;14;10;21;835;1;2;2;2;56
201400022498;14;10;24;510;3;1;2;6;56
201400022499;14;10;31;630;3;1;1;7;56
201400022500;14;10;31;1535;1;2;1;6;56
201400022501;14;11;1;1950;2;2;1;6;56
201400022502;14;11;2;245;3;1;3;7;56
201400022503;14;11;6;530;3;1;1;7;56
201400022504;14;11;7;845;1;2;3;3;56
201400022505;14;11;8;1729;1;1;2;3;56
201400022506;14;11;11;1230;1;2;1;6;56
201400022507;14;11;12;1325;1;2;3;6;56
201400022508;14;11;12;1950;5;2;2;6;56
201400022509;14;11;14;1100;1;2;1;7;56
201400022510;14;11;17;800;2;2;1;7;56
201400022511;14;11;19;1540;1;2;8;6;56
201400022512;14;11;20;1815;1;1;2;2;56
201400022513;14;11;23;133;4;1;3;6;56
201400022514;14;12;1;840;2;2;1;1;56
201400022515;14;12;4;1400;1;1;1;3;56
201400022516;14;12;9;1315;1;2;1;7;56
201400022517;14;12;11;1320;1;2;9;6;56
201400022518;14;12;12;614;3;1;2;7;56
201400022519;14;12;14;615;3;1;2;7;56
201400022520;14;12;18;1805;2;2;2;6;56
201400022521;14;12;22;1830;4;2;1;3;56
201400022522;14;12;27;1905;2;2;2;6;56
201400022523;14;12;27;1510;1;2;1;2;56
201400022524;14;6;21;1800;1;1;1;2;56
201400022525;14;6;28;745;1;1;1;1;56
201400022526;14;7;24;1315;1;1;1;2;56
201400022527;14;2;7;1630;1;1;1;5;56
201400022528;14;3;21;745;2;1;1;3;56
201400022529;14;4;20;1300;1;1;1;6;56
201400022530;14;9;18;715;1;1;1;3;56
201400022531;14;9;20;1100;1;1;1;3;56
201400022532;14;10;15;900;1;2;1;1;56
201400022533;14;1;27;1654;1;2;7;7;56
201400022535;14;2;13;1730;1;1;2;3;56
201400022537;14;2;27;1240;1;2;1;3;56
201400022538;14;2;27;1815;1;2;1;1;56
201400022543;14;4;17;1735;1;2;1;3;56
201400022544;14;4;23;1050;1;2;1;4;56
201400022545;14;4;24;845;1;2;1;3;56
201400022546;14;5;5;1635;1;2;1;7;56
201400022547;14;6;21;115;3;2;1;6;56
201400022548;14;6;30;2000;2;2;1;6;56
201400022549;14;6;10;1515;1;2;1;2;56
201400022550;14;6;27;920;1;2;1;3;56
201400022551;14;6;18;1530;1;2;2;3;56
201400022552;14;7;22;1345;1;2;1;6;56
201400022553;14;7;26;1130;1;2;1;6;56
201400022556;14;8;16;1840;1;2;1;2;56
201400022558;14;10;3;100;5;2;1;3;56
201400022565;14;11;21;2145;5;2;9;3;56
201400022568;14;12;2;1135;1;2;1;3;56
201400022570;14;12;20;1535;1;2;7;6;56
201400022572;14;1;17;1010;1;2;2;6;56
201400022573;14;1;22;240;5;2;1;3;56
201400022575;14;2;14;1345;1;2;1;2;56
201400022576;14;3;1;525;5;2;1;2;56
201400022580;14;4;23;1230;1;2;1;6;56
201400022581;14;5;10;1345;1;2;1;2;56
201400022582;14;5;29;1755;1;2;1;3;56
201400022583;14;6;4;640;1;2;1;3;56
201400022584;14;6;18;1220;1;2;1;2;56
201400022585;14;6;25;1855;1;1;1;1;56
201400022586;14;7;15;1154;1;2;1;3;56
201400022587;14;7;28;1350;1;2;1;1;56
201400022588;14;7;23;1240;1;2;1;2;56
201400022589;14;7;25;1920;1;1;1;3;56
201400022590;14;8;5;1810;1;2;1;3;56
201400022591;14;8;6;1800;1;1;1;3;56
201400022594;14;10;13;1330;1;2;1;6;56
201400022595;14;11;15;620;5;2;1;2;56
201400022596;14;12;4;1700;5;2;2;6;56
201400022597;14;1;2;1700;1;2;1;3;56
201400022598;14;1;4;1830;5;2;1;3;56
201400022599;14;1;7;1815;5;2;1;6;56
201400022601;14;1;13;1820;5;2;2;6;56
201400022602;14;1;17;1440;1;2;1;6;56
201400022603;14;1;18;2210;5;2;2;6;56
201400022606;14;1;26;1205;1;1;1;3;56
201400022609;14;1;31;1825;5;2;1;3;56
201400022610;14;1;31;1925;5;2;1;6;56
201400022611;14;1;31;2145;5;2;1;7;56
201400022612;14;2;3;900;1;2;1;6;56
201400022613;14;2;4;1010;1;2;1;1;56
201400022614;14;2;5;1915;5;2;1;3;56
201400022615;14;2;7;1540;1;2;1;2;56
201400022616;14;2;7;1610;1;2;1;4;56
201400022617;14;2;7;2040;5;2;1;6;56
201400022618;14;2;10;1205;1;2;1;6;56
201400022619;14;2;12;2150;5;2;1;3;56
201400022620;14;2;15;2345;5;2;1;3;56
201400022621;14;2;19;1810;2;2;1;6;56
201400022622;14;2;19;1825;5;2;1;2;56
201400022623;14;2;19;1915;5;2;1;2;56
201400022624;14;2;20;1835;5;2;1;6;56
201400022625;14;2;21;740;1;2;2;6;56
201400022626;14;2;24;735;1;1;1;1;56
201400022627;14;2;24;920;1;2;9;5;56
201400022629;14;3;2;2233;5;2;1;3;56
201400022631;14;3;4;1945;5;2;1;3;56
201400022632;14;3;7;1210;1;1;1;2;56
201400022633;14;3;8;1620;1;2;1;3;56
201400022634;14;3;8;1925;5;2;1;3;56
201400022635;14;3;9;1658;1;2;1;3;56
201400022636;14;3;14;1442;1;2;1;3;56
201400022637;14;3;14;1825;2;2;1;6;56
201400022638;14;3;15;1740;1;2;1;3;56
201400022639;14;3;16;1535;1;2;1;2;56
201400022640;14;3;17;817;1;2;1;4;56
201400022641;14;3;17;820;1;2;1;3;56
201400022642;14;3;20;700;1;2;1;1;56
201400022643;14;3;21;1845;2;2;1;3;56
201400022644;14;3;21;1830;5;2;1;3;56
201400022647;14;3;28;1110;1;2;1;5;56
201400022648;14;3;28;1710;1;2;1;3;56
201400022649;14;3;30;600;5;2;1;6;56
201400022650;14;4;1;100;5;2;1;6;56
201400022651;14;4;2;1259;1;2;1;2;56
201400022653;14;4;3;1555;1;2;1;3;56
201400022654;14;4;4;1145;1;2;1;3;56
201400022655;14;4;4;1655;1;2;1;3;56
201400022659;14;4;8;2110;5;2;1;3;56
201400022661;14;4;10;2328;5;2;1;6;56
201400022664;14;4;12;1450;1;2;1;6;56
201400022665;14;4;14;1440;1;2;1;4;56
201400022666;14;4;18;2350;5;2;1;3;56
201400022667;14;4;19;1625;1;2;1;2;56
201400022668;14;4;19;2225;5;2;1;3;56
201400022669;14;4;20;1942;3;2;2;2;56
201400022671;14;4;22;1550;1;2;2;3;56
201400022672;14;4;25;130;5;2;1;7;56
201400022673;14;4;28;350;3;2;1;6;56
201400022674;14;4;29;1155;1;2;1;6;56
201400022675;14;4;30;310;5;2;1;3;56
201400022676;14;5;1;1810;1;2;1;2;56
201400022677;14;5;3;1150;1;2;1;6;56
201400022678;14;5;3;1717;1;2;1;6;56
201400022679;14;5;4;1338;1;2;1;6;56
201400022680;14;5;5;820;1;2;1;6;56
201400022681;14;5;6;1455;1;2;1;1;56
201400022682;14;5;9;1500;1;1;1;1;56
201400022683;14;5;13;1225;1;2;1;6;34
201400022684;14;5;13;2000;1;2;1;1;34
201400022685;14;5;16;815;1;2;1;3;34
201400022686;14;5;17;2258;5;2;1;3;34
201400022687;14;5;20;1820;1;2;1;3;34
201400022688;14;5;20;1955;1;2;1;6;34
201400022689;14;5;22;1005;1;2;1;3;56
201400022692;14;5;31;955;1;2;1;3;56
201400022694;14;6;6;615;1;2;1;6;56
201400022695;14;6;6;1840;1;1;1;3;56
201400022697;14;6;8;2245;5;2;1;6;56
201400022699;14;6;9;45;5;2;1;3;56
201400022700;14;6;9;2025;1;2;1;3;56
201400022701;14;6;10;900;1;2;1;2;56
201400022702;14;6;13;1750;1;1;3;3;56
201400022703;14;6;13;1945;1;2;2;2;56
201400022704;14;6;17;1225;1;2;1;6;56
201400022706;14;6;17;2150;5;2;2;1;56
201400022707;14;6;18;1630;1;2;3;2;56
201400022708;14;6;18;2240;5;2;1;7;56
201400022709;14;6;20;1720;1;2;1;7;56
201400022711;14;6;26;230;3;1;1;7;56
201400022712;14;6;26;1605;1;2;1;6;56
201400022713;14;6;30;2115;2;2;1;6;56
201400022714;14;7;1;1240;1;2;1;3;56
201400022715;14;7;1;1545;1;2;1;6;56
201400022716;14;7;1;1735;1;2;1;3;56
201400022717;14;7;5;1720;1;2;1;6;56
201400022718;14;7;7;2225;5;2;1;1;56
201400022719;14;7;8;1912;1;2;1;4;56
201400022720;14;7;8;1810;1;2;1;6;56
201400022721;14;7;8;2115;2;2;1;3;56
201400022722;14;7;13;52;5;2;1;7;56
201400022723;14;7;15;1340;1;2;1;3;56
201400022724;14;7;15;1452;1;2;1;7;56
201400022725;14;7;16;725;1;2;1;3;56
201400022726;14;7;18;15;5;2;1;3;56
201400022727;14;7;19;1520;1;2;1;6;56
201400022729;14;7;25;445;5;2;1;3;56
201400022731;14;7;26;1828;1;2;1;3;49
201400022733;14;7;31;1820;1;2;1;2;33
201400022734;14;8;3;1800;1;1;1;7;33
201400022735;14;8;4;935;1;2;1;2;33
201400022736;14;8;8;1915;1;2;1;3;33
201400022737;14;8;10;2330;5;2;1;7;33
201400022738;14;8;11;2135;5;2;1;6;57
201400022739;14;8;13;1850;1;2;1;6;57
201400022740;14;8;15;15;5;2;1;3;57
201400022741;14;8;28;745;2;2;1;3;57
201400022742;14;9;1;1530;1;2;1;3;57
201400022743;14;9;1;1830;1;2;1;3;57
201400022745;14;9;4;1720;1;2;1;3;57
201400022747;14;9;6;945;1;2;1;2;57
201400022749;14;9;10;1025;1;2;1;6;57
201400022750;14;9;11;2100;5;2;1;6;57
201400022752;14;9;13;930;1;1;1;2;57
201400022753;14;9;13;835;1;2;1;6;57
201400022754;14;9;14;2205;5;2;1;2;57
201400022755;14;9;14;2245;5;2;1;3;57
201400022756;14;9;15;925;1;2;2;6;57
201400022758;14;9;17;1228;1;2;1;3;57
201400022759;14;9;17;1300;1;2;1;1;57
201400022760;14;9;17;1300;1;2;1;6;57
201400022761;14;9;18;810;1;2;2;2;57
201400022762;14;9;18;920;1;2;1;6;57
201400022763;14;9;19;1511;1;2;1;6;57
201400022764;14;9;19;2120;5;2;1;2;57
201400022766;14;9;22;1300;1;2;1;6;57
201400022767;14;9;22;1510;1;2;1;6;57
201400022769;14;9;30;1515;1;2;1;3;57
201400022770;14;10;1;955;1;2;1;3;57
201400022771;14;10;6;635;5;2;1;3;57
201400022772;14;10;6;850;1;2;1;6;57
201400022773;14;10;6;1550;1;2;1;3;57
201400022774;14;10;7;920;1;2;2;3;57
201400022775;14;10;7;1045;1;1;1;2;57
201400022776;14;10;7;1210;1;2;3;3;57
201400022777;14;10;7;2010;3;2;2;2;57
201400022778;14;10;9;2210;5;2;1;3;57
201400022779;14;10;11;1430;1;2;1;3;57
201400022780;14;10;11;1800;1;2;1;6;57
201400022781;14;10;11;2220;5;2;1;6;57
201400022782;14;10;12;1525;1;2;2;3;57
201400022783;14;10;12;2044;5;2;1;3;57
201400022784;14;10;14;840;1;2;1;3;57
201400022785;14;10;16;2220;5;2;1;6;57
201400022788;14;10;19;1820;1;1;1;6;57
201400022789;14;10;24;2125;5;2;1;3;57
201400022790;14;10;26;925;1;2;1;1;57
201400022791;14;10;26;1050;1;2;1;3;57
201400022792;14;10;29;1556;1;2;1;3;57
201400022793;14;10;29;2255;5;2;1;3;57
201400022795;14;10;31;2355;5;2;1;6;57
201400022797;14;11;3;125;3;2;1;6;57
201400022798;14;11;5;1730;2;2;1;3;57
201400022799;14;11;6;1755;2;2;1;3;57
201400022800;14;11;7;950;1;2;1;3;57
201400022801;14;11;7;1650;1;2;1;6;57
201400022802;14;11;8;1250;1;2;1;6;57
201400022803;14;11;10;1240;1;2;1;3;57
201400022804;14;11;10;2055;5;2;2;3;57
201400022808;14;11;14;730;2;2;1;1;57
201400022809;14;11;15;1900;5;2;1;3;57
201400022810;14;11;18;1840;5;2;1;6;57
201400022811;14;11;18;2328;5;2;1;3;57
201400022812;14;11;19;1055;1;2;1;6;57
201400022813;14;11;20;2120;3;2;1;7;57
201400022815;14;11;23;1810;5;2;1;6;57
201400022816;14;11;24;1955;5;2;3;6;57
201400022817;14;11;27;2340;5;2;3;2;57
201400022818;14;11;29;1410;1;2;1;6;57
201400022819;14;11;29;1650;1;2;1;3;57
201400022821;14;12;5;1830;5;2;2;3;57
201400022822;14;12;6;1100;1;2;2;3;57
201400022823;14;12;11;430;5;2;1;6;57
201400022825;14;12;11;1715;2;2;1;3;57
201400022826;14;12;11;2240;5;2;1;3;57
201400022827;14;12;12;1525;1;2;1;3;57
201400022828;14;12;21;1445;1;2;1;6;57
201400022829;14;12;21;1745;3;1;1;1;57
201400022830;14;12;24;2236;3;2;1;6;57
201400022831;14;12;25;2140;5;2;1;3;57
201400022832;14;12;28;1440;1;2;1;2;57
201400022834;14;1;11;1700;1;2;1;6;57
201400022835;14;8;4;1600;1;1;1;2;57
201400022836;14;8;9;1000;1;1;1;5;57
201400022837;14;10;31;1645;1;1;1;2;57
201400022838;14;3;16;1715;1;1;7;6;57
201400022839;14;3;20;1115;1;1;1;7;57
201400022840;14;12;9;1045;1;1;4;3;57
201400022841;14;10;13;1815;1;1;1;1;57
201400022842;14;1;28;1330;1;1;1;6;57