Num_Acc;an;mois;jour;hrmn;lum;agg;atm;col;dep
201400022843;14;2;19;100;3;1;1;2;57
201400022844;14;3;2;515;3;1;1;6;57
201400022845;14;3;8;1730;1;1;1;3;57
201400022846;14;5;3;1415;1;1;1;6;57
201400022847;14;6;23;1845;1;1;2;6;57
201400022848;14;7;11;1445;1;1;1;6;57
201400022849;14;9;13;730;1;1;1;6;57
201400022850;14;9;15;1230;1;1;1;2;57
201400022851;14;10;18;30;3;2;1;6;57
201400022852;14;11;3;1815;3;1;2;7;57
201400022853;14;1;13;715;3;1;2;5;57
201400022854;14;1;13;1800;3;1;3;3;57
201400022855;14;1;7;2015;3;1;1;6;57
201400022856;14;1;27;1730;1;1;1;2;57
201400022857;14;2;6;1615;1;1;1;6;57
201400022858;14;2;19;415;3;1;1;2;57
201400022859;14;2;19;2115;3;1;1;6;57
201400022860;14;2;19;1630;1;1;1;6;57
201400022861;14;2;28;1545;1;2;1;6;57
201400022862;14;3;6;1115;1;2;1;6;57
201400022863;14;3;24;1830;1;1;1;1;57
201400022864;14;3;25;1800;1;2;1;3;57
201400022865;14;2;20;1245;1;1;1;1;57
201400022866;14;3;30;1545;1;1;1;2;57
201400022867;14;3;30;230;3;1;1;7;57
201400022868;14;3;4;815;1;1;1;2;57
201400022869;14;4;7;630;2;1;1;2;57
201400022870;14;4;11;1630;1;2;1;1;57
201400022871;14;4;23;1530;1;1;1;1;57
201400022872;14;4;26;745;1;1;1;6;57
201400022873;14;5;2;900;1;2;1;1;57
201400022874;14;5;2;1630;1;1;1;5;57
201400022875;14;5;4;1015;1;2;6;7;57
201400022876;14;5;11;2215;3;1;1;2;57
201400022877;14;5;21;2015;1;2;1;3;57
201400022878;14;5;29;1415;1;1;1;3;57
201400022879;14;5;31;1815;1;1;1;7;57
201400022880;14;6;1;745;2;1;1;2;57
201400022881;14;6;6;1045;1;1;1;4;57
201400022882;14;6;8;345;3;1;1;6;57
201400022883;14;5;25;1200;1;1;1;7;57
201400022884;14;6;18;1215;1;1;1;6;57
201400022885;14;6;20;1600;1;1;1;3;57
201400022886;14;6;22;1645;1;1;1;6;57
201400022887;14;6;26;1745;1;1;1;7;57
201400022888;14;6;27;2315;3;2;1;1;57
201400022889;14;7;4;1700;1;1;3;1;57
201400022890;14;7;20;1845;1;1;1;1;57
201400022891;14;7;21;1330;1;1;1;4;57
201400022892;14;7;31;2100;2;1;1;3;57
201400022893;14;8;2;2030;1;1;2;5;57
201400022894;14;8;6;1715;1;1;1;2;57
201400022895;14;8;10;1700;1;1;1;6;57
201400022896;14;8;17;1830;1;2;1;6;57
201400022897;14;8;20;1545;1;1;2;2;57
201400022898;14;8;24;945;1;2;1;1;57
201400022899;14;8;24;1215;1;1;1;3;57
201400022900;14;8;25;815;1;1;1;5;57
201400022901;14;8;27;400;3;1;1;6;57
201400022902;14;7;8;1645;1;2;1;1;57
201400022903;14;9;3;1515;1;1;1;2;57
201400022904;14;9;6;1545;1;1;1;3;57
201400022905;14;9;10;1730;1;1;1;5;57
201400022906;14;9;10;1800;1;1;1;5;57
201400022907;14;9;17;1700;1;1;3;2;57
201400022908;14;9;18;1730;1;2;1;6;57
201400022909;14;9;19;745;1;1;3;3;57
201400022910;14;9;20;1130;1;1;1;4;57
201400022911;14;10;1;145;3;1;1;5;57
201400022912;14;10;6;1630;1;1;1;7;57
201400022913;14;10;7;1100;2;1;3;6;57
201400022914;14;9;21;1615;1;1;1;6;57
201400022915;14;10;17;1245;1;1;1;2;57
201400022916;14;10;25;1645;1;1;1;7;57
201400022917;14;11;10;945;1;1;8;6;57
201400022918;14;10;31;1100;1;1;1;4;57
201400022919;14;11;16;2015;3;1;2;4;57
201400022920;14;11;26;2245;3;1;2;3;57
201400022921;14;12;12;915;3;1;1;1;57
201400022922;14;12;11;1100;1;1;1;2;57
201400022923;14;12;21;1745;5;2;1;6;57
201400022924;14;12;31;845;1;1;6;7;57
201400022925;14;8;1;1500;1;1;1;3;57
201400022926;14;1;23;900;1;1;2;3;33
201400022927;14;3;9;1800;1;1;7;2;33
201400022928;14;3;9;900;1;1;7;1;33
201400022929;14;3;13;730;2;1;5;5;11
201400022930;14;5;17;600;1;2;1;6;11
201400022931;14;6;12;1545;1;1;1;7;11
201400022932;14;6;20;1600;1;1;1;3;11
201400022933;14;6;20;1600;1;1;7;1;11
201400022934;14;8;23;1830;1;1;2;1;57
201400022935;14;8;28;1000;1;1;1;4;86
201400022936;14;9;19;1430;1;2;1;6;69
201400022937;14;10;20;2030;5;2;1;1;95
201400022938;14;12;11;715;2;2;1;1;95
201400022939;14;12;23;2215;3;1;1;7;60
201400022940;14;3;30;2015;1;1;1;6;95
201400022941;14;4;20;1445;1;1;1;6;95
201400022942;14;6;28;1400;1;1;2;1;95
201400022943;14;7;25;2130;2;1;1;6;95
201400022944;14;9;5;1945;2;2;1;6;95
201400022945;14;10;5;430;5;2;1;6;95
201400022946;14;1;24;930;1;2;1;6;95
201400022947;14;2;10;1700;1;1;8;1;95
201400022948;14;4;23;945;1;1;1;1;95
201400022949;14;8;9;1115;1;2;1;1;95
201400022950;14;8;23;300;5;2;1;6;95
201400022951;14;1;11;2000;5;2;1;3;95
201400022952;14;1;24;1915;5;2;1;1;95
201400022953;14;5;6;1315;1;1;1;3;95
201400022954;14;7;10;1115;1;1;1;3;95
201400022955;14;7;29;1730;1;1;1;6;95
201400022956;14;8;8;1730;1;1;1;1;95
201400022957;14;9;2;1200;1;2;1;6;95
201400022958;14;11;28;1400;1;1;2;4;95
201400022959;14;12;5;1730;3;1;1;2;95
201400022960;14;3;29;930;5;2;1;6;95
201400022961;14;9;4;915;1;1;1;1;95
201400022962;14;7;4;215;3;2;1;6;95
201400022963;14;8;5;1445;1;1;1;5;95
201400022964;14;8;18;1800;1;1;1;3;95
201400022965;14;2;15;2115;3;1;1;7;95
201400022966;14;5;5;845;1;1;7;1;95
201400022967;14;10;12;1500;2;1;8;1;71
201400022968;14;2;6;1530;1;1;1;3;71
201400022969;14;8;14;1415;1;1;1;1;59
201400022970;14;1;2;1405;1;2;1;3;59
201400022971;14;1;15;1920;5;1;1;4;59
201400022972;14;2;2;1930;5;2;1;3;59
201400022973;14;2;6;1535;1;2;1;3;59
201400022974;14;2;22;2115;5;2;1;6;59
201400022975;14;2;22;2015;5;2;1;6;59
201400022976;14;3;13;1059;1;2;1;3;68
201400022977;14;4;4;1220;1;2;2;2;68
201400022978;14;4;13;245;5;2;1;6;68
201400022979;14;3;9;1640;1;2;1;7;68
201400022980;14;4;30;1250;1;2;1;5;68
201400022981;14;4;11;1830;1;1;1;7;68
201400022982;14;5;26;1430;1;2;1;3;68
201400022983;14;6;18;1420;1;2;1;3;68
201400022984;14;7;3;1206;1;2;1;1;68
201400022985;14;7;20;1958;1;2;3;7;68
201400022986;14;8;11;852;1;1;2;7;68
201400022988;14;8;31;1920;1;2;1;7;68
201400022989;14;9;1;1620;1;2;1;3;68
201400022990;14;9;2;1430;1;2;1;2;68
201400022991;14;9;6;1625;1;1;1;2;68
201400022992;14;9;26;1730;1;2;1;6;68
201400022993;14;10;21;1145;1;2;1;2;43
201400022994;14;10;21;1930;5;2;1;6;43
201400022995;14;10;30;1100;1;2;1;5;43
201400022997;14;10;1;1715;1;2;1;6;41
201400022998;14;12;8;1730;3;1;3;6;41
201400022999;14;12;12;1800;3;1;1;6;41
201400023001;14;5;12;1415;1;1;8;1;41
201400023002;14;5;16;1915;1;1;7;5;41
201400023003;14;7;14;1845;1;2;1;2;41
201400023006;14;1;2;1630;1;1;1;3;41
201400023011;14;1;7;1455;1;2;1;1;41
201400023013;14;1;8;1630;1;2;1;3;41
201400023016;14;1;13;1135;1;2;2;6;22
201400023017;14;1;13;1145;1;2;1;3;22
201400023019;14;1;13;1550;1;2;2;2;22
201400023020;14;1;9;800;1;2;1;3;22
201400023021;14;1;10;1410;1;2;1;5;22
201400023032;14;1;17;1640;1;2;1;6;22
201400023033;14;1;17;1620;1;2;7;6;22
201400023043;14;1;21;1826;5;2;1;3;2A
201400023048;14;1;22;1350;1;2;1;6;91
201400023060;14;2;2;1420;1;2;1;1;61
201400023061;14;2;1;1230;1;2;1;6;61
201400023067;14;1;31;1430;1;2;2;6;61
201400023075;14;2;7;1650;1;2;1;3;61
201400023079;14;2;6;1810;1;2;1;6;61
201400023081;14;2;7;2000;1;1;1;1;61
201400023083;14;2;12;200;5;2;2;6;61
201400023085;14;2;12;1615;1;2;1;3;61
201400023086;14;2;12;1615;1;2;1;6;61
201400023088;14;2;13;1340;1;2;1;2;61
201400023095;14;2;26;1715;1;1;1;3;61
201400023096;14;2;24;1605;1;2;1;2;61
201400023100;14;2;28;700;2;2;2;6;61
201400023111;14;3;8;815;1;1;1;7;20
201400023115;14;3;6;1020;1;1;1;5;17
201400023117;14;3;6;1724;1;2;1;4;17
201400023122;14;3;12;1845;1;2;2;2;17
201400023123;14;3;10;1700;1;2;1;2;17
201400023129;14;3;14;2200;5;2;1;1;60
201400023135;14;3;17;845;1;1;1;5;62
201400023137;14;3;14;935;1;2;1;2;62
201400023142;14;3;21;1125;1;1;1;2;62
201400023143;14;3;21;1800;1;2;1;3;62
201400023149;14;3;23;905;1;1;1;7;62
201400023154;14;3;25;1725;1;1;1;5;62
201400023161;14;3;28;1435;1;2;1;3;62
201400023163;14;4;1;900;1;1;1;6;62
201400023171;14;4;7;820;1;2;1;6;62
201400023172;14;4;7;1345;1;1;1;2;62
201400023174;14;4;2;1700;1;2;1;6;62
201400023175;14;4;1;1755;1;2;1;2;62
201400023176;14;4;7;700;1;2;1;2;62
201400023179;14;4;8;2325;5;2;1;1;62
201400023181;14;4;9;1940;1;1;1;2;62
201400023183;14;4;10;1028;1;2;1;3;62
201400023184;14;4;10;1930;1;2;1;3;62
201400023185;14;4;11;655;1;1;1;1;62
201400023197;14;4;15;1645;1;1;1;4;62
201400023198;14;4;15;1550;1;2;1;3;62
201400023199;14;4;15;1815;1;1;1;4;62
201400023201;14;4;16;2000;1;2;1;1;62
201400023202;14;4;17;650;1;1;1;1;62
201400023204;14;4;19;610;5;1;1;2;62
201400023206;14;4;23;650;5;2;1;3;62
201400023212;14;4;28;615;2;2;1;6;62
201400023213;14;4;28;900;1;2;1;3;62
201400023214;14;4;28;1445;1;2;1;2;62
201400023215;14;4;29;1700;1;1;1;2;62
201400023217;14;4;30;820;1;1;1;2;62
201400023218;14;4;30;1010;1;2;1;1;62
201400023223;14;5;6;209;5;1;1;2;62
201400023228;14;5;2;2040;2;2;1;3;62
201400023236;14;5;16;745;1;2;1;1;62
201400023246;14;5;16;1920;1;2;1;7;62
201400023247;14;5;17;1345;1;2;1;6;62
201400023248;14;5;19;850;1;1;1;2;62
201400023249;14;5;20;1105;1;2;1;6;62
201400023255;14;5;23;850;1;2;1;3;62
201400023257;14;5;23;2050;2;2;1;6;62
201400023258;14;5;24;1730;1;1;1;6;62
201400023276;14;6;1;2315;5;2;1;6;62
201400023282;14;6;5;2329;4;2;1;7;62
201400023283;14;6;2;1658;1;2;1;6;62
201400023284;14;6;5;1755;1;2;1;6;62
201400023291;14;6;11;1536;1;2;1;3;62
201400023292;14;6;11;1600;1;2;1;1;62
201400023296;14;6;11;2242;5;1;1;2;62
201400023300;14;6;13;1935;1;2;1;3;62
201400023301;14;6;15;20;5;2;1;6;62
201400023302;14;6;16;10;5;2;1;1;62
201400023303;14;6;17;1635;1;2;1;3;62
201400023309;14;6;19;1705;1;1;1;2;62
201400023314;14;6;21;2110;5;1;1;7;62
201400023316;14;6;23;810;1;2;1;3;62
201400023322;14;6;25;735;1;1;1;5;62
201400023323;14;6;25;635;1;1;1;7;62
201400023324;14;6;25;1700;1;2;1;2;62
201400023331;14;7;1;145;5;2;1;7;62
201400023333;14;7;1;1510;1;2;1;6;62
201400023340;14;7;6;2036;5;1;9;7;62
201400023343;14;7;7;1650;1;2;1;6;62
201400023347;14;7;7;1915;1;1;1;4;62
201400023355;14;7;15;1220;1;2;1;5;62
201400023357;14;7;19;1030;1;2;1;2;62
201400023358;14;7;19;1715;1;1;1;2;62
201400023361;14;7;21;1120;1;2;1;3;62
201400023369;14;7;27;1830;1;2;1;3;62
201400023384;14;8;9;1335;1;1;1;6;62
201400023387;14;8;11;1500;1;2;1;6;62
201400023391;14;8;4;1220;1;1;3;6;62
201400023396;14;8;13;1608;1;2;1;6;62
201400023398;14;8;19;1515;1;2;1;6;62
201400023399;14;8;20;2325;5;1;1;6;62
201400023400;14;8;20;1715;1;2;1;6;62
201400023404;14;8;22;1600;1;1;2;4;62
201400023405;14;8;22;1150;1;2;1;6;62
201400023409;14;8;26;2210;5;1;3;6;62
201400023411;14;8;22;1545;1;1;2;6;62
201400023414;14;8;28;940;1;1;1;4;62
201400023415;14;8;28;1540;1;1;1;6;62
201400023416;14;8;28;1125;1;2;1;6;62
201400023417;14;8;29;700;1;2;1;6;62
201400023422;14;9;1;1709;1;2;1;4;62
201400023423;14;9;1;830;1;2;1;3;62
201400023424;14;9;1;1500;1;2;1;1;62
201400023429;14;9;4;1650;1;1;1;2;62
201400023431;14;9;7;1628;1;1;1;5;62
201400023432;14;9;8;1700;1;2;1;1;62
201400023434;14;9;9;1315;1;2;1;6;62
201400023435;14;9;9;1725;1;2;1;1;62
201400023445;14;9;11;2025;1;1;1;2;62
201400023451;14;9;11;830;1;2;1;3;62
201400023455;14;9;12;1755;1;2;1;1;62
201400023463;14;9;19;1540;1;2;1;6;62
201400023464;14;9;23;555;1;2;1;3;62
201400023472;14;9;26;730;1;2;1;4;62
201400023475;14;9;28;321;5;1;1;6;62
201400023480;14;9;26;1910;1;1;1;2;62
201400023492;14;10;1;800;1;1;1;2;62
201400023504;14;10;3;1220;1;1;1;2;62
201400023505;14;10;5;1655;1;2;1;6;62
201400023515;14;10;8;1430;1;1;1;7;62
201400023516;14;10;8;805;1;2;1;3;62
201400023517;14;10;10;1710;1;1;1;2;62
201400023519;14;10;13;1200;1;2;1;3;62
201400023521;14;10;13;1230;1;1;1;4;62
201400023522;14;10;13;1735;1;2;1;2;62
201400023535;14;10;17;1720;1;2;1;3;62
201400023536;14;10;16;1730;1;2;1;6;62
201400023538;14;10;20;820;1;1;1;2;62
201400023544;14;10;23;1800;5;1;1;5;62
201400023546;14;10;23;1245;1;1;1;2;62
201400023558;14;10;24;1730;1;2;1;1;62
201400023559;14;10;27;810;1;2;1;5;62
201400023565;14;10;30;1120;1;1;1;2;62
201400023570;14;11;1;1355;1;2;1;4;63
201400023574;14;11;5;1242;1;2;1;6;63
201400023575;14;11;8;1915;2;1;1;5;63
201400023576;14;11;10;1430;1;1;1;3;63
201400023583;14;11;14;1910;5;2;3;3;63
201400023584;14;11;14;2155;5;2;2;3;63
201400023588;14;11;17;1252;1;2;2;7;63
201400023592;14;11;15;1310;1;1;1;6;63
201400023595;14;11;17;1835;5;1;1;2;63
201400023606;14;11;20;810;1;2;1;1;63
201400023610;14;11;24;1845;5;2;1;6;63
201400023618;14;11;27;740;2;1;1;4;63
201400023622;14;11;26;1645;1;2;1;6;63
201400023625;14;11;28;810;1;1;1;3;63
201400023640;14;12;9;2015;5;2;1;3;63
201400023645;14;12;11;1645;1;2;2;3;63
201400023651;14;12;16;715;2;2;1;3;63
201400023655;14;12;15;1850;5;1;1;2;63
201400023664;14;12;25;2100;1;2;1;1;64
201400023665;14;12;29;1940;5;1;2;2;64
201400023670;14;12;22;900;1;2;1;3;64
201400023673;14;6;11;1100;1;1;1;6;64
201400023674;14;7;9;1100;1;2;8;3;64
201400023675;14;8;3;100;3;1;1;5;64
201400023676;14;8;9;1715;1;2;1;3;64
201400023677;14;4;15;1315;1;1;1;1;64
201400023678;14;8;30;1900;1;1;8;3;64
201400023679;14;10;31;1330;1;2;1;6;64
201400023680;14;3;29;1750;2;1;1;6;64
201400023681;14;8;11;1715;1;1;1;3;64
201400023682;14;1;20;45;3;1;2;6;64
201400023683;14;6;18;630;1;1;1;2;64
201400023684;14;7;10;545;1;1;2;6;64
201400023685;14;8;2;2330;3;1;1;2;64
201400023686;14;8;30;30;5;1;1;2;64
201400023687;14;9;8;245;3;1;1;6;64
201400023688;14;10;5;1145;1;1;2;6;64
201400023689;14;11;17;1900;3;1;2;6;64
201400023690;14;11;25;1615;1;1;1;1;64
201400023691;14;5;10;945;1;1;1;2;64
201400023692;14;1;5;1615;1;1;1;6;64
201400023693;14;1;12;2015;3;1;1;2;64
201400023694;14;2;7;915;1;1;3;4;64
201400023695;14;2;11;2200;3;1;1;6;64
201400023696;14;4;12;1830;1;1;1;2;64
201400023697;14;5;4;1700;1;1;1;3;64
201400023698;14;5;12;930;1;1;1;6;64
201400023699;14;5;28;1845;1;1;1;3;64
201400023700;14;6;6;830;1;1;1;1;64
201400023701;14;6;8;1800;1;1;1;6;64
201400023702;14;6;26;915;1;1;1;6;64
201400023703;14;7;8;1215;1;1;1;3;64
201400023704;14;7;19;1945;1;1;1;2;64
201400023705;14;7;21;1730;1;1;1;3;64
201400023706;14;8;14;715;1;1;1;6;64
201400023707;14;10;10;730;2;1;1;4;64
201400023708;14;10;10;1215;1;1;1;2;64
201400023709;14;10;25;1415;1;1;1;5;64
201400023710;14;10;27;1815;2;1;1;5;64
201400023711;14;11;4;1830;3;1;3;6;64
201400023712;14;11;13;630;2;1;1;6;64
201400023713;14;11;24;715;2;1;1;2;64
201400023714;14;12;17;1815;3;1;1;2;64
201400023715;14;12;18;1045;1;1;1;2;64
201400023716;14;12;30;2130;3;1;1;2;64
201400023717;14;3;15;745;1;1;1;6;64
201400023718;14;3;23;1800;1;1;4;3;64
201400023719;14;5;20;1600;1;1;3;7;64
201400023720;14;6;8;1015;1;1;1;6;64
201400023721;14;6;16;1445;1;1;1;3;64
201400023722;14;6;23;1700;1;1;1;6;64
201400023723;14;6;29;815;1;1;8;6;64
201400023724;14;7;18;2245;3;1;8;2;64
201400023725;14;9;21;315;3;1;8;6;64
201400023726;14;12;23;615;3;1;8;7;64
201400023727;14;6;23;1945;1;1;1;2;64
201400023728;14;6;28;930;1;2;2;1;64
201400023729;14;9;26;745;1;1;1;2;64
201400023730;14;1;2;1830;5;1;8;2;64
201400023731;14;2;1;1215;1;1;4;3;64
201400023732;14;6;20;645;1;1;1;5;64
201400023733;14;10;15;745;3;1;2;2;64
201400023734;14;11;4;945;1;1;1;2;64
201400023735;14;11;7;1600;1;1;1;1;64
201400023736;14;11;18;715;2;1;1;1;64
201400023737;14;12;3;1430;1;1;8;6;64
201400023738;14;3;24;830;1;2;1;3;64
201400023739;14;2;23;415;5;1;1;4;64
201400023740;14;5;4;1515;1;1;1;6;64
201400023741;14;11;13;1700;2;1;1;1;64
201400023742;14;10;4;400;3;1;2;7;64
201400023743;14;10;4;2200;3;1;1;6;64
201400023744;14;5;14;630;3;1;1;6;64
201400023745;14;7;11;1000;1;2;2;1;64
201400023746;14;8;2;1515;1;1;8;2;64
201400023747;14;8;21;1445;1;2;1;3;64
201400023748;14;9;9;1000;1;1;1;6;64
201400023749;14;2;16;2100;5;2;1;1;64
201400023750;14;2;21;1816;2;1;8;7;64
201400023751;14;3;9;1;3;1;1;1;64
201400023752;14;3;25;1645;1;2;2;7;64
201400023753;14;4;15;920;1;2;1;1;64
201400023754;14;4;15;1130;1;2;1;3;64
201400023755;14;4;30;500;3;1;9;6;64
201400023756;14;5;5;1740;1;2;1;3;64
201400023757;14;5;13;1100;1;2;2;3;64
201400023758;14;6;3;1605;1;2;1;7;64
201400023759;14;6;17;1120;1;2;1;6;64
201400023760;14;6;19;1915;1;2;1;3;64
201400023761;14;6;20;227;3;1;1;6;64
201400023762;14;7;2;150;3;1;2;6;64
201400023763;14;7;16;755;1;2;1;2;64
201400023764;14;7;25;1740;1;1;8;1;64
201400023765;14;7;29;1135;1;2;1;2;64
201400023766;14;8;6;1740;1;2;1;5;64
201400023767;14;8;7;935;1;2;1;7;64
201400023768;14;8;14;828;1;2;1;6;64
201400023769;14;8;23;1200;1;1;1;6;64
201400023770;14;8;24;730;1;1;1;7;64
201400023771;14;9;12;1210;1;2;1;1;64
201400023772;14;9;12;1405;1;2;1;2;64
201400023773;14;9;18;1130;1;2;1;7;64
201400023774;14;9;23;2240;5;2;1;7;64
201400023775;14;9;28;1205;1;2;1;7;64
201400023776;14;10;3;1620;1;1;1;3;64
201400023777;14;10;17;343;5;2;1;6;64
201400023778;14;10;27;1706;1;1;1;7;64
201400023779;14;10;30;1030;1;2;1;7;64
201400023780;14;11;8;1140;1;2;1;7;64
201400023781;14;11;12;1655;2;2;1;7;64
201400023782;14;11;14;800;2;2;2;7;64
201400023783;14;11;27;1145;1;2;1;7;64
201400023784;14;11;29;256;3;2;1;7;64
201400023785;14;12;6;1959;3;2;2;6;64
201400023786;14;12;10;1405;1;2;1;6;64
201400023787;14;12;16;1840;5;1;2;3;64
201400023788;14;12;17;2355;5;2;2;1;64
201400023789;14;4;8;715;1;1;1;5;64
201400023790;14;4;7;1615;1;1;1;7;64
201400023791;14;5;18;1730;1;1;1;1;64
201400023792;14;8;7;645;1;1;1;6;64
201400023793;14;12;5;1615;3;1;1;6;64
201400023794;14;2;4;845;1;1;2;5;64
201400023795;14;6;6;1415;1;1;1;3;64
201400023796;14;11;27;1830;3;1;1;2;64
201400023797;14;12;20;1745;3;1;1;6;64
201400023798;14;2;12;715;2;1;9;6;64
201400023799;14;11;17;1500;1;1;2;7;64
201400023800;14;3;5;815;1;1;8;3;64
201400023801;14;4;18;1815;1;1;1;1;64
201400023802;14;5;31;1915;1;1;1;6;64
201400023803;14;2;20;1930;5;2;1;4;64
201400023804;14;4;10;845;1;2;1;7;64
201400023805;14;6;27;1345;1;2;1;6;64
201400023806;14;11;27;1800;5;2;1;3;64
201400023807;14;8;8;2345;3;1;1;6;64
201400023808;14;11;20;1845;3;1;1;6;64
201400023809;14;2;1;600;5;1;3;7;64
201400023810;14;2;22;1830;2;1;8;6;64
201400023811;14;4;3;1645;1;2;1;3;64
201400023812;14;4;28;1000;1;1;2;1;64
201400023813;14;5;22;1645;1;1;1;1;64
201400023814;14;5;27;1600;1;2;1;3;64
201400023815;14;5;30;900;3;1;1;7;64
201400023816;14;6;15;530;2;1;1;7;64
201400023817;14;7;30;2330;5;2;1;6;64
201400023818;14;8;28;1815;1;1;1;1;64
201400023819;14;9;16;1030;1;1;1;1;64
201400023820;14;9;21;1045;1;1;1;1;64
201400023821;14;11;12;1230;1;2;1;1;64
201400023822;14;12;26;30;3;1;5;7;64
201400023868;14;7;17;1900;1;2;1;3;64
201400023869;14;8;8;1815;1;1;1;1;64
201400023870;14;8;20;1800;1;2;1;3;64
201400023871;14;8;22;1200;1;2;1;1;64
201400023872;14;8;26;1645;1;1;1;3;64
201400023873;14;8;30;1340;1;1;1;3;64
201400023874;14;8;31;1015;1;1;1;7;64
201400023875;14;9;25;745;1;1;1;6;64
201400023876;14;12;31;1415;1;1;1;6;64
201400024919;14;1;4;1745;3;1;2;3;76
201400024920;14;1;6;645;4;2;1;6;76
201400024921;14;1;20;745;3;1;5;1;76
201400024922;14;3;1;1;3;1;8;6;76
201400024923;14;3;6;1045;1;1;1;6;76
201400024924;14;7;8;800;1;1;1;7;76
201400024925;14;7;17;430;5;2;1;3;76
201400024926;14;4;16;1700;1;1;1;1;76
201400024927;14;4;19;30;3;1;1;6;76
201400024928;14;7;8;1315;1;1;2;1;76
201400024929;14;7;15;1745;1;2;1;3;76
201400024930;14;9;28;1745;3;1;1;7;76
201400024931;14;10;9;2030;3;2;1;6;76
201400024932;14;12;3;835;1;2;1;1;76
201400024933;14;1;6;1915;5;2;1;1;76
201400024934;14;1;10;1045;1;1;1;1;76
201400024935;14;1;28;1445;1;2;1;3;76
201400024936;14;2;24;1715;1;2;1;3;76
201400024937;14;3;8;845;1;2;1;1;76
201400024938;14;4;25;2045;5;2;1;6;76
201400024939;14;5;22;800;1;1;1;1;76
201400024940;14;5;21;1845;1;2;1;1;76
201400024941;14;7;15;1745;1;2;1;3;76
201400024942;14;7;28;1315;1;2;1;1;76
201400024943;14;8;2;1430;1;2;1;3;76
201400024944;14;8;8;1300;1;2;1;2;76
201400024945;14;8;10;1715;1;1;1;1;76
201400024946;14;8;20;730;2;2;1;5;76
201400024947;14;9;12;1445;1;1;1;3;76
201400024948;14;9;27;1030;1;1;1;5;76
201400024949;14;10;17;1545;1;2;1;6;76
201400024950;14;12;13;230;5;2;1;6;76
201400024951;14;12;24;945;1;1;7;3;76
201400024955;14;3;12;545;3;1;1;5;76
201400024957;14;5;30;430;5;2;1;1;76
201400024959;14;7;4;1135;1;2;2;3;76
201400024960;14;7;24;2045;1;1;1;6;76
201400024965;14;8;30;30;3;1;1;3;76
201400024969;14;11;4;1740;5;2;1;7;76
201400024970;14;11;10;1755;5;2;1;6;76
201400024971;14;12;2;905;1;1;1;3;76
201400024972;14;12;27;1620;1;2;1;1;76
201400024975;14;1;15;1815;3;2;9;7;76
201400024982;14;2;6;805;1;1;1;1;76
201400024984;14;2;16;115;3;1;1;1;76
201400024987;14;3;7;640;2;1;1;7;76
201400024993;14;4;15;1535;1;2;1;7;76
201400024995;14;4;28;1710;1;1;1;1;76
201400024999;14;5;24;1425;1;1;9;1;76
201400025000;14;6;1;1410;1;1;1;3;76
201400025001;14;6;1;1715;1;1;1;7;76
201400025006;14;7;16;1105;1;1;1;2;76
201400025008;14;8;11;1505;1;1;1;2;76
201400025012;14;9;27;1120;1;1;1;1;76
201400025013;14;11;1;505;5;1;9;1;76
201400025018;14;12;9;1850;4;2;1;7;76
201400025019;14;12;11;2040;5;2;1;2;76
201400025021;14;1;1;230;5;2;2;7;76
201400025022;14;1;1;1400;1;2;1;3;76
201400025023;14;1;2;900;1;2;1;1;76
201400025024;14;1;2;1200;1;2;1;3;76
201400025025;14;1;4;1430;1;2;8;7;76
201400025026;14;1;6;1155;1;2;1;3;76
201400025027;14;1;6;1220;1;2;1;3;76
201400025028;14;1;7;1355;1;2;8;2;76
201400025029;14;1;7;1510;1;2;8;7;76
201400025030;14;1;8;1510;1;2;2;3;76
201400025031;14;1;8;1830;5;2;8;6;76
201400025032;14;1;8;2125;5;2;1;3;76
201400025033;14;1;9;1700;2;2;8;6;76
201400025034;14;1;9;1800;5;2;8;6;76
201400025035;14;1;11;418;5;2;1;1;76
201400025036;14;1;11;1510;1;2;8;3;76
201400025037;14;1;11;2145;5;2;1;1;76
201400025038;14;1;13;1745;4;2;2;3;76
201400025039;14;1;13;1910;5;2;2;2;76
201400025041;14;1;14;905;1;2;1;2;76
201400025042;14;1;15;1545;1;2;1;7;76
201400025043;14;1;16;1215;1;2;2;2;76
201400025044;14;1;16;1955;5;2;1;3;76
201400025045;14;1;17;1735;1;2;1;2;76
201400025046;14;1;18;1905;5;2;1;3;76
201400025047;14;1;18;1950;5;2;1;3;76
201400025048;14;1;18;1225;1;2;2;3;76
201400025049;14;1;18;1120;1;2;1;2;76
201400025050;14;1;19;1700;1;2;8;7;76
201400025051;14;1;20;2150;5;2;1;3;76
201400025052;14;1;23;1625;1;2;1;3;76
201400025053;14;1;23;1715;1;2;1;2;76
201400025054;14;1;24;1455;1;2;2;6;76
201400025055;14;1;24;1640;1;2;8;7;76
201400025056;14;1;24;2100;5;2;1;3;76
201400025057;14;1;25;910;1;2;8;3;76
201400025058;14;1;27;820;1;2;1;3;76
201400025059;14;1;28;2140;5;2;1;2;76
201400025060;14;1;30;1800;5;2;1;6;76
201400025061;14;1;31;1510;1;2;1;3;76
201400025062;14;2;1;147;5;2;1;3;76
201400025063;14;2;2;1445;1;1;1;5;76
201400025064;14;2;3;1125;1;2;1;6;76
201400025065;14;2;4;800;1;2;1;1;76
201400025066;14;2;4;652;2;2;1;3;76