Num_Acc;an;mois;jour;hrmn;lum;agg;atm;col;dep
201400027151;14;3;8;2300;5;2;1;3;94
201400027152;14;3;20;300;3;1;1;7;94
201400027153;14;3;20;1515;1;2;1;7;94
201400027154;14;3;20;1700;1;2;1;6;94
201400027155;14;3;21;1545;1;2;2;2;94
201400027156;14;3;21;2100;5;2;1;3;94
201400027157;14;3;29;1100;1;2;1;6;94
201400027158;14;3;29;1505;1;2;1;7;94
201400027159;14;3;29;1725;1;2;1;6;94
201400027160;14;3;30;1540;1;2;1;3;94
201400027161;14;4;1;1545;1;2;1;1;94
201400027162;14;4;2;1730;1;2;1;6;94
201400027163;14;4;6;1450;1;2;1;6;94
201400027164;14;4;8;2100;5;2;1;7;94
201400027165;14;4;9;1235;1;2;1;2;94
201400027166;14;4;10;1030;1;2;1;6;94
201400027167;14;4;12;1830;1;2;1;3;94
201400027168;14;4;12;1830;1;2;1;3;94
201400027169;14;4;16;1750;1;2;1;7;94
201400027170;14;4;16;1820;1;2;1;7;94
201400027171;14;4;16;2000;1;2;1;3;94
201400027172;14;4;17;1720;1;2;1;6;94
201400027173;14;4;21;1345;1;2;1;1;94
201400027174;14;4;23;2310;5;2;1;6;94
201400027175;14;4;30;1630;1;2;1;7;94
201400027176;14;5;2;1805;1;2;2;3;94
201400027177;14;5;2;1830;1;2;1;6;94
201400027178;14;5;8;1610;1;2;1;7;94
201400027179;14;5;9;2150;5;2;1;7;94
201400027180;14;5;16;825;1;2;1;6;94
201400027181;14;5;18;1820;1;2;1;3;94
201400027182;14;5;19;1005;1;2;1;6;94
201400027183;14;5;23;820;1;2;1;3;94
201400027184;14;5;24;1015;1;2;1;6;94
201400027185;14;5;27;1120;1;2;1;7;94
201400027186;14;5;24;2125;5;2;1;3;94
201400027187;14;5;29;1920;1;2;1;3;94
201400027188;14;6;2;1835;1;2;1;7;94
201400027189;14;6;9;1945;1;2;1;6;94
201400027190;14;6;11;1550;1;2;1;1;94
201400027191;14;6;11;1810;1;2;1;7;94
201400027192;14;6;12;1920;1;2;3;7;94
201400027193;14;6;16;740;1;1;1;3;94
201400027194;14;6;16;1200;1;2;1;3;94
201400027195;14;6;17;1845;1;2;1;4;94
201400027196;14;6;20;930;1;2;1;7;94
201400027197;14;6;21;1745;1;2;1;1;94
201400027198;14;6;22;1225;1;2;1;6;94
201400027199;14;6;18;2120;5;2;1;7;94
201400027200;14;6;24;1330;1;2;1;3;94
201400027201;14;6;27;1700;1;2;1;3;94
201400027202;14;6;25;2140;1;2;1;4;94
201400027203;14;6;30;900;1;2;1;2;94
201400027204;14;7;2;1000;1;2;1;7;94
201400027205;14;7;2;1740;1;1;1;3;94
201400027206;14;7;2;1940;1;2;7;3;94
201400027207;14;7;4;915;1;2;1;3;94
201400027208;14;7;4;1755;1;2;1;1;94
201400027209;14;7;7;1450;1;2;2;3;94
201400027210;14;7;9;840;1;2;2;6;94
201400027211;14;7;15;1615;1;2;1;2;94
201400027212;14;7;16;1924;1;2;1;7;94
201400027213;14;7;27;130;5;2;1;6;94
201400027214;14;8;1;2325;5;2;1;6;94
201400027215;14;8;4;1835;1;2;1;7;94
201400027216;14;8;5;1056;1;2;1;3;94
201400027217;14;8;7;1340;1;2;1;2;94
201400027218;14;8;12;1410;1;1;1;1;94
201400027219;14;8;12;1830;1;2;1;6;94
201400027220;14;8;16;2230;5;2;1;7;94
201400027221;14;8;21;1410;1;2;1;3;94
201400027222;14;8;22;1539;1;2;1;3;94
201400027223;14;8;26;1155;1;1;1;1;94
201400027224;14;8;28;955;1;2;1;3;94
201400027225;14;8;31;1800;1;2;1;6;94
201400027226;14;9;2;1705;1;2;1;3;94
201400027227;14;9;5;2030;5;2;1;6;94
201400027228;14;9;7;1915;1;2;1;3;94
201400027229;14;9;10;1645;1;2;1;2;94
201400027230;14;9;15;1700;1;2;1;3;94
201400027231;14;9;16;1335;1;2;1;6;94
201400027232;14;9;25;800;2;2;2;7;94
201400027233;14;9;25;1535;1;2;1;2;94
201400027234;14;9;26;1650;1;2;1;6;94
201400027235;14;9;27;1100;1;2;1;7;94
201400027236;14;10;6;2228;5;2;2;3;94
201400027237;14;10;9;1053;2;2;1;7;94
201400027238;14;10;11;2000;5;2;1;7;94
201400027239;14;10;12;1220;1;2;3;7;94
201400027240;14;10;17;820;1;2;1;3;94
201400027241;14;10;18;1115;1;2;1;4;94
201400027242;14;10;18;2155;5;2;1;3;94
201400027243;14;10;18;1215;1;2;1;6;94
201400027244;14;10;20;1115;1;2;1;3;94
201400027245;14;10;21;1745;1;2;1;3;94
201400027246;14;10;27;1345;1;2;1;2;94
201400027247;14;10;27;1700;1;2;1;7;94
201400027248;14;10;28;1940;5;2;1;3;94
201400027249;14;10;29;1540;1;2;1;7;94
201400027250;14;10;29;1740;5;2;1;3;94
201400027251;14;11;3;1540;1;2;1;7;94
201400027252;14;11;4;1800;5;1;3;7;94
201400027253;14;11;8;1315;1;2;1;3;94
201400027254;14;11;9;2150;5;2;2;3;94
201400027255;14;11;16;1450;1;2;2;7;94
201400027256;14;11;20;1440;1;2;1;3;94
201400027257;14;11;21;733;1;2;1;7;94
201400027258;14;11;21;758;1;2;1;6;94
201400027259;14;11;22;1135;1;2;1;3;94
201400027260;14;11;28;1615;1;2;1;7;94
201400027261;14;11;30;545;5;2;3;6;94
201400027262;14;12;1;1400;1;2;6;6;94
201400027263;14;12;3;840;1;2;2;3;94
201400027264;14;12;6;1745;5;2;2;6;94
201400027265;14;12;9;900;1;2;1;3;94
201400027266;14;12;9;1545;1;2;1;4;94
201400027267;14;12;12;810;2;2;1;7;94
201400027268;14;12;11;1100;1;2;2;6;94
201400027269;14;12;12;1155;1;2;1;2;94
201400027270;14;12;15;1355;1;2;1;7;94
201400027271;14;12;18;800;5;2;3;3;94
201400027272;14;12;18;1155;1;2;1;2;94
201400027273;14;12;22;1545;1;1;1;6;94
201400027274;14;12;25;110;5;2;1;3;94
201400027275;14;12;26;1240;1;2;1;3;94
201400027276;14;1;16;805;1;2;2;5;94
201400027277;14;1;10;1330;1;2;1;3;94
201400027278;14;1;13;1810;5;2;2;3;94
201400027279;14;2;4;1700;1;2;7;3;94
201400027280;14;2;11;950;1;2;1;6;94
201400027281;14;2;13;1415;1;2;1;6;94
201400027282;14;2;14;1510;1;2;1;6;94
201400027283;14;1;21;955;1;2;8;6;94
201400027284;14;5;19;900;1;2;1;3;94
201400027285;14;6;16;2010;1;2;1;1;94
201400027286;14;6;13;1820;1;2;1;5;94
201400027287;14;6;18;1940;1;2;3;3;94
201400027288;14;6;26;1130;1;2;1;6;94
201400027289;14;7;19;1215;1;2;1;2;94
201400027290;14;8;15;1450;1;2;1;2;94
201400027291;14;9;3;830;1;2;1;3;94
201400027292;14;10;2;2030;5;2;1;3;94
201400027293;14;10;8;1755;1;1;1;1;95
201400027294;14;11;28;705;2;2;1;3;95
201400027295;14;12;17;1735;5;2;2;6;95
201400027296;14;1;3;2035;3;1;2;6;95
201400027297;14;12;8;1705;5;2;1;4;95
201400027298;14;1;7;1115;1;2;1;6;95
201400027299;14;1;7;1834;5;2;1;1;95
201400027300;14;1;9;1215;1;2;1;6;95
201400027301;14;12;16;745;5;2;1;6;95
201400027302;14;1;11;1340;1;2;1;6;95
201400027303;14;1;14;2337;5;2;1;6;95
201400027304;14;1;14;1750;5;2;2;6;95
201400027305;14;1;16;820;1;2;1;6;95
201400027306;14;1;22;1827;5;2;2;6;95
201400027307;14;1;23;740;3;2;1;3;95
201400027308;14;1;23;955;1;2;1;3;95
201400027309;14;1;26;1350;1;2;1;6;95
201400027310;14;1;30;1830;5;2;3;6;95
201400027311;14;1;31;730;2;2;8;6;95
201400027312;14;2;1;1148;1;2;1;6;95
201400027313;14;2;2;845;1;2;1;3;95
201400027314;14;2;6;235;5;2;1;6;95
201400027315;14;2;6;815;1;1;1;3;95
201400027316;14;2;11;1028;1;2;1;6;95
201400027317;14;2;10;1541;1;2;1;6;95
201400027318;14;2;20;1510;1;2;8;3;95
201400027319;14;2;20;1605;1;2;8;5;95
201400027320;14;2;21;1210;1;2;1;6;95
201400027321;14;2;23;730;2;2;1;6;95
201400027322;14;2;23;1150;1;1;1;6;95
201400027323;14;2;23;1640;1;2;1;3;95
201400027324;14;2;24;1650;1;2;1;3;95
201400027325;14;2;20;1640;1;1;1;1;95
201400027326;14;2;25;955;1;2;1;6;95
201400027327;14;2;27;1500;1;2;3;6;95
201400027328;14;3;1;1845;1;2;1;6;95
201400027329;14;3;1;2030;5;2;1;2;95
201400027330;14;3;7;1738;1;2;1;3;95
201400027331;14;3;9;530;3;1;1;6;95
201400027332;14;3;24;835;1;2;1;6;95
201400027333;14;3;24;1730;1;2;1;6;95
201400027334;14;4;3;1740;1;2;8;3;95
201400027335;14;4;4;1444;1;2;1;3;95
201400027336;14;4;8;1305;1;2;1;3;95
201400027337;14;4;14;1750;1;2;1;6;95
201400027338;14;4;14;1935;1;2;1;6;95
201400027339;14;4;15;1900;1;2;1;6;95
201400027340;14;4;15;1932;1;2;1;1;95
201400027341;14;4;16;1211;1;2;1;6;95
201400027342;14;4;16;745;1;2;1;6;95
201400027343;14;4;16;1740;1;2;1;2;95
201400027344;14;4;16;1909;1;2;1;6;95
201400027345;14;4;25;1710;1;2;1;6;95
201400027346;14;4;28;1030;1;2;1;6;95
201400027347;14;4;29;1707;1;2;1;6;95
201400027348;14;5;12;543;5;2;1;6;95
201400027349;14;4;29;1524;1;2;1;6;95
201400027350;14;4;30;1816;1;2;1;1;95
201400027351;14;5;1;1125;1;1;1;6;95
201400027352;14;5;5;1750;1;1;1;3;95
201400027353;14;5;13;1040;1;2;1;6;95
201400027354;14;5;18;1355;1;2;1;2;95
201400027355;14;5;19;1425;1;2;1;2;95
201400027356;14;5;19;1829;1;2;1;6;95
201400027357;14;5;24;930;1;2;1;3;95
201400027358;14;5;27;730;1;2;2;6;95
201400027359;14;5;27;1515;1;2;1;6;95
201400027360;14;5;27;1820;1;2;1;6;95
201400027361;14;5;27;1630;1;2;1;6;95
201400027362;14;5;30;1830;1;2;1;6;95
201400027363;14;6;1;440;5;2;1;6;95
201400027364;14;6;4;1518;1;2;1;6;95
201400027365;14;6;7;1136;1;2;1;3;95
201400027366;14;6;6;855;1;2;1;6;95
201400027367;14;6;9;1740;1;2;1;3;95
201400027368;14;6;6;1400;1;2;1;3;95
201400027369;14;6;11;1939;1;2;1;6;95
201400027370;14;6;12;1400;1;1;1;6;95
201400027371;14;6;15;750;1;2;1;3;95
201400027372;14;6;16;715;1;2;1;6;95
201400027373;14;6;19;2030;1;2;1;6;95
201400027374;14;6;19;1355;1;2;1;6;95
201400027375;14;6;21;1040;1;2;1;2;95
201400027376;14;6;21;2250;5;2;1;6;95
201400027377;14;6;23;1030;1;2;1;6;95
201400027378;14;6;23;2010;1;2;1;6;95
201400027379;14;6;25;1900;1;2;1;3;95
201400027380;14;6;27;740;1;2;1;3;95
201400027381;14;6;26;1415;1;2;1;1;95
201400027382;14;6;27;2015;1;2;1;6;95
201400027383;14;7;1;315;5;2;1;7;95
201400027384;14;7;4;1800;1;1;3;1;95
201400027385;14;7;15;1215;1;2;8;6;95
201400027386;14;7;16;1845;1;2;1;4;95
201400027387;14;7;17;1840;1;2;1;2;95
201400027388;14;7;21;910;1;2;3;6;95
201400027389;14;7;22;2230;5;2;1;6;95
201400027390;14;7;25;1655;1;2;3;6;95
201400027391;14;8;1;2150;3;2;3;3;95
201400027392;14;8;15;930;1;2;1;7;95
201400027393;14;8;23;520;5;2;1;3;95
201400027394;14;8;23;1350;1;2;1;3;95
201400027395;14;8;23;1830;1;2;1;3;95
201400027396;14;8;28;2031;2;2;1;7;95
201400027397;14;9;6;1150;1;2;1;6;95
201400027398;14;9;8;150;5;2;1;6;95
201400027399;14;9;8;1520;1;2;3;6;95
201400027400;14;9;11;1155;1;2;1;3;95
201400027401;14;9;14;2020;4;2;1;2;95
201400027402;14;9;15;1900;1;2;3;2;95
201400027403;14;9;15;830;1;1;1;5;95
201400027404;14;9;16;2110;5;2;1;3;95
201400027405;14;9;18;1150;1;2;1;6;95
201400027406;14;9;19;2255;5;2;1;3;95
201400027407;14;9;16;1610;1;2;1;6;95
201400027408;14;9;23;2335;5;2;1;6;95
201400027409;14;9;23;2100;5;2;1;6;95
201400027410;14;9;26;1630;1;1;1;6;95
201400027411;14;9;26;1835;1;2;1;6;95
201400027412;14;9;29;810;1;2;3;2;95
201400027413;14;9;29;1115;1;2;1;3;95
201400027414;14;10;2;555;5;2;1;3;95
201400027415;14;9;26;1630;1;2;1;3;95
201400027416;14;10;3;1030;1;2;1;6;95
201400027417;14;10;4;1125;1;2;1;3;95
201400027418;14;10;3;1535;1;2;1;3;95
201400027419;14;10;3;1705;1;2;1;6;95
201400027420;14;10;7;1510;1;2;1;3;95
201400027421;14;10;7;2005;2;2;1;6;95
201400027422;14;10;13;1815;1;2;2;6;95
201400027423;14;10;11;1345;1;2;1;6;95
201400027424;14;10;13;940;1;2;1;3;95
201400027425;14;10;24;354;5;2;1;7;95
201400027426;14;10;24;1710;1;2;1;3;95
201400027427;14;10;25;730;2;2;1;3;95
201400027428;14;10;25;1705;1;1;1;6;95
201400027429;14;10;26;400;5;2;1;6;95
201400027430;14;10;26;1925;5;2;1;3;95
201400027431;14;10;27;1815;5;2;1;3;95
201400027432;14;10;30;730;1;2;1;3;95
201400027433;14;10;31;1007;1;2;1;4;95
201400027434;14;10;31;1715;1;2;1;3;95
201400027435;14;11;7;1310;1;2;1;6;95
201400027436;14;11;7;1830;2;1;1;4;95
201400027437;14;11;11;1827;5;2;1;6;95
201400027438;14;11;13;140;5;2;1;6;95
201400027439;14;11;13;825;1;2;1;6;95
201400027440;14;11;15;2125;4;2;1;6;95
201400027441;14;11;26;1820;3;1;1;2;95
201400027442;14;11;27;835;1;2;1;3;95
201400027443;14;11;27;1050;1;2;1;3;95
201400027444;14;12;3;1805;5;2;1;6;95
201400027445;14;12;3;1810;5;2;2;4;95
201400027446;14;12;8;1515;1;2;2;3;95
201400027447;14;12;8;748;2;2;2;6;95
201400027448;14;12;12;1723;5;2;1;6;95
201400027449;14;12;14;1727;1;2;1;1;95
201400027450;14;12;12;1725;5;2;1;6;95
201400027451;14;12;11;1714;2;2;1;1;95
201400027452;14;12;17;1700;1;2;1;5;95
201400027453;14;12;27;1010;1;1;1;6;95
201400027454;14;12;28;555;5;2;4;6;95
201400027458;14;2;7;1350;1;2;1;4;95
201400027459;14;2;3;1115;1;2;1;2;95
201400027460;14;2;7;1945;5;2;1;3;95
201400027461;14;3;19;1210;1;1;1;1;95
201400027464;14;5;13;1405;1;1;2;3;95
201400027465;14;5;21;1355;1;2;1;3;95
201400027466;14;6;3;1855;1;2;1;6;95
201400027467;14;6;5;1650;1;2;1;6;95
201400027468;14;6;10;1715;1;1;1;3;95
201400027469;14;6;10;2005;1;2;1;6;95
201400027471;14;6;11;2020;1;2;1;6;95
201400027472;14;6;12;1035;1;2;1;3;95
201400027473;14;6;20;1725;1;2;1;3;95
201400027474;14;6;26;1150;1;1;1;6;95
201400027475;14;7;13;1445;1;2;1;6;95
201400027476;14;7;17;150;5;2;1;6;95
201400027477;14;8;6;1645;1;1;1;3;95
201400027478;14;8;16;1340;1;1;1;1;95
201400027479;14;8;29;1210;1;1;1;6;95
201400027480;14;9;2;2049;2;2;1;3;95
201400027482;14;9;17;1430;1;2;1;6;95
201400027483;14;9;16;1830;2;2;1;6;95
201400027485;14;9;7;1625;1;2;1;3;95
201400027490;14;10;20;1140;1;2;1;6;95
201400027494;14;11;21;2020;2;2;1;6;95
201400027495;14;12;21;1830;5;2;1;6;95
201400028002;14;1;15;1000;1;2;2;6;94
201400028004;14;1;14;1650;1;2;2;3;94
201400028005;14;1;14;1653;1;2;8;3;94
201400028006;14;1;16;1400;1;1;1;4;94
201400028007;14;1;17;1515;1;2;1;6;94
201400028008;14;1;17;1745;2;2;1;5;94
201400028009;14;1;18;1605;1;2;1;6;94
201400028010;14;1;20;2312;5;2;8;6;93
201400028011;14;1;23;1810;5;2;2;6;94
201400028012;14;1;24;856;1;2;2;6;94
201400028013;14;1;24;2042;5;2;1;3;94
201400028014;14;1;29;1120;1;1;2;6;94
201400028015;14;1;29;1230;1;2;2;6;94
201400028016;14;1;31;1806;5;2;1;1;94
201400028019;14;2;25;2250;5;2;1;2;94
201400028020;14;2;26;925;1;2;1;3;94
201400028021;14;2;26;1740;1;2;1;1;94
201400028022;14;3;1;1053;1;2;1;6;94
201400028023;14;3;9;1755;1;2;1;6;94
201400028024;14;3;14;430;3;1;1;7;94
201400028025;14;3;26;1100;1;2;1;3;77
201400028026;14;3;27;800;1;2;1;3;94
201400028027;14;3;29;1438;1;2;1;3;94
201400028028;14;3;31;1137;1;2;1;3;94
201400028029;14;4;10;940;1;2;7;2;94
201400028030;14;4;11;210;3;1;1;6;94
201400028031;14;4;11;1515;1;2;1;2;93
201400028032;14;4;10;830;1;2;1;6;94
201400028033;14;4;15;1845;1;2;1;3;94
201400028034;14;4;16;1000;1;2;1;3;94
201400028035;14;4;17;1845;1;2;1;3;94
201400028036;14;4;19;450;5;2;1;6;94
201400028037;14;4;19;1435;1;2;8;2;94
201400028038;14;4;19;1553;1;2;8;2;94
201400028039;14;4;23;1731;1;2;1;2;94
201400028040;14;4;27;1020;1;2;1;3;94
201400028041;14;4;28;1015;1;2;8;6;94
201400028042;14;5;5;2210;5;1;1;6;94
201400028044;14;5;18;500;2;2;1;6;94
201400028045;14;5;20;917;1;2;1;3;94
201400028046;14;5;19;2000;1;2;1;6;94
201400028047;14;5;20;1228;1;2;1;2;94
201400028048;14;5;21;1818;1;2;2;3;94
201400028049;14;5;24;1645;1;2;8;3;94
201400028050;14;5;30;1707;1;1;1;5;94
201400028051;14;6;13;1530;1;2;1;6;94
201400028052;14;6;26;918;1;2;1;3;94
201400028053;14;7;7;1934;1;2;2;7;94
201400028054;14;7;7;1915;1;1;2;6;94
201400028055;14;7;12;234;3;2;2;6;94
201400028056;14;7;12;2100;1;2;8;3;94
201400028057;14;8;5;2150;1;2;1;3;94
201400028059;14;8;8;1520;1;2;1;1;94
201400028060;14;8;14;1919;1;2;1;3;94
201400028061;14;8;23;2035;1;2;1;3;94
201400028062;14;8;29;1550;1;2;1;3;94
201400028063;14;8;29;1730;1;2;1;6;94
201400028065;14;9;3;1730;1;2;1;3;94
201400028067;14;9;11;1640;1;2;1;2;94
201400028068;14;9;13;505;5;2;1;3;94
201400028069;14;9;19;2230;5;2;1;3;94
201400028071;14;9;29;758;1;2;2;6;94
201400028073;14;10;7;840;2;2;2;6;94
201400028075;14;10;8;1005;1;1;2;7;94
201400028076;14;10;26;1506;1;2;1;6;94
201400028077;14;10;29;1500;1;2;1;3;94
201400028080;14;11;18;743;5;2;2;3;94
201400028081;14;11;21;1857;3;1;1;2;94
201400028082;14;11;24;1715;2;2;1;6;94
201400028083;14;11;29;1600;1;2;8;2;94
201400028084;14;11;28;1430;1;2;1;1;94
201400028085;14;12;5;151;5;2;1;6;94
201400028087;14;12;5;735;5;2;8;6;94
201400028088;14;12;11;833;1;2;2;6;94
201400028090;14;12;13;1309;1;2;8;3;94
201400028091;14;12;15;1720;5;2;2;6;94
201400028092;14;12;15;1810;5;2;2;6;94
201400028095;14;1;7;710;5;2;1;3;94
201400028096;14;1;3;1400;1;2;1;6;94
201400028097;14;1;8;850;1;2;1;1;94
201400028098;14;1;16;1215;1;2;2;6;94
201400028099;14;1;17;1415;1;2;1;3;94
201400028100;14;1;17;1444;1;2;1;1;94
201400028101;14;1;27;1410;1;2;1;6;94
201400028102;14;1;27;1655;1;2;1;6;94
201400028103;14;1;28;1920;5;2;2;3;94
201400028104;14;1;31;1940;5;2;2;3;94
201400028105;14;2;3;1217;1;2;1;3;94
201400028106;14;2;4;725;1;2;1;1;94
201400028108;14;2;12;1213;1;2;1;3;94
201400028109;14;2;13;1800;1;1;1;3;94
201400028110;14;2;7;1555;1;2;1;3;94
201400028111;14;2;17;1809;1;2;1;3;94
201400028112;14;2;21;1125;1;1;1;3;94
201400028113;14;2;21;1520;1;2;1;3;94
201400028114;14;2;26;1035;1;2;1;3;94
201400028115;14;3;2;1500;1;2;1;3;94
201400028116;14;3;12;910;1;2;7;6;94
201400028117;14;3;13;1700;1;2;1;3;94
201400028118;14;3;22;1520;1;2;1;3;94
201400028119;14;4;7;800;1;2;1;3;94
201400028120;14;4;7;1320;1;1;1;4;94
201400028121;14;4;9;1757;1;2;1;6;94
201400028122;14;4;9;2215;5;2;1;2;94
201400028123;14;4;18;1540;1;2;1;3;94
201400028125;14;5;8;1405;1;2;1;2;94
201400028126;14;5;15;820;1;2;1;1;94
201400028127;14;5;23;1830;1;2;1;6;94
201400028128;14;5;29;255;5;2;1;6;94
201400028129;14;6;1;500;2;2;1;6;94
201400028130;14;6;1;1700;1;2;1;3;94
201400028131;14;5;31;1505;1;2;1;6;94
201400028133;14;6;6;1830;1;2;1;3;77
201400028134;14;6;11;1825;1;2;1;5;94
201400028135;14;6;13;2245;5;2;1;3;94
201400028136;14;6;30;1825;1;2;1;5;94
201400028137;14;7;3;1615;1;2;1;6;94
201400028138;14;7;4;1205;1;2;2;3;94
201400028140;14;7;26;730;1;2;1;6;94
201400028141;14;7;24;1225;1;2;1;6;94
201400028142;14;7;31;1710;1;2;1;3;94
201400028143;14;8;3;1010;1;2;1;3;93
201400028144;14;8;6;1330;1;2;1;3;94
201400028147;14;8;20;1745;1;2;1;3;94
201400028148;14;8;25;1300;1;2;1;6;94
201400028149;14;9;2;1740;1;2;1;2;94
201400028150;14;9;2;1130;1;2;1;6;94
201400028151;14;9;5;535;4;1;1;6;94
201400028152;14;9;6;1440;1;2;1;6;94
201400028153;14;9;8;1705;1;2;1;6;94
201400028154;14;9;9;2050;5;2;1;3;94
201400028155;14;9;12;1155;1;2;1;2;94
201400028156;14;9;17;1825;1;2;1;1;94
201400028157;14;9;19;1857;1;2;1;3;94
201400028158;14;9;20;1648;1;2;1;3;94
201400028159;14;9;24;1430;1;2;1;3;94
201400028160;14;9;25;810;1;2;1;2;94
201400028161;14;10;1;1755;1;2;1;6;94
201400028162;14;10;2;1310;1;2;1;1;94
201400028163;14;10;3;1118;1;2;1;3;94
201400028164;14;10;7;2030;5;2;2;3;94
201400028165;14;10;9;1150;1;2;1;3;94
201400028166;14;10;9;1230;1;2;1;6;94
201400028167;14;10;9;1705;1;2;1;6;94
201400028168;14;10;14;1552;1;2;1;3;94
201400028171;14;10;18;1130;1;2;1;6;94
201400028172;14;10;23;1950;5;2;1;3;94
201400028173;14;11;8;515;5;2;8;3;94
201400028174;14;11;8;1624;1;2;1;6;94
201400028175;14;11;10;816;1;2;1;4;94
201400028176;14;11;10;2026;5;2;1;3;94
201400028177;14;11;12;1025;1;2;1;6;94
201400028178;14;11;11;1755;2;2;1;6;94
201400028181;14;12;5;1815;5;2;1;6;94
201400028182;14;12;3;750;1;2;2;3;94
201400028187;14;1;31;1515;1;1;1;1;94
201400028189;14;3;4;1750;1;1;1;3;94
201400028190;14;3;7;1240;1;2;1;3;94
201400028191;14;3;16;1125;1;2;8;6;94
201400028192;14;5;12;1125;1;2;1;3;94
201400028193;14;5;20;1210;1;2;1;3;94
201400028194;14;6;1;1035;1;2;1;6;94
201400028196;14;7;19;1450;1;2;1;1;94
201400028197;14;9;13;1830;1;2;1;7;94
201400028198;14;8;19;1130;1;2;1;6;94
201400028199;14;8;26;2055;1;2;2;7;94
201400028200;14;10;8;745;1;1;1;7;94
201400028201;14;9;7;2125;5;1;1;7;94
201400028202;14;10;14;1450;1;2;1;7;94
201400028203;14;10;15;1745;1;2;1;3;93
201400028204;14;10;20;1425;1;2;1;1;94
201400028205;14;10;23;1355;1;2;1;2;94
201400028206;14;11;2;1120;1;2;1;6;94
201400028208;14;12;12;1635;1;2;1;2;94
201400028251;14;2;21;50;3;1;8;3;94
201400028253;14;4;19;840;1;2;7;6;94
201400028255;14;6;10;1625;1;2;1;6;94
201400028256;14;8;16;1713;1;1;1;5;94
201400028257;14;1;2;1315;1;1;1;1;94
201400028258;14;1;2;1410;1;2;1;7;94
201400028259;14;1;1;500;2;2;2;7;94
201400028260;14;1;4;1213;1;1;1;5;94
201400028261;14;1;6;1525;1;2;2;3;94
201400028262;14;1;2;1620;1;2;2;1;94
201400028263;14;1;7;1500;1;2;8;2;94
201400028264;14;1;10;2030;5;2;1;6;94
201400028265;14;1;11;615;2;1;5;7;94
201400028266;14;1;11;2135;5;2;1;2;94
201400028267;14;1;12;2325;5;2;2;3;94
201400028268;14;1;16;755;2;2;2;6;94
201400028269;14;1;15;1832;5;2;1;3;94
201400028270;14;1;18;2020;5;2;2;2;94
201400028271;14;1;17;1145;1;2;1;5;94
201400028272;14;1;17;1130;1;1;2;5;94
201400028273;14;1;21;1124;1;2;1;1;94
201400028274;14;1;22;2140;5;2;2;3;94
201400028275;14;1;28;745;2;2;2;2;94
201400028276;14;1;27;1635;1;2;1;3;94
201400028277;14;1;28;1503;1;2;1;6;94
201400028278;14;2;4;1745;5;2;1;2;93
201400028279;14;2;5;744;5;2;2;3;93
201400028280;14;2;7;1629;1;2;1;6;93
201400028281;14;2;10;755;2;2;2;7;93
201400028282;14;2;10;1214;1;1;1;6;93
201400028283;14;2;10;1420;1;2;1;7;93
201400028284;14;2;8;1251;1;2;1;2;95
201400028285;14;2;11;940;1;2;1;3;93
201400028286;14;2;13;855;1;2;2;3;93
201400028287;14;2;12;1848;5;2;2;6;93
201400028288;14;2;10;730;5;2;1;3;93
201400028289;14;2;11;1603;1;2;1;3;93
201400028290;14;2;16;1123;1;2;1;6;93
201400028291;14;2;15;445;5;2;1;7;93
201400028292;14;2;14;850;1;1;1;3;93
201400028293;14;2;14;1735;1;2;8;3;93
201400028294;14;2;11;1629;1;2;2;6;93
201400028295;14;2;15;1624;1;2;1;6;93
201400028296;14;2;11;1615;1;1;1;2;93
201400028297;14;2;17;1140;1;1;1;4;93
201400028298;14;2;17;803;1;2;1;3;93
201400028299;14;2;19;1516;1;2;1;3;93
201400028300;14;2;19;1658;1;2;1;3;93
201400028301;14;2;21;856;1;1;1;2;93
201400028302;14;2;21;1838;1;2;1;6;93
201400028303;14;2;21;1620;1;2;1;6;93
201400028304;14;2;22;1140;1;2;1;6;93
201400028305;14;2;26;1714;1;1;2;3;93
201400028306;14;2;21;1645;1;2;1;6;93
201400028307;14;2;25;823;1;2;1;6;93
201400028308;14;2;26;2015;3;2;1;2;93
201400028309;14;2;28;820;1;2;1;6;93
201400028310;14;3;3;840;1;2;1;7;93
201400028311;14;3;3;650;2;2;2;7;93
201400028312;14;3;4;1416;1;2;1;7;93
201400028313;14;3;8;310;5;1;1;6;93
201400028314;14;3;4;857;1;2;1;3;93
201400028315;14;3;15;1755;1;2;1;5;93
201400028316;14;3;18;948;1;2;1;3;93
201400028317;14;3;18;1105;1;2;1;3;93
201400028318;14;3;19;2050;5;2;1;6;93
201400028319;14;3;20;849;1;1;1;3;93
201400028320;14;3;19;853;1;1;1;6;93
201400028321;14;3;14;2010;5;2;1;6;93
201400028322;14;3;6;53;5;2;1;7;93
201400028323;14;3;12;1635;1;2;1;7;93
201400028324;14;3;21;1336;1;2;1;3;93
201400028325;14;3;22;900;1;2;2;7;93
201400028326;14;3;24;900;1;1;1;6;93
201400028327;14;3;21;1811;1;1;1;7;93
201400028328;14;3;25;1344;1;2;1;6;93
201400028329;14;3;27;706;1;2;1;2;93
201400028330;14;3;27;1727;1;1;1;6;93
201400028331;14;3;30;1342;1;2;1;6;93
201400028332;14;3;30;1220;1;1;1;5;93
201400028333;14;4;2;1700;1;2;1;2;93
201400028334;14;4;3;1744;1;2;1;6;93