Num_Acc;an;mois;jour;hrmn;lum;agg;atm;col;dep
201400028335;14;1;16;2248;5;2;1;6;93
201400028336;14;4;7;1659;1;2;1;6;93
201400028337;14;4;8;1802;1;1;1;5;93
201400028338;14;4;8;1805;1;2;1;6;93
201400028339;14;4;8;1052;1;2;9;3;93
201400028340;14;4;4;1350;1;2;1;6;95
201400028341;14;4;10;1816;1;2;1;7;93
201400028342;14;4;1;2115;5;2;1;7;93
201400028343;14;4;9;1510;1;2;1;3;93
201400028344;14;4;10;1825;1;2;1;2;93
201400028345;14;4;12;830;1;1;1;6;93
201400028346;14;4;13;1456;1;2;1;3;93
201400028347;14;4;13;1805;1;2;1;7;93
201400028348;14;4;15;1616;1;2;1;6;93
201400028349;14;4;9;2240;5;2;1;5;93
201400028350;14;4;14;812;2;2;1;6;93
201400028351;14;4;15;835;1;2;1;2;93
201400028352;14;4;15;1610;1;2;1;3;93
201400028353;14;4;15;1622;1;2;1;3;93
201400028354;14;4;15;1938;1;2;1;3;93
201400028355;14;4;14;920;1;2;1;3;93
201400028356;14;4;14;1600;1;2;1;7;93
201400028357;14;4;16;1900;1;2;1;6;93
201400028358;14;4;18;1000;1;2;1;6;93
201400028359;14;4;12;1836;1;2;1;7;93
201400028360;14;4;19;1345;1;2;1;3;93
201400028361;14;4;23;1358;1;2;1;2;93
201400028362;14;4;23;1153;1;2;1;3;93
201400028363;14;4;23;1825;1;2;1;3;93
201400028364;14;4;18;2245;3;1;1;3;93
201400028365;14;4;26;412;4;2;8;6;93
201400028366;14;4;25;904;1;2;1;3;93
201400028367;14;4;24;1239;1;2;1;6;95
201400028368;14;4;25;748;1;2;1;3;93
201400028369;14;4;28;1435;1;2;2;3;93
201400028370;14;5;1;1909;1;2;1;3;93
201400028371;14;5;2;1734;1;2;1;7;93
201400028372;14;4;30;1914;1;2;1;2;95
201400028373;14;5;6;1550;1;2;1;6;93
201400028374;14;5;8;1520;1;2;2;6;93
201400028375;14;5;2;1;5;2;1;7;93
201400028376;14;5;12;731;1;1;1;7;93
201400028377;14;5;13;1230;1;2;1;6;93
201400028378;14;5;14;955;1;2;1;6;93
201400028379;14;5;15;1213;1;2;1;6;93
201400028380;14;5;19;1420;1;2;1;6;93
201400028381;14;5;16;1655;1;2;1;3;93
201400028382;14;5;20;1817;1;1;1;3;93
201400028383;14;5;16;2120;1;1;1;6;93
201400028384;14;5;20;1630;1;2;2;6;93
201400028385;14;5;17;1138;1;2;1;6;93
201400028386;14;5;17;305;5;2;1;2;93
201400028387;14;5;16;1716;1;2;1;6;93
201400028388;14;5;19;1708;1;2;1;6;93
201400028389;14;5;16;945;1;2;1;3;93
201400028390;14;5;17;1726;1;2;1;7;93
201400028391;14;5;16;1836;1;2;1;6;93
201400028392;14;5;21;1223;1;2;2;1;93
201400028393;14;5;23;1512;1;2;2;2;93
201400028394;14;5;22;1217;1;2;1;6;93
201400028395;14;5;23;1645;1;2;1;3;93
201400028396;14;5;24;1520;1;2;1;6;93
201400028397;14;5;25;1654;1;2;1;2;93
201400028398;14;5;27;1730;1;1;1;4;93
201400028399;14;5;27;1540;1;1;1;2;93
201400028400;14;5;27;1005;1;1;1;4;95
201400028401;14;5;27;1810;1;1;1;2;93
201400028402;14;5;28;1840;1;2;1;2;93
201400028403;14;5;30;1730;1;2;1;3;93
201400028404;14;5;30;1848;1;2;1;6;93
201400028405;14;6;1;1716;1;2;1;6;93
201400028406;14;6;3;1745;1;2;1;6;93
201400028407;14;6;4;1700;1;2;1;1;93
201400028408;14;6;7;1050;1;2;2;7;93
201400028409;14;6;10;1045;1;2;1;6;93
201400028410;14;6;12;1304;1;2;1;3;93
201400028411;14;6;12;1420;1;2;1;6;95
201400028412;14;6;13;1859;1;2;1;6;95
201400028413;14;6;13;1917;1;2;1;3;93
201400028414;14;6;7;1230;1;2;1;6;95
201400028415;14;6;18;731;1;2;1;2;93
201400028416;14;6;21;955;1;2;1;6;93
201400028417;14;6;20;825;1;2;1;3;95
201400028418;14;6;22;1057;1;2;1;6;93
201400028419;14;6;23;1030;1;2;1;3;93
201400028420;14;6;24;1300;1;2;1;3;93
201400028421;14;6;25;1315;1;2;1;4;93
201400028422;14;6;25;1707;1;2;1;6;93
201400028423;14;6;26;1430;1;1;1;6;93
201400028424;14;6;26;812;1;1;1;7;93
201400028425;14;6;28;1710;1;2;2;2;93
201400028426;14;6;28;1837;1;2;1;3;93
201400028427;14;7;2;1628;1;2;1;6;93
201400028428;14;7;2;1458;1;2;1;6;93
201400028429;14;7;3;756;1;2;1;6;93
201400028430;14;7;4;1235;1;2;1;1;93
201400028431;14;7;4;1410;1;2;1;3;93
201400028432;14;7;4;915;1;2;1;3;93
201400028433;14;7;4;1625;1;1;1;3;93
201400028434;14;7;7;1720;1;2;1;6;93
201400028435;14;7;7;1716;1;2;1;4;93
201400028436;14;7;11;2249;5;2;1;7;95
201400028437;14;7;15;1152;1;2;1;3;93
201400028438;14;7;16;2055;1;2;1;2;93
201400028439;14;7;16;1708;1;2;1;3;93
201400028440;14;7;18;1614;1;2;1;3;93
201400028441;14;7;18;1745;1;2;1;1;93
201400028442;14;7;23;1302;1;2;1;2;93
201400028443;14;7;25;1955;1;2;1;3;93
201400028444;14;7;28;1840;1;2;1;3;93
201400028445;14;7;25;1143;1;2;1;6;93
201400028446;14;7;28;1157;1;2;1;6;95
201400028447;14;8;5;1500;1;2;1;3;93
201400028448;14;8;8;850;1;2;3;2;93
201400028449;14;8;8;1300;1;2;3;7;93
201400028450;14;8;10;22;5;2;9;7;93
201400028451;14;8;14;10;5;2;9;6;93
201400028452;14;8;15;1954;2;2;1;7;93
201400028453;14;8;23;100;5;2;1;3;93
201400028454;14;8;26;910;1;2;1;7;93
201400028456;14;8;27;1715;1;2;1;6;93
201400028457;14;8;28;1250;1;2;1;3;93
201400028458;14;8;15;1839;1;2;2;2;93
201400028459;14;8;29;1110;1;2;1;6;93
201400028460;14;9;2;30;5;1;1;6;93
201400028461;14;9;3;1120;1;2;1;3;93
201400028462;14;9;3;1830;1;2;1;3;93
201400028463;14;9;3;1748;1;2;1;7;93
201400028464;14;5;3;2205;5;2;1;3;93
201400028465;14;9;4;1733;1;2;1;6;93
201400028466;14;9;5;902;1;2;1;6;93
201400028467;14;9;4;1350;1;2;1;2;93
201400028468;14;9;5;1717;1;1;1;4;93
201400028469;14;9;6;1615;1;1;1;4;93
201400028470;14;9;9;1652;1;2;1;3;93
201400028471;14;9;13;1145;1;2;1;6;93
201400028472;14;9;13;1724;1;2;1;2;93
201400028473;14;9;17;1855;1;2;1;6;93
201400028474;14;9;18;1750;1;2;1;2;93
201400028475;14;9;17;1919;1;2;1;2;93
201400028476;14;9;18;1121;1;1;1;4;93
201400028477;14;9;18;1803;1;2;1;3;93
201400028478;14;9;21;1710;1;2;1;2;93
201400028479;14;9;19;745;1;2;8;2;95
201400028480;14;9;19;915;1;2;1;3;93
201400028481;14;9;21;1700;1;1;1;4;93
201400028482;14;9;22;1800;1;2;1;7;93
201400028483;14;9;22;832;1;2;1;4;95
201400028484;14;9;23;1700;1;2;1;6;93
201400028485;14;9;24;1925;2;2;1;6;93
201400028486;14;9;25;1800;1;2;1;4;93
201400028487;14;9;25;1136;1;2;1;6;93
201400028488;14;9;25;1445;1;2;1;7;93
201400028489;14;9;25;1950;5;2;1;7;93
201400028490;14;9;27;1614;1;1;1;6;93
201400028491;14;9;26;2039;3;2;1;3;93
201400028492;14;9;29;1725;1;2;1;3;95
201400028493;14;9;29;1800;1;2;1;3;93
201400028494;14;9;29;1625;1;2;1;3;93
201400028495;14;9;29;751;2;2;1;7;93
201400028496;14;9;29;1323;1;2;1;7;93
201400028497;14;10;2;1700;1;2;1;1;93
201400028498;14;10;3;710;3;2;1;3;93
201400028499;14;10;6;707;2;2;1;3;93
201400028500;14;10;4;733;2;2;1;1;93
201400028501;14;10;3;1858;1;2;1;3;93
201400028502;14;10;6;1803;1;2;1;3;93
201400028503;14;10;6;1545;1;2;3;2;93
201400028504;14;10;6;1445;1;2;2;3;93
201400028505;14;10;8;550;5;2;1;7;93
201400028506;14;10;7;940;1;2;1;3;93
201400028507;14;10;9;902;1;2;1;7;93
201400028508;14;10;9;745;1;2;1;2;93
201400028509;14;10;9;1505;1;2;1;3;93
201400028510;14;10;9;1715;1;1;1;6;93
201400028511;14;10;11;1727;1;2;1;3;93
201400028512;14;10;11;1442;1;2;1;2;93
201400028513;14;10;10;1618;1;2;1;6;93
201400028514;14;10;11;1453;1;1;1;2;93
201400028515;14;10;13;1750;1;1;1;3;95
201400028516;14;10;14;902;1;2;1;3;95
201400028517;14;10;14;1744;1;2;1;3;93
201400028518;14;10;14;1037;1;2;1;6;93
201400028519;14;8;30;1439;1;2;1;2;93
201400028520;14;10;16;1201;1;1;1;5;93
201400028521;14;10;16;944;1;2;1;6;93
201400028522;14;10;17;823;2;2;1;7;93
201400028523;14;10;19;134;5;2;1;3;93
201400028524;14;10;17;1605;1;2;1;2;93
201400028525;14;10;19;25;5;2;1;7;93
201400028526;14;10;18;1635;1;2;1;3;93
201400028527;14;10;21;1826;1;2;1;2;93
201400028528;14;10;22;705;2;1;1;7;93
201400028529;14;10;22;1239;1;2;1;3;93
201400028530;14;10;23;910;1;2;1;3;93
201400028531;14;10;23;1610;1;2;1;3;93
201400028532;14;10;24;1956;3;1;1;3;93
201400028533;14;10;24;1829;1;2;1;2;93
201400028534;14;10;27;1628;1;2;1;3;93
201400028535;14;10;28;1127;1;2;1;6;93
201400028536;14;10;28;1453;1;2;1;2;93
201400028537;14;10;29;1218;1;2;1;2;93
201400028538;14;10;29;1802;5;2;1;7;93
201400028539;14;10;29;1737;1;2;1;3;93
201400028540;14;10;30;1243;1;2;1;2;93
201400028541;14;10;30;2030;3;2;1;3;93
201400028542;14;10;2;1950;2;2;1;5;93
201400028543;14;11;1;1711;1;2;1;3;93
201400028544;14;11;4;815;2;2;1;7;93
201400028545;14;11;4;936;1;2;1;2;93
201400028546;14;10;31;1620;1;2;1;6;93
201400028547;14;11;5;1859;5;2;9;3;93
201400028548;14;11;5;1828;5;2;1;6;93
201400028549;14;11;7;1035;1;2;1;7;93
201400028550;14;11;7;2226;3;1;2;5;93
201400028551;14;11;8;2136;5;2;1;2;93
201400028552;14;11;10;1925;5;2;2;3;93
201400028553;14;11;10;1823;2;2;1;7;93
201400028554;14;11;11;2044;4;2;2;7;93
201400028555;14;11;13;1407;1;2;1;3;93
201400028556;14;11;3;1558;2;2;3;7;93
201400028557;14;11;6;745;1;2;1;3;93
201400028558;14;11;21;1820;5;2;1;6;93
201400028559;14;11;20;2005;3;2;1;7;93
201400028560;14;11;20;1940;5;2;1;6;93
201400028561;14;11;21;507;4;2;1;7;93
201400028562;14;11;21;2113;5;2;1;7;93
201400028563;14;11;21;1712;2;2;1;7;93
201400028564;14;11;21;1841;2;1;1;3;93
201400028565;14;11;22;1525;1;2;8;6;93
201400028566;14;11;22;1440;1;2;1;3;93
201400028567;14;11;22;1245;1;2;8;6;93
201400028568;14;11;25;1219;1;2;9;3;93
201400028569;14;11;25;1846;5;2;5;6;93
201400028570;14;11;27;815;2;2;1;6;93
201400028571;14;12;1;836;2;1;1;7;93
201400028572;14;11;30;1608;1;2;1;6;93
201400028573;14;12;1;1430;1;2;1;6;95
201400028574;14;12;2;808;2;2;2;6;93
201400028575;14;12;2;1515;1;1;1;6;93
201400028576;14;12;2;1716;2;2;2;2;95
201400028577;14;12;3;1305;1;2;1;2;93
201400028578;14;12;4;1757;5;2;2;2;93
201400028579;14;12;4;1800;5;2;3;3;93
201400028580;14;12;4;1830;5;2;2;2;93
201400028581;14;12;5;1845;3;2;1;4;93
201400028582;14;12;6;849;1;2;1;3;93
201400028583;14;12;7;23;5;2;1;2;93
201400028584;14;12;10;834;2;2;1;7;93
201400028585;14;12;10;2130;5;2;1;2;93
201400028586;14;12;9;1755;5;1;1;3;93
201400028587;14;12;12;1036;1;2;1;7;93
201400028588;14;12;12;758;5;2;1;4;93
201400028589;14;12;9;1649;1;2;1;6;93
201400028590;14;12;15;1147;1;1;1;7;93
201400028591;14;12;12;1812;5;2;1;6;93
201400028592;14;12;15;2050;5;2;1;7;93
201400028593;14;12;15;1640;1;2;1;6;93
201400028594;14;10;31;1221;1;2;1;2;93
201400028595;14;12;17;12;4;2;1;7;93
201400028596;14;12;18;2200;5;2;1;2;93
201400028597;14;12;18;1923;5;2;1;6;93
201400028598;14;12;18;2018;5;2;1;6;93
201400028599;14;12;19;1925;5;2;2;3;93
201400028600;14;12;24;1856;4;2;1;3;93
201400028601;14;12;26;1900;5;2;1;3;93
201400028602;14;12;29;1414;1;2;1;1;93
201400028603;14;12;30;1313;1;1;1;6;93
201400028604;14;1;3;1930;5;2;2;3;93
201400028605;14;1;10;2020;3;2;1;2;93
201400028606;14;1;3;1430;1;2;1;6;93
201400028607;14;1;17;845;1;2;1;3;93
201400028608;14;1;20;720;3;2;5;3;93
201400028609;14;1;24;625;5;2;3;3;93
201400028610;14;1;23;1515;1;2;8;3;93
201400028611;14;1;25;30;5;2;2;6;93
201400028612;14;1;30;1830;5;2;1;3;93
201400028613;14;2;2;330;3;2;2;6;93
201400028614;14;2;3;1915;2;2;8;2;93
201400028615;14;2;8;1825;5;2;1;4;93
201400028616;14;2;26;1750;2;2;1;3;93
201400028617;14;3;18;1700;1;2;1;6;93
201400028618;14;3;18;2040;5;2;1;2;93
201400028619;14;3;25;1755;1;2;1;1;93
201400028620;14;3;28;1710;1;2;1;5;95
201400028621;14;3;29;1530;1;2;1;7;95
201400028622;14;4;1;830;1;2;1;3;93
201400028623;14;4;8;1800;1;2;1;3;93
201400028624;14;4;9;1715;1;2;1;4;93
201400028625;14;4;10;1953;1;2;1;3;93
201400028626;14;4;12;630;5;2;1;6;93
201400028627;14;4;13;1315;1;1;1;6;93
201400028628;14;4;14;1723;1;2;1;6;93
201400028629;14;4;17;1810;1;2;1;2;93
201400028630;14;5;6;935;1;2;1;3;93
201400028631;14;5;12;1700;1;2;8;2;93
201400028632;14;5;12;1935;1;2;1;6;93
201400028633;14;5;13;1055;1;2;1;3;93
201400028635;14;6;12;2100;1;2;1;1;93
201400028636;14;6;19;1815;1;2;1;3;93
201400028637;14;6;24;1208;1;2;1;3;93
201400028638;14;6;28;1110;1;2;8;2;93
201400028639;14;6;30;1815;1;2;1;2;93
201400028640;14;7;11;1655;1;2;1;3;93
201400028641;14;7;12;2010;1;2;1;6;93
201400028642;14;7;12;330;5;2;1;3;93
201400028643;14;7;17;1735;1;2;1;3;93
201400028644;14;7;17;1800;1;2;1;4;93
201400028645;14;7;18;930;1;2;1;2;93
201400028646;14;7;20;1155;1;2;8;6;95
201400028647;14;7;21;1625;1;2;1;6;93
201400028648;14;7;25;1220;1;2;1;4;93
201400028649;14;7;25;1840;1;2;1;3;93
201400028650;14;8;4;1610;1;2;2;5;93
201400028651;14;8;9;430;2;2;1;6;93
201400028652;14;8;15;730;2;2;1;2;93
201400028653;14;8;23;100;3;1;1;6;93
201400028654;14;8;30;1335;1;2;1;3;93
201400028655;14;8;30;1905;1;2;1;3;93
201400028656;14;9;30;1430;1;2;1;6;93
201400028657;14;10;1;1330;1;2;1;3;93
201400028658;14;10;14;815;1;1;1;2;93
201400028659;14;10;18;2230;5;2;1;3;93
201400028660;14;11;4;745;2;2;8;3;93
201400028661;14;11;10;1910;5;2;1;3;93
201400028665;14;12;14;1715;2;1;1;5;93
201400028670;14;1;24;1815;5;2;2;3;93
201400028671;14;1;25;1810;1;2;1;3;93
201400028672;14;1;29;1225;1;2;1;7;93
201400028673;14;2;5;1535;1;1;2;7;93
201400028674;14;2;10;1630;1;2;1;4;93
201400028675;14;2;17;900;1;2;1;4;93
201400028676;14;2;25;1215;1;2;1;7;93
201400028677;14;2;26;1415;1;2;1;6;93
201400028678;14;2;26;1820;2;2;1;3;93
201400028679;14;2;28;1930;1;1;1;2;93
201400028680;14;3;11;1030;1;2;1;3;93
201400028681;14;3;18;1005;1;2;8;6;93
201400028682;14;3;24;1105;1;2;8;7;93
201400028683;14;3;24;1420;1;2;1;3;93
201400028684;14;3;25;755;1;2;1;6;93
201400028685;14;3;25;840;1;2;1;6;93
201400028686;14;3;27;1120;1;2;1;6;93
201400028687;14;3;28;715;1;2;1;6;93
201400028688;14;3;28;1315;1;2;1;6;93
201400028689;14;4;1;1345;1;2;1;3;93
201400028690;14;4;4;855;1;2;1;3;93
201400028691;14;4;4;2250;5;2;1;3;93
201400028692;14;4;15;1140;1;2;1;3;95
201400028693;14;4;19;1430;1;2;1;7;93
201400028694;14;4;21;2240;5;2;1;3;93
201400028695;14;4;24;645;1;2;1;7;93
201400028696;14;5;5;2140;2;1;1;7;93
201400028697;14;5;7;20;5;2;1;7;93
201400028698;14;5;15;1745;1;2;1;6;95
201400028699;14;5;15;1925;1;1;1;7;93
201400028700;14;5;17;935;1;2;1;7;93
201400028701;14;5;19;755;1;2;1;3;93
201400028702;14;5;27;1210;1;2;1;3;93
201400028703;14;6;2;1350;1;2;1;3;93
201400028704;14;6;4;1330;1;1;1;7;93
201400028705;14;6;6;1620;1;2;1;6;93
201400028706;14;6;18;1515;1;2;1;3;93
201400028707;14;6;22;1705;1;2;1;6;93
201400028708;14;6;25;1705;1;2;1;6;93
201400028709;14;6;28;510;4;2;1;6;93
201400028710;14;6;28;1505;1;2;3;7;93
201400028711;14;7;4;2055;1;2;1;1;93
201400028712;14;7;6;755;1;2;2;6;93
201400028713;14;7;22;2020;1;2;1;7;93
201400028714;14;7;23;2135;2;2;1;1;93
201400028715;14;7;23;2155;2;2;1;7;93
201400028716;14;8;1;1605;1;2;1;7;93
201400028717;14;8;6;1450;1;2;1;6;93
201400028718;14;8;6;1820;1;2;1;3;93
201400028719;14;8;10;1215;1;2;1;2;93
201400028720;14;8;10;1410;1;2;6;7;93
201400028721;14;8;11;2315;4;2;1;7;93
201400028722;14;8;14;945;1;2;1;3;93
201400028723;14;8;17;110;5;2;1;7;93
201400028724;14;8;28;1610;1;2;1;4;93
201400028725;14;9;10;1640;1;1;1;7;93
201400028726;14;9;11;810;1;1;1;7;93
201400028727;14;9;12;750;1;2;1;3;93
201400028728;14;9;15;2210;3;1;1;2;93
201400028729;14;9;17;1535;1;1;1;4;93
201400028730;14;9;22;1755;1;2;1;2;93
201400028731;14;9;29;1855;2;2;1;2;93
201400028732;14;10;14;1200;1;1;1;2;93
201400028733;14;10;17;40;5;2;1;3;93
201400028734;14;10;17;1420;1;2;1;6;93
201400028735;14;10;21;1705;1;2;1;2;93
201400028736;14;10;24;1700;1;2;1;3;93
201400028737;14;10;28;1700;1;1;1;2;93
201400028738;14;10;30;1540;1;2;1;3;93
201400028739;14;11;5;1715;1;2;1;3;95
201400028740;14;11;12;1610;1;2;1;7;93
201400028741;14;11;14;2045;5;2;1;7;93
201400028742;14;11;15;1140;1;2;1;3;93
201400028743;14;12;16;1020;1;2;2;3;93
201400028744;14;12;16;1700;2;2;1;6;93
201400028745;14;12;30;1225;1;2;1;6;93
201400028746;14;1;2;1;5;2;6;6;93
201400028747;14;1;3;1225;1;2;2;2;93
201400028748;14;1;6;1230;1;2;1;6;93
201400028749;14;1;11;1635;1;2;1;5;93
201400028750;14;1;11;1;3;1;1;7;93
201400028751;14;1;11;1810;2;2;1;3;93
201400028752;14;1;10;1750;5;2;1;6;93
201400028753;14;1;14;740;1;2;1;3;93
201400028754;14;1;15;810;2;2;2;6;93
201400028755;14;1;14;1715;1;2;1;2;93
201400028756;14;1;14;1405;1;2;1;6;93
201400028757;14;1;15;740;5;2;1;3;93
201400028758;14;1;15;845;1;2;2;1;93
201400028759;14;1;18;1015;1;2;1;3;93
201400028760;14;1;17;1425;1;2;2;7;93
201400028761;14;1;21;1740;5;2;2;6;93
201400028762;14;1;22;827;1;1;2;6;93
201400028763;14;1;27;525;3;1;4;6;93
201400028764;14;1;25;1525;1;1;1;1;93
201400028765;14;1;28;1210;1;2;3;3;93
201400028766;14;1;30;1430;1;2;1;7;95
201400028767;14;1;30;2345;3;2;1;6;95
201400028768;14;1;31;1905;5;2;3;6;95
201400028769;14;2;1;1715;1;2;1;7;95
201400028770;14;2;4;1400;1;2;1;6;93
201400028771;14;2;5;1130;1;2;2;3;93
201400028772;14;2;8;610;5;2;1;7;93
201400028773;14;2;10;1907;5;2;1;2;94
201400028774;14;2;11;800;2;2;6;7;94
201400028775;14;2;11;1230;1;2;2;6;94
201400028776;14;2;11;1050;1;1;6;6;94
201400028777;14;2;11;1700;1;2;1;3;94
201400028778;14;2;12;2215;5;2;1;3;94
201400028779;14;2;14;1750;1;2;6;4;94
201400028780;14;2;15;800;5;2;1;1;94
201400028781;14;2;19;1915;5;2;1;2;94
201400028782;14;2;21;1315;1;2;1;7;94
201400028783;14;2;22;1930;5;2;1;1;94
201400028784;14;2;24;1600;1;2;1;6;94
201400028785;14;3;8;1505;1;1;1;7;94
201400028786;14;3;10;1840;1;2;1;7;94
201400028787;14;3;10;1715;1;2;1;6;94
201400028788;14;3;13;1630;1;2;5;3;94
201400028789;14;3;19;845;1;2;1;3;94
201400028790;14;3;22;355;3;2;1;6;94
201400028791;14;3;25;1335;1;2;1;3;94
201400028792;14;3;29;1610;1;2;1;6;94
201400028793;14;4;6;55;5;2;1;2;94
201400028794;14;4;6;1755;1;2;1;3;94
201400028795;14;4;10;1910;1;2;1;2;94
201400028796;14;4;14;1100;1;2;1;6;94
201400028797;14;4;16;1250;1;2;1;7;94
201400028798;14;4;18;839;1;2;1;2;94
201400028799;14;4;18;1040;1;2;1;3;94
201400028800;14;4;18;1205;1;2;1;6;94
201400028801;14;4;22;1000;1;2;1;7;94
201400028802;14;4;23;1515;1;2;2;6;94
201400028803;14;4;25;925;1;2;2;3;94
201400028804;14;4;27;2013;1;2;1;1;94
201400028805;14;5;3;1730;1;2;1;7;94
201400028806;14;5;10;2150;5;2;6;6;94
201400028807;14;5;13;730;1;2;1;7;94
201400028808;14;5;19;1015;1;2;1;5;94
201400028809;14;5;23;1125;1;2;2;2;94
201400028810;14;5;24;1750;1;2;1;6;94
201400028811;14;5;27;1550;1;2;1;7;94
201400028812;14;5;28;1730;1;2;1;2;94
201400028813;14;6;3;1440;1;2;1;4;94
201400028814;14;6;3;1610;1;2;1;6;94
201400028815;14;6;5;220;5;2;1;6;94
201400028816;14;6;4;1915;1;2;1;6;94
201400028817;14;6;4;640;1;2;2;6;94
201400028818;14;6;6;730;1;2;1;2;94
201400028819;14;6;6;800;1;2;1;2;94
201400028820;14;6;6;1320;1;2;1;3;94
201400028821;14;6;10;1400;1;2;1;3;94
201400028822;14;6;12;1605;1;2;1;2;94
201400028823;14;6;13;1855;1;2;1;7;94
201400028824;14;6;22;620;1;2;1;1;94
201400028825;14;6;23;950;1;1;1;7;94
201400028826;14;6;23;1010;1;2;1;7;94
201400028827;14;6;24;1650;1;2;1;2;94
201400028828;14;6;25;1810;1;2;1;1;94
201400028829;14;6;26;800;1;2;1;7;94
201400028830;14;6;27;425;5;2;1;6;94
201400028831;14;6;28;1145;1;2;1;7;94
201400028832;14;7;2;1620;1;2;1;1;94
201400028833;14;7;5;1730;1;2;2;6;94
201400028834;14;7;5;1215;1;2;2;6;94
201400028835;14;7;7;1755;1;2;1;6;94
201400028836;14;7;7;1620;1;2;1;3;94
201400028837;14;7;9;1820;1;2;1;6;94
201400028838;14;7;13;955;1;2;1;6;94
201400028839;14;7;13;1030;1;2;1;6;94
201400028840;14;7;17;1130;1;2;1;2;94
201400028841;14;7;18;1735;1;2;1;2;94
201400028842;14;7;21;1620;1;2;1;2;94
201400028843;14;7;22;1635;1;2;1;3;94
201400028844;14;7;26;1730;1;2;1;3;94
201400028845;14;7;28;1700;1;2;1;3;94
201400028846;14;7;30;1115;1;2;1;7;94
201400028847;14;7;31;445;3;1;1;7;94
201400028848;14;8;4;2245;5;2;1;1;94
201400028849;14;8;10;845;1;2;2;3;94
201400028850;14;8;9;820;1;2;1;2;94
201400028851;14;8;15;2015;1;2;1;3;94
201400028852;14;8;17;1115;1;2;1;6;94
201400028853;14;8;14;1650;1;2;1;7;94
201400028854;14;8;18;745;1;2;1;7;94
201400028855;14;8;21;1755;1;2;1;6;94
201400028856;14;8;26;145;5;2;3;6;94
201400028857;14;8;25;1215;1;2;2;6;94
201400028858;14;8;25;1755;1;2;1;1;94
201400028859;14;9;2;1700;1;2;1;7;94
201400028860;14;9;4;810;1;2;1;3;94
201400028861;14;9;5;2235;5;2;1;1;94
201400028862;14;9;7;2105;2;2;1;7;94
201400028863;14;9;9;1245;1;2;1;2;94
201400028864;14;9;9;1635;1;2;1;6;94
201400028865;14;9;13;2140;5;2;1;7;94
201400028866;14;9;16;800;1;2;1;7;94
201400028867;14;9;17;1300;1;2;1;2;94
201400028868;14;9;17;1320;1;2;1;3;94
201400028869;14;9;18;1750;1;2;1;2;94
201400028870;14;9;25;735;2;2;1;7;94
201400028871;14;9;25;1115;1;2;1;3;94
201400028872;14;9;25;1730;1;2;1;2;94
201400028873;14;9;26;1845;1;2;8;3;94
201400028874;14;9;30;910;1;2;1;7;94
201400028875;14;10;1;1655;1;2;2;7;94
201400028876;14;10;3;1215;1;2;1;2;94
201400028877;14;10;6;945;1;2;3;3;94
201400028878;14;10;6;1610;1;2;1;7;94
201400028879;14;10;7;1810;1;2;1;4;94
201400028880;14;10;8;740;5;2;2;7;94
201400028881;14;10;8;1245;1;2;2;3;94
201400028882;14;10;8;2130;5;2;3;6;94
201400028883;14;10;10;1800;1;1;1;3;94
201400028884;14;10;11;1250;1;2;1;2;94
201400028885;14;10;14;1150;1;1;1;7;94
201400028886;14;10;14;1730;1;2;1;1;94
201400028887;14;10;15;1440;1;2;2;7;94
201400028888;14;10;15;1945;5;2;3;2;94
201400028889;14;10;17;1330;1;2;1;2;94
201400028890;14;10;19;520;5;2;1;7;94
201400028891;14;10;22;755;5;2;1;1;94
201400028892;14;10;22;1935;5;2;1;3;94
201400028893;14;10;24;1440;1;2;2;2;94
201400028894;14;10;28;1350;1;2;1;7;94
201400028895;14;10;30;1015;1;2;1;2;94
201400028896;14;10;30;1730;1;2;1;3;94
201400028897;14;10;24;1820;2;2;3;7;94
201400028898;14;10;31;825;1;2;1;1;94
201400028899;14;11;4;1145;1;2;1;7;94
201400028900;14;10;28;1133;1;2;1;7;94
201400028901;14;11;8;1000;1;1;1;7;94
201400028902;14;11;10;1720;1;2;1;3;94
201400028903;14;11;12;1155;1;2;1;2;94
201400028904;14;11;12;1140;1;2;1;7;94
201400028905;14;11;16;105;5;2;1;1;94
201400028906;14;11;15;1710;2;1;1;7;94
201400028907;14;11;17;1410;1;2;3;2;94
201400028908;14;11;21;45;3;2;1;7;94
201400028909;14;11;21;1855;5;2;1;4;94
201400028910;14;11;22;1825;5;2;2;1;94
201400028911;14;11;27;1025;1;2;1;7;94
201400028912;14;11;29;35;5;2;1;7;94
201400028913;14;12;4;715;5;2;2;2;94
201400028914;14;12;3;1230;1;2;1;2;94
201400028915;14;12;11;745;5;2;1;3;94
201400028916;14;12;11;845;1;2;2;3;94
201400028917;14;12;11;2015;5;2;2;7;94
201400028918;14;12;14;620;5;2;1;7;94
201400028919;14;12;13;2010;5;2;1;5;94
201400028920;14;12;15;1410;2;2;2;2;94
201400028921;14;12;18;1920;5;2;2;4;94
201400028922;14;12;22;1320;1;2;2;3;94
201400028923;14;12;23;1010;1;2;2;2;94
201400028924;14;12;26;1830;3;2;3;1;94
201400028925;14;12;29;1240;1;2;1;7;94
201400028926;14;12;29;2240;5;2;1;3;94
201400028927;14;12;30;1735;2;2;1;1;94