Num_Acc;an;mois;jour;hrmn;lum;agg;atm;col;dep
201400028928;14;2;8;1230;1;2;7;6;94
201400028929;14;2;18;750;2;2;1;3;94
201400028930;14;2;20;845;1;2;2;2;94
201400028931;14;3;2;2238;5;2;3;6;94
201400028932;14;3;8;1610;1;1;1;3;94
201400028933;14;4;30;1810;1;2;1;3;94
201400028934;14;7;23;145;3;1;1;7;94
201400028936;14;9;4;1825;1;1;7;3;94
201400028937;14;9;17;1710;1;2;1;6;94
201400028938;14;11;15;1150;1;2;1;6;94
201400028939;14;11;21;1655;1;1;1;3;94
201400028940;14;11;26;2025;5;2;2;7;94
201400028941;14;12;15;1835;3;1;2;2;2B
201400028942;14;1;16;1355;1;2;1;3;2B
201400028943;14;1;21;1000;1;2;1;3;2B
201400028944;14;1;21;1730;2;2;1;6;2B
201400028945;14;1;24;1715;2;1;2;4;2B
201400028946;14;1;26;1855;5;2;8;6;2B
201400028947;14;2;2;1930;3;1;1;1;2B
201400028948;14;2;12;1215;1;2;2;3;2B
201400028949;14;2;24;1020;1;2;1;6;2B
201400028950;14;2;21;825;2;2;1;6;2B
201400028951;14;3;8;950;1;2;1;6;2B
201400028952;14;3;21;1525;1;2;1;6;2B
201400028953;14;3;30;710;3;2;1;6;2B
201400028954;14;4;4;1802;1;2;1;2;2B
201400028955;14;4;17;1620;1;2;1;6;2B
201400028956;14;4;29;1810;1;1;1;4;2B
201400028957;14;5;5;2010;1;2;1;3;2B
201400028958;14;5;10;1840;1;2;1;7;2B
201400028959;14;5;13;1715;1;2;1;7;2B
201400028960;14;5;30;1600;1;2;1;3;2B
201400028961;14;6;4;1640;1;1;1;3;2B
201400028962;14;6;5;1800;1;1;1;3;2B
201400028963;14;6;8;2042;1;1;1;1;2B
201400028964;14;6;25;1655;1;2;1;1;2B
201400028965;14;6;27;1915;1;2;2;7;2B
201400028966;14;6;29;1950;1;2;1;3;2B
201400028967;14;7;2;1330;1;2;1;1;2B
201400028968;14;7;2;1210;1;1;1;2;2B
201400028969;14;7;7;920;1;1;7;7;2B
201400028970;14;7;7;1155;1;1;1;3;2B
201400028971;14;7;13;1915;1;1;1;4;2B
201400028972;14;7;16;1605;1;2;1;2;2B
201400028973;14;7;28;1740;1;2;1;4;2B
201400028974;14;7;31;1830;1;2;1;2;2B
201400028975;14;8;14;945;1;2;2;2;2B
201400028976;14;8;23;1535;1;2;1;3;2B
201400028977;14;9;10;100;5;2;1;6;2B
201400028978;14;9;11;805;1;1;1;7;2B
201400028979;14;9;21;1949;1;2;1;7;2B
201400028980;14;9;25;1800;1;2;1;6;2B
201400028981;14;9;28;1525;1;2;1;6;2B
201400028982;14;9;29;1915;1;2;1;3;2B
201400028983;14;9;26;750;1;2;1;7;2B
201400028984;14;10;1;1505;1;1;8;3;2B
201400028985;14;10;1;1850;1;2;2;7;2B
201400028986;14;10;2;1020;1;2;1;7;2B
201400028987;14;10;11;1630;1;2;1;3;2B
201400028988;14;10;24;1430;1;2;2;7;2B
201400028989;14;10;23;1100;1;2;1;7;2B
201400028990;14;11;29;2150;5;2;1;6;2B
201400028991;14;11;30;1740;5;2;2;6;2B
201400028992;14;11;29;2325;5;2;1;6;2B
201400028993;14;12;2;2046;5;2;2;6;2B
201400028994;14;12;5;1545;1;2;1;6;2B
201400028995;14;12;11;1800;3;1;8;3;2B
201400028996;14;12;13;1941;5;2;1;6;2B
201400028997;14;12;30;1647;1;2;1;6;2B
201400028998;14;1;4;2020;5;2;2;7;2B
201400028999;14;1;9;745;5;2;1;5;2B
201400029000;14;1;13;1810;5;2;1;3;2B
201400029001;14;2;4;1220;1;2;1;2;2B
201400029002;14;3;3;1520;1;2;1;2;2B
201400029003;14;3;4;2120;3;1;1;7;2B
201400029004;14;3;16;1700;1;2;1;3;2B
201400029005;14;3;26;1220;1;2;1;4;2B
201400029006;14;4;20;345;5;2;2;7;2B
201400029007;14;4;22;2145;5;1;1;1;2B
201400029008;14;5;17;1345;1;2;1;6;2B
201400029009;14;5;21;1602;1;2;1;4;2B
201400029010;14;5;27;1330;1;2;8;3;2B
201400029011;14;6;11;1510;1;2;1;3;2B
201400029012;14;6;12;1655;1;1;1;3;2B
201400029013;14;6;15;605;2;2;1;6;2B
201400029014;14;7;7;825;1;2;7;6;2B
201400029015;14;7;10;1640;1;2;1;6;2B
201400029016;14;7;18;1450;1;1;1;7;2B
201400029017;14;8;2;1450;1;2;1;3;2B
201400029018;14;8;5;1050;1;2;1;3;2B
201400029019;14;8;18;910;1;2;1;7;2B
201400029020;14;8;23;1220;1;1;1;1;2B
201400029021;14;8;31;1610;1;1;1;3;2B
201400029022;14;10;27;835;1;2;1;1;2B
201400029023;14;11;7;1700;1;2;8;6;2B
201400029024;14;11;24;1430;1;1;8;7;2B
201400029025;14;11;28;1825;5;2;8;3;2B
201400029026;14;12;2;1945;5;2;2;6;2B
201400029027;14;11;28;705;5;2;8;6;2B
201400029028;14;12;7;1800;3;1;1;6;2B
201400029117;14;2;18;2035;5;2;2;2;2B
201400029118;14;2;20;1750;1;2;1;6;2B
201400029119;14;2;21;1725;1;2;1;6;2B
201400029120;14;3;27;740;1;2;1;6;2B
201400029121;14;4;4;1410;1;2;1;6;2B
201400029122;14;4;20;30;5;2;1;6;2B
201400029123;14;4;27;1000;1;2;1;3;2B
201400029125;14;5;30;940;1;2;1;6;2B
201400029126;14;6;3;1805;1;2;1;1;2B
201400029127;14;7;5;1230;1;1;1;6;2B
201400029128;14;7;8;1645;1;2;1;6;2B
201400029129;14;7;20;1815;1;1;1;7;2B
201400029130;14;8;13;1209;1;2;3;6;2B
201400029131;14;8;13;1234;1;1;3;6;2B
201400029132;14;9;13;1130;1;2;1;6;2B
201400029133;14;10;24;1145;1;2;2;6;2B
201400029134;14;10;10;800;1;2;1;6;2B
201400029135;14;12;3;1730;3;1;1;2;2B
201400029136;14;12;14;1215;1;1;2;7;2B
201400029137;14;12;17;745;5;2;2;6;2B
201400029138;14;2;12;1010;1;2;1;6;2B
201400029139;14;3;17;1610;1;2;1;6;2B
201400029140;14;3;26;1620;1;2;1;3;2B
201400029141;14;3;28;1000;1;2;1;3;2B
201400029142;14;4;18;1555;1;2;1;3;2B
201400029143;14;5;26;1730;1;2;1;6;2B
201400029144;14;6;13;1410;1;2;1;3;2B
201400029145;14;7;19;1800;1;2;1;6;2B
201400029146;14;8;2;1345;1;2;8;7;2B
201400029147;14;8;13;2155;5;2;1;6;2B
201400029148;14;9;16;800;1;2;7;6;2B
201400029149;14;9;29;40;3;1;1;7;62
201400029150;14;10;28;1210;1;2;1;7;62
201400029151;14;10;29;1155;1;2;1;6;62
201400029152;14;11;3;1240;1;2;1;6;33
201400029153;14;11;17;2010;5;2;1;3;54
201400029154;14;11;24;1830;3;2;1;6;54
201400029155;14;12;19;1815;5;2;3;6;54
201400029156;14;12;19;1710;3;2;3;6;54
201400029157;14;1;22;805;2;2;2;6;54
201400029158;14;1;31;2240;5;2;2;3;54
201400029159;14;2;20;1045;1;2;2;6;54
201400029160;14;3;25;800;1;2;1;6;54
201400029161;14;5;10;2015;1;1;1;6;54
201400029162;14;5;14;1545;1;1;1;4;54
201400029163;14;5;17;1740;1;2;1;3;54
201400029164;14;5;28;750;1;2;1;6;54
201400029165;14;5;28;1225;1;2;1;7;54
201400029166;14;6;18;1815;1;2;1;2;54
201400029167;14;7;12;2000;1;2;1;7;54
201400029168;14;7;16;1630;1;2;1;3;54
201400029169;14;9;4;1753;1;2;1;2;54
201400029170;14;9;9;1810;1;1;7;2;54
201400029171;14;9;15;1510;1;1;1;1;54
201400029172;14;9;18;1850;1;2;7;6;54
201400029173;14;9;18;1519;1;2;1;7;57
201400029175;14;10;5;1920;2;2;1;7;42
201400029176;14;10;17;2115;3;1;1;6;42
201400029177;14;10;28;2105;5;2;5;6;42
201400029178;14;10;31;1740;5;2;1;2;42
201400029179;14;11;6;1900;5;2;1;6;42
201400029180;14;11;12;1825;5;2;1;3;69
201400029181;14;11;12;1855;5;2;8;6;42
201400029182;14;12;13;1504;1;2;1;6;69
201400029185;14;4;11;430;5;2;1;2;42
201400029186;14;5;28;1224;1;2;1;3;42
201400029187;14;6;3;1210;1;1;1;3;42
201400029190;14;7;15;516;2;1;1;6;42
201400029191;14;6;29;856;1;1;2;7;42
201400029193;14;9;26;1156;1;1;1;1;42
201400029195;14;6;3;1220;1;2;1;6;42
201400029196;14;6;10;2037;1;1;1;3;42
201400029197;14;12;8;830;1;1;5;6;42
201400029198;14;12;17;805;2;2;2;6;42
201400029200;14;3;30;2045;3;1;1;7;42
201400029204;14;2;5;2140;4;2;2;6;42
201400029225;14;7;9;2100;2;1;1;6;42
201400029231;14;9;4;2100;3;1;1;6;38
201400029233;14;10;3;1715;1;1;1;6;38
201400029244;14;1;6;1753;5;2;1;4;38
201400029248;14;1;9;2210;5;1;1;1;38
201400029271;14;1;28;720;3;1;5;6;83
201400029273;14;1;31;1630;1;2;1;6;83
201400029317;14;3;6;1700;1;2;1;6;54
201400029320;14;3;4;1900;5;2;1;3;54
201400029329;14;3;20;1420;1;2;1;3;54
201400029339;14;3;29;1850;2;2;1;3;54
201400029356;14;4;12;1745;1;1;1;2;54
201400029386;14;5;5;1415;1;1;1;7;54
201400029477;14;8;14;1800;1;2;1;5;54
201400029499;14;9;8;1135;1;1;1;2;54
201400029512;14;9;17;520;5;2;5;1;54
201400029634;14;1;16;1746;5;2;1;6;54
201400029637;14;2;3;810;1;1;9;6;54
201400029638;14;4;24;1008;1;2;1;3;54
201400029639;14;4;29;1724;1;2;1;4;54
201400029641;14;5;23;855;1;1;1;2;54
201400029642;14;6;15;1240;1;1;1;7;54
201400029643;14;7;8;1550;1;1;1;1;54
201400029644;14;9;27;1710;1;1;1;7;54
201400029645;14;11;9;1650;2;1;2;3;54
201400029646;14;11;12;1658;2;2;8;6;54
201400029647;14;11;29;2250;5;1;1;6;54
201400029649;14;1;28;1900;3;1;1;3;54
201400029651;14;2;23;1900;5;2;1;3;54
201400029652;14;3;13;1215;1;1;1;2;54
201400029660;14;10;23;1125;1;1;1;1;54
201400029662;14;12;19;1720;2;1;2;1;54
201400029664;14;4;1;532;2;1;1;7;54
201400029665;14;5;5;1500;1;1;1;2;54
201400029667;14;6;21;1805;1;1;1;7;54
201400029670;14;10;7;1150;1;1;8;7;54
201400029672;14;10;27;2310;3;1;1;2;54
201400029673;14;12;14;910;1;1;1;4;54
201400029692;14;1;6;1700;2;2;1;3;56
201400029693;14;1;8;830;5;2;8;3;56
201400029694;14;1;9;1522;4;2;1;7;56
201400029695;14;1;16;1135;2;2;1;7;56
201400029696;14;1;16;1855;5;2;1;7;56
201400029697;14;1;17;1051;1;2;1;7;56
201400029698;14;1;18;1030;1;2;2;3;56
201400029700;14;1;20;805;3;1;1;5;56
201400029701;14;1;21;638;5;2;1;3;56
201400029702;14;1;17;1701;2;2;1;7;56
201400029703;14;1;24;1615;1;2;2;7;56
201400029704;14;1;24;1830;5;2;2;5;56
201400029705;14;1;24;1850;5;2;1;3;56
201400029706;14;1;30;1130;1;2;1;3;56
201400029707;14;2;1;1850;5;2;2;3;56
201400029708;14;2;4;2005;5;2;3;7;56
201400029709;14;2;6;1950;5;2;2;7;56
201400029710;14;2;8;1735;1;2;9;7;56
201400029711;14;2;13;1705;1;2;1;3;56
201400029712;14;2;17;1915;2;2;1;3;56
201400029713;14;2;18;1055;1;2;1;5;56
201400029714;14;2;20;1643;1;2;1;3;56
201400029715;14;2;21;1815;2;1;1;5;56
201400029716;14;2;22;1430;1;2;1;3;56
201400029717;14;2;26;1645;1;2;1;3;56
201400029718;14;3;3;630;3;2;3;2;56
201400029719;14;3;4;1515;1;2;1;2;56
201400029720;14;3;4;1555;1;2;2;3;56
201400029721;14;3;5;1940;5;2;1;7;56
201400029722;14;3;6;2333;4;2;1;7;56
201400029724;14;3;9;1235;1;2;1;3;56
201400029726;14;3;15;440;3;1;1;7;56
201400029727;14;3;17;1145;1;2;1;7;56
201400029728;14;3;22;2345;5;2;2;3;56
201400029729;14;3;25;1750;1;2;2;6;56
201400029732;14;4;6;1400;1;2;1;3;56
201400029733;14;4;6;1920;1;2;1;3;56
201400029734;14;4;6;112;5;2;1;7;56
201400029735;14;4;9;2025;2;2;1;7;56
201400029736;14;4;11;845;1;1;1;3;56
201400029737;14;4;10;1505;1;2;1;7;56
201400029738;14;4;14;2155;5;2;1;7;56
201400029739;14;4;15;840;1;2;1;7;56
201400029740;14;4;15;1730;1;2;1;7;56
201400029741;14;4;15;1930;1;2;1;7;56
201400029742;14;4;16;1707;1;2;1;3;56
201400029743;14;4;17;733;1;2;1;1;56
201400029744;14;4;17;1128;1;2;1;2;56
201400029745;14;4;17;1407;1;1;1;7;56
201400029746;14;4;18;1815;1;1;1;5;56
201400029747;14;4;19;1450;1;2;1;7;56
201400029748;14;4;22;1814;1;1;1;5;56
201400029749;14;4;23;1620;1;2;3;3;56
201400029750;14;4;26;1210;1;2;1;3;56
201400029752;14;5;11;1645;1;2;1;2;56
201400029753;14;5;16;1710;1;2;1;3;56
201400029754;14;5;17;1705;1;1;1;7;56
201400029755;14;5;19;1041;1;2;1;7;56
201400029756;14;5;20;1616;1;2;1;7;56
201400029757;14;5;20;1632;1;2;1;7;56
201400029758;14;5;23;1400;1;2;1;2;56
201400029759;14;5;25;2030;2;1;1;7;56
201400029760;14;5;26;1350;1;2;1;7;56
201400029761;14;5;27;1535;1;2;1;7;56
201400029763;14;5;31;450;3;1;1;2;56
201400029764;14;6;4;1723;1;1;1;7;56
201400029765;14;6;6;1440;1;2;1;7;56
201400029766;14;6;6;1830;1;2;1;3;56
201400029767;14;6;6;2215;3;2;1;7;56
201400029768;14;6;8;1610;1;2;1;7;56
201400029769;14;6;10;955;1;2;1;7;56
201400029770;14;6;11;1210;1;2;1;3;56
201400029771;14;6;11;1845;1;2;1;3;56
201400029772;14;6;14;1050;1;2;1;7;56
201400029773;14;6;17;2005;1;2;7;3;56
201400029774;14;6;18;2215;3;1;1;7;56
201400029775;14;6;19;1825;1;2;1;3;56
201400029776;14;6;23;1015;1;2;1;7;56
201400029777;14;6;23;1715;1;2;1;1;56
201400029778;14;6;25;1230;1;2;1;3;56
201400029779;14;6;26;1845;1;2;1;5;56
201400029780;14;6;30;1140;1;2;1;7;56
201400029781;14;7;1;1810;1;1;1;7;56
201400029782;14;7;3;855;1;2;1;3;56
201400029783;14;7;4;1830;1;2;1;3;56
201400029784;14;7;4;1955;1;2;1;7;56
201400029785;14;7;5;2215;2;1;1;7;56
201400029786;14;7;6;655;1;2;1;7;56
201400029787;14;7;9;1810;1;2;1;7;56
201400029788;14;7;9;1902;1;2;1;3;56
201400029789;14;7;10;1730;1;2;1;7;56
201400029791;14;7;18;936;1;2;1;1;56
201400029792;14;7;21;1405;1;2;1;7;56
201400029793;14;7;21;1750;1;2;1;3;56
201400029794;14;7;23;1608;1;2;1;1;56
201400029795;14;7;29;1900;1;2;1;3;56
201400029797;14;8;1;1345;1;2;1;7;56
201400029798;14;8;3;128;5;2;1;7;56
201400029799;14;8;4;1935;1;2;1;3;56
201400029800;14;8;6;2215;5;2;1;7;56
201400029801;14;8;8;1050;1;2;8;7;56
201400029802;14;8;9;2200;5;2;1;2;56
201400029803;14;8;10;810;1;2;1;7;56
201400029804;14;8;10;1005;1;2;2;7;56
201400029805;14;8;10;1055;1;2;1;7;56
201400029806;14;8;11;1855;1;1;1;3;56
201400029807;14;8;12;840;1;2;1;3;56
201400029808;14;8;12;1945;1;2;1;3;56
201400029809;14;8;4;1405;1;2;1;7;56
201400029810;14;8;15;1309;1;1;1;7;56
201400029812;14;8;18;1800;1;2;1;3;56
201400029813;14;8;23;1240;1;1;1;3;56
201400029814;14;8;23;2135;5;2;1;7;56
201400029815;14;8;25;1438;1;2;3;7;56
201400029816;14;8;25;1437;1;1;3;7;56
201400029817;14;8;31;2050;5;2;1;7;56
201400029818;14;9;2;1505;1;2;1;2;56
201400029819;14;9;4;2145;5;1;1;3;56
201400029820;14;9;5;1435;1;2;1;6;56
201400029821;14;9;5;1510;1;2;1;7;56
201400029822;14;9;6;1035;1;2;1;3;56
201400029823;14;9;7;1140;1;2;1;2;56
201400029824;14;9;9;1353;1;2;1;3;56
201400029825;14;9;9;1424;1;2;1;7;56
201400029826;14;9;11;1435;1;2;2;6;56
201400029827;14;9;11;1720;1;2;1;3;56
201400029828;14;9;12;431;5;2;1;7;56
201400029829;14;9;14;1238;1;2;1;7;56
201400029830;14;9;17;1227;1;2;1;7;56
201400029831;14;9;17;1400;1;1;1;6;56
201400029832;14;9;19;1210;1;2;7;7;56
201400029833;14;9;20;1410;1;2;1;3;56
201400029834;14;9;22;847;1;2;1;5;56
201400029836;14;9;22;1548;1;2;1;7;56
201400029837;14;9;25;1600;1;2;1;7;56
201400029838;14;9;27;1939;2;2;1;7;56
201400029839;14;9;27;2030;5;2;1;3;56
201400029840;14;9;29;850;1;2;2;3;56
201400029841;14;9;30;1211;1;2;1;7;56
201400029842;14;10;1;1318;1;2;1;3;56
201400029843;14;10;2;1333;1;2;1;3;56
201400029844;14;10;3;1615;1;2;1;3;56
201400029846;14;10;5;1651;1;2;1;7;56
201400029847;14;10;6;1209;1;2;1;2;56
201400029848;14;10;6;1935;5;2;3;3;56
201400029849;14;10;7;930;1;2;1;7;56
201400029850;14;10;8;1305;1;2;1;7;56
201400029851;14;10;9;1350;1;2;1;7;56
201400029852;14;10;11;1020;1;2;1;3;56
201400029853;14;10;12;855;1;2;1;7;56
201400029854;14;10;12;1042;1;2;1;5;56
201400029855;14;10;13;855;1;2;1;3;56
201400029856;14;10;13;1725;1;1;7;5;56
201400029857;14;10;14;830;2;2;1;7;56
201400029858;14;10;16;1140;1;2;8;7;56
201400029859;14;10;17;1410;1;2;1;3;56
201400029860;14;10;20;1721;1;2;8;5;56
201400029861;14;10;20;1529;1;2;1;7;56
201400029862;14;10;25;940;1;2;1;3;56
201400029863;14;10;25;1550;1;2;1;7;56
201400029864;14;10;25;2120;5;2;1;3;56
201400029865;14;10;26;1151;1;2;1;7;56
201400029866;14;10;29;1508;1;2;1;7;56
201400029867;14;10;30;1345;1;2;1;2;56
201400029868;14;10;31;1055;1;2;1;3;56
201400029869;14;11;1;835;1;2;1;3;56
201400029870;14;11;1;1135;1;2;1;3;56
201400029872;14;11;2;1835;2;2;1;2;56
201400029873;14;11;9;1615;1;2;1;7;56
201400029874;14;11;10;1900;4;1;2;5;56
201400029875;14;11;12;804;1;2;1;7;56
201400029876;14;11;12;1530;1;2;2;7;56
201400029877;14;11;12;1652;1;2;3;2;56
201400029878;14;11;14;750;5;2;1;7;56
201400029879;14;11;14;1842;2;2;2;3;56
201400029880;14;11;15;235;5;2;1;7;56
201400029881;14;11;16;1255;1;2;1;3;56
201400029882;14;11;17;755;1;2;1;3;56
201400029883;14;11;18;1341;1;2;1;3;56
201400029884;14;11;18;1614;1;2;1;5;56
201400029885;14;11;18;1212;1;2;1;7;56
201400029886;14;11;19;920;1;1;3;7;56
201400029887;14;11;19;1630;1;2;8;7;56
201400029888;14;11;19;1845;2;2;1;3;56
201400029889;14;11;21;1805;5;1;1;7;56
201400029890;14;11;28;1535;1;2;1;7;56
201400029891;14;11;30;1850;1;2;1;3;56
201400029892;14;12;2;1840;5;2;1;7;56
201400029893;14;12;3;1735;5;2;1;7;56
201400029894;14;12;5;1715;5;2;2;7;56
201400029895;14;12;5;2025;3;1;1;7;56
201400029896;14;12;8;720;5;1;2;3;56
201400029897;14;12;9;2130;5;2;2;7;56
201400029899;14;12;10;835;1;2;1;2;56
201400029900;14;12;12;1710;1;1;1;5;56
201400029903;14;12;12;2055;5;2;1;3;56
201400029905;14;12;12;1350;1;2;1;7;56
201400029906;14;12;16;800;1;2;8;7;56
201400029907;14;12;17;1615;1;2;2;3;56
201400029908;14;12;18;615;5;2;2;3;56
201400029909;14;12;18;1040;1;2;1;3;56
201400029910;14;12;21;1648;1;2;1;1;56
201400029912;14;12;23;1005;1;2;1;7;56
201400029913;14;12;24;1515;1;2;2;7;56
201400029914;14;12;29;1130;1;2;7;7;56
201400029915;14;12;29;1540;1;1;1;7;56
201400029916;14;12;29;1609;1;1;1;2;56
201400029917;14;12;29;1725;1;2;1;3;56
201400029918;14;12;30;715;2;2;1;3;56
201400029919;14;12;31;1725;1;2;1;3;56
201400029921;14;8;5;930;1;1;1;5;34
201400029922;14;9;7;1300;1;1;1;3;34
201400029923;14;10;9;1300;1;1;2;3;34
201400029924;14;10;18;30;3;1;1;6;34
201400029925;14;10;23;1200;1;1;1;6;34
201400029926;14;12;14;2000;3;1;2;3;34
201400029927;14;1;16;2350;5;2;2;7;56
201400029928;14;1;2;840;1;2;8;6;56
201400029930;14;1;29;1650;1;2;1;6;56
201400029931;14;2;6;1350;1;2;2;6;56
201400029932;14;2;13;1655;1;2;1;6;56
201400029933;14;2;20;1120;1;2;2;6;56
201400029934;14;2;21;1655;1;2;1;6;56
201400029935;14;2;21;1955;5;2;1;3;56
201400029936;14;2;25;1725;1;2;1;5;56
201400029937;14;2;24;1020;1;2;1;6;56
201400029938;14;3;8;1110;1;2;1;3;56
201400029939;14;4;6;1225;1;2;1;2;56
201400029940;14;4;10;1355;1;2;1;3;56
201400029941;14;4;25;110;5;2;2;1;56
201400029942;14;4;30;1745;1;2;1;6;56
201400029943;14;5;27;1355;1;2;1;6;56
201400029944;14;5;30;1635;1;2;1;6;56
201400029945;14;6;3;1720;1;2;1;2;56
201400029946;14;3;14;1800;1;2;8;3;56
201400029947;14;4;29;1830;1;2;8;6;56
201400029948;14;5;9;1545;1;2;1;6;56
201400029949;14;5;17;1030;1;2;1;3;56
201400029950;14;6;11;1248;1;2;1;6;56
201400029951;14;6;21;1;5;2;1;1;56
201400029953;14;7;5;1145;1;2;1;3;56
201400029954;14;8;22;400;5;2;1;3;56
201400029955;14;9;7;233;5;2;1;6;56
201400029956;14;9;5;1631;1;2;1;3;56
201400029957;14;9;23;1535;1;2;1;6;56
201400029958;14;12;17;2100;5;2;1;2;56
201400029959;14;1;3;2010;5;2;8;6;56
201400029960;14;1;22;1335;1;2;1;3;56
201400029961;14;1;23;1531;1;2;1;6;56
201400029962;14;2;20;1910;5;2;1;3;56
201400029963;14;4;16;856;1;2;1;2;56
201400029964;14;7;18;1815;1;2;1;3;56
201400029965;14;8;13;1310;1;2;1;3;56
201400029966;14;10;21;1410;1;2;1;6;56
201400029967;14;11;10;1045;1;2;1;6;56
201400029968;14;11;22;1035;1;2;8;3;56
201400029970;14;12;14;1755;5;2;1;6;56
201400029971;14;12;29;1040;1;2;7;6;56
201400029972;14;1;1;2200;3;1;2;1;49
201400029973;14;2;27;800;2;1;3;1;49
201400029974;14;5;14;1145;1;1;1;1;33
201400029975;14;3;15;1045;1;2;1;1;33
201400029976;14;7;14;730;2;2;1;6;33
201400029977;14;7;29;2030;1;1;1;1;33
201400029978;14;12;21;1845;3;1;1;5;33
201400029979;14;1;18;2330;5;2;1;3;57
201400029982;14;5;12;1243;1;2;1;3;57
201400029983;14;6;6;1708;1;2;1;6;57
201400029985;14;9;25;2043;5;2;1;2;57
201400029986;14;9;22;820;1;2;1;6;57
201400029988;14;11;30;1350;1;2;1;3;57
201400029989;14;12;18;1730;5;2;2;3;57
201400029990;14;1;1;30;5;2;1;6;57
201400029991;14;1;20;1550;2;1;2;6;57
201400029992;14;2;25;1145;1;2;1;6;57
201400029993;14;3;2;1635;1;2;1;2;57
201400029994;14;4;1;1330;1;2;1;6;57
201400029996;14;5;12;855;1;2;1;6;57
201400029998;14;8;17;2000;1;2;1;3;57
201400029999;14;11;14;725;1;2;1;6;57
201400030000;14;1;24;1315;1;2;1;3;57
201400030001;14;1;28;1214;1;2;2;3;57
201400030002;14;2;4;1750;5;2;1;6;57
201400030004;14;9;23;1450;1;2;1;3;57
201400030008;14;4;25;1114;1;2;1;6;57
201400030009;14;5;16;820;1;2;1;3;57
201400030011;14;1;7;1546;1;2;1;3;57
201400030012;14;1;12;43;5;2;5;6;57
201400030013;14;1;14;1405;1;2;1;1;57
201400030014;14;1;27;745;1;2;2;3;57
201400030015;14;1;28;1356;1;2;2;6;57
201400030016;14;1;30;2150;5;2;1;6;57
201400030018;14;2;2;1500;1;2;1;3;57
201400030021;14;2;7;1610;1;2;2;3;57
201400030024;14;2;12;2055;5;2;1;6;57
201400030025;14;2;15;1446;1;2;1;6;57
201400030026;14;2;17;1700;1;2;1;6;57
201400030027;14;2;18;1615;1;2;1;6;57
201400030028;14;2;20;1550;1;2;1;3;57
201400030029;14;3;1;2025;5;2;1;3;57
201400030030;14;3;3;925;1;2;8;3;57
201400030032;14;3;3;2100;5;2;1;2;57
201400030034;14;3;15;720;1;2;1;3;57
201400030035;14;3;15;1140;1;2;2;6;57
201400030037;14;3;20;1020;1;2;1;3;57
201400030041;14;3;30;1520;1;2;1;3;57
201400030042;14;4;1;115;5;2;1;6;57
201400030043;14;4;1;1550;1;2;1;6;57
201400030044;14;4;3;1605;1;2;1;6;57
201400030045;14;4;11;801;1;2;1;2;57
201400030046;14;4;17;2200;5;2;1;6;57
201400030048;14;4;21;1845;1;2;1;6;57
201400030051;14;4;25;1735;1;2;1;3;57
201400030052;14;4;29;2035;1;2;1;3;57
201400030053;14;5;2;1015;1;2;1;6;57
201400030055;14;5;5;1825;1;2;1;6;57
201400030056;14;5;7;1210;1;2;1;3;57
201400030058;14;5;18;20;4;2;1;3;57
201400030059;14;5;20;740;1;2;1;2;57
201400030060;14;5;21;1250;1;2;1;6;57
201400030061;14;5;21;2010;1;2;1;3;57
201400030062;14;5;22;1720;1;2;1;6;57
201400030063;14;5;23;1038;1;2;2;6;57
201400030064;14;5;25;1558;1;2;1;6;57
201400030065;14;5;30;1610;1;2;1;3;57
201400030066;14;6;2;1330;1;2;1;3;57
201400030067;14;6;3;1233;1;2;1;6;57
201400030068;14;6;8;1920;1;2;1;3;57
201400030069;14;6;12;846;1;2;1;5;57
201400030071;14;6;19;1830;1;2;1;3;57
201400030072;14;6;27;1835;1;2;1;3;57
201400030073;14;7;11;1442;1;2;1;3;57
201400030075;14;7;16;2210;5;2;1;3;57
201400030077;14;7;18;1605;1;2;1;6;57
201400030078;14;7;19;216;5;2;1;6;57
201400030082;14;8;18;714;1;2;1;3;57
201400030083;14;8;23;2103;3;2;1;6;57
201400030084;14;8;26;1830;1;2;2;5;57
201400030085;14;8;29;1934;1;2;1;1;57
201400030086;14;8;30;1610;1;2;1;6;57
201400030087;14;9;4;1635;1;2;1;4;57
201400030089;14;9;13;1754;1;2;1;3;57
201400030090;14;9;15;1720;1;2;1;5;57
201400030093;14;9;27;1410;1;2;1;2;57
201400030094;14;9;28;2020;5;2;1;6;57
201400030096;14;10;1;715;2;2;5;3;57
201400030097;14;10;2;1235;1;2;1;3;57
201400030098;14;10;3;1410;1;2;1;6;57
201400030101;14;10;10;1935;5;2;1;3;57
201400030104;14;10;16;750;1;2;1;3;57
201400030105;14;10;18;1130;1;2;1;6;57
201400030106;14;10;23;2310;5;2;1;3;57
201400030107;14;10;31;1400;1;2;1;3;57
201400030109;14;11;1;1610;1;2;1;3;57
201400030111;14;11;6;945;1;2;1;3;57
201400030112;14;11;8;2035;5;2;1;3;57
201400030113;14;11;15;1954;5;2;1;3;57
201400030114;14;11;17;955;1;2;1;6;57
201400030115;14;11;17;1035;1;2;1;7;57
201400030117;14;11;28;2120;1;2;1;6;57
201400030118;14;12;3;730;5;2;2;6;57
201400030119;14;12;5;1725;5;2;1;2;57
201400030120;14;12;7;1425;1;2;1;5;57
201400030121;14;12;11;1439;1;2;2;6;57
201400030123;14;12;12;1333;1;2;2;1;57
201400030124;14;12;15;1455;1;2;2;6;57
201400030125;14;12;16;1720;5;2;2;6;57
201400030126;14;12;17;1840;5;2;2;6;57
201400030127;14;12;17;1810;5;2;2;6;57
201400030128;14;12;24;1415;1;2;1;3;57