Num_Acc;an;mois;jour;hrmn;lum;agg;atm;col;dep
201400030129;14;12;27;1825;5;2;4;6;57
201400030130;14;1;23;1801;5;2;2;7;57
201400030131;14;2;17;1335;1;1;1;7;57
201400030132;14;3;18;1215;1;1;1;2;57
201400030133;14;4;13;1755;1;1;1;1;57
201400030134;14;4;15;1320;1;2;1;2;57
201400030136;14;6;22;2305;5;2;1;7;57
201400030137;14;7;7;2310;5;1;2;7;57
201400030138;14;7;11;1005;1;2;8;7;57
201400030140;14;1;18;2055;5;1;1;3;57
201400030142;14;3;30;1430;1;2;1;2;57
201400030143;14;4;3;750;1;2;1;6;57
201400030144;14;4;23;1155;1;2;1;6;57
201400030146;14;5;15;1221;1;2;1;6;57
201400030147;14;6;9;1535;1;2;1;3;57
201400030148;14;7;19;1020;1;1;1;7;57
201400030149;14;7;24;1720;1;2;1;7;57
201400030150;14;8;1;1230;1;2;1;3;57
201400030154;14;9;2;825;1;2;1;6;57
201400030155;14;1;24;1857;5;2;1;3;57
201400030156;14;3;4;2040;5;2;1;3;57
201400030158;14;8;9;1600;1;2;1;6;57
201400030159;14;10;18;1543;1;2;1;2;57
201400030161;14;11;6;900;1;2;1;6;57
201400030162;14;1;3;1530;1;2;1;1;57
201400030163;14;1;6;1430;1;2;1;3;57
201400030164;14;1;7;1530;1;2;1;6;57
201400030165;14;1;10;2210;4;1;1;2;57
201400030166;14;1;18;1915;5;2;1;6;57
201400030167;14;1;28;1130;1;2;1;6;57
201400030169;14;2;1;1340;1;2;1;6;57
201400030170;14;2;10;1815;5;2;1;6;57
201400030171;14;2;15;2255;5;2;2;6;57
201400030173;14;2;28;1010;1;2;1;6;57
201400030174;14;3;9;1900;2;2;1;3;57
201400030175;14;3;11;1015;1;2;1;3;57
201400030176;14;3;20;930;1;2;1;5;57
201400030177;14;4;7;1513;1;1;1;6;57
201400030179;14;4;8;1320;1;2;1;3;57
201400030181;14;4;23;905;1;2;1;6;57
201400030183;14;4;26;230;5;2;1;6;57
201400030184;14;5;13;1730;1;2;1;3;57
201400030186;14;5;16;1140;1;2;1;6;57
201400030187;14;5;22;1950;1;2;1;3;57
201400030188;14;5;31;1840;1;2;1;3;57
201400030189;14;6;3;1410;1;2;1;3;57
201400030190;14;6;5;2055;1;2;1;1;57
201400030191;14;6;10;1058;1;2;1;6;57
201400030192;14;6;12;2055;1;2;1;3;57
201400030193;14;6;21;1835;1;2;1;6;57
201400030194;14;6;23;2250;4;2;1;6;57
201400030195;14;7;6;2000;1;2;1;3;57
201400030196;14;7;8;2350;5;2;1;3;57
201400030197;14;7;15;830;1;2;1;6;57
201400030198;14;7;19;910;3;2;1;6;57
201400030199;14;7;23;1955;1;2;1;3;57
201400030200;14;7;27;2015;1;2;1;6;57
201400030201;14;8;3;2140;4;2;1;6;57
201400030202;14;8;18;2000;1;2;1;6;57
201400030203;14;8;29;1915;1;2;2;3;57
201400030204;14;9;7;1116;1;2;1;6;57
201400030205;14;9;9;1152;1;2;1;6;57
201400030206;14;9;9;1210;1;2;1;6;57
201400030208;14;9;14;2010;2;2;1;3;57
201400030209;14;9;20;1800;1;2;1;3;57
201400030210;14;9;23;1635;1;2;1;6;57
201400030211;14;10;6;1251;1;2;1;3;57
201400030212;14;10;15;1918;5;2;2;3;57
201400030214;14;10;23;1405;1;2;1;3;57
201400030215;14;11;4;820;1;2;2;3;57
201400030216;14;11;4;1655;5;2;2;6;57
201400030217;14;11;8;1335;1;2;1;6;57
201400030218;14;11;9;445;5;2;1;6;57
201400030219;14;11;19;1800;5;2;1;6;57
201400030220;14;11;21;25;5;2;1;6;57
201400030221;14;12;2;1805;5;2;1;3;57
201400030223;14;12;10;800;2;2;2;6;57
201400030224;14;12;10;1745;5;2;2;6;57
201400030225;14;12;11;1800;5;2;2;6;57
201400030226;14;12;16;830;2;2;2;6;57
201400030227;14;12;16;1505;1;2;2;6;57
201400030228;14;12;19;1725;5;2;2;6;57
201400030229;14;12;20;2230;5;2;2;6;57
201400030230;14;1;27;1845;5;2;3;6;33
201400030231;14;6;17;1115;1;1;1;1;33
201400030232;14;8;5;1115;1;2;1;1;33
201400030233;14;7;11;830;1;1;8;6;11
201400030234;14;9;16;730;1;1;8;2;11
201400030235;14;9;17;1715;1;1;1;3;11
201400030236;14;9;19;2230;3;1;1;5;11
201400030237;14;11;10;1345;1;1;1;5;11
201400030238;14;7;23;1200;1;1;1;1;57
201400030239;14;1;6;1815;3;1;3;4;86
201400030363;14;9;27;1515;1;1;1;1;69
201400030364;14;1;16;1715;1;2;8;2;95
201400030365;14;5;21;1615;1;2;1;3;95
201400030366;14;5;24;1615;1;1;2;1;60
201400030367;14;7;25;1245;1;1;1;1;95
201400030368;14;1;23;700;2;1;1;1;95
201400030369;14;3;20;1145;1;2;1;6;95
201400030370;14;3;25;845;1;1;1;6;95
201400030371;14;6;1;1845;1;1;1;1;95
201400030372;14;6;12;1730;1;1;1;4;95
201400030373;14;8;6;2015;1;1;1;7;95
201400030374;14;9;18;2300;5;2;1;1;95
201400030375;14;11;5;1415;1;2;1;6;95
201400030376;14;12;12;1545;1;1;6;7;95
201400030377;14;12;23;745;5;2;1;1;95
201400030378;14;1;13;1500;1;2;7;6;95
201400030379;14;1;17;1500;1;2;1;3;95
201400030380;14;1;25;1530;1;2;1;1;95
201400030381;14;1;29;1530;1;1;1;1;95
201400030382;14;3;3;530;5;2;1;1;95
201400030383;14;3;22;45;3;1;1;6;95
201400030384;14;4;6;130;3;1;1;6;95
201400030385;14;4;27;1100;1;1;8;6;95
201400030386;14;7;13;45;3;2;2;6;95
201400030387;14;7;15;745;1;1;1;6;95
201400030388;14;8;23;1345;1;2;3;3;95
201400030389;14;10;10;845;1;2;1;3;95
201400030390;14;10;11;1845;1;1;1;2;95
201400030391;14;10;16;1130;1;2;1;6;95
201400030392;14;11;2;2015;5;2;2;6;95
201400030393;14;11;6;1000;1;1;1;3;95
201400030394;14;5;27;1045;1;1;1;6;71
201400030395;14;6;4;1200;1;2;2;1;71
201400030406;14;4;20;10;5;2;1;1;59
201400030625;14;8;1;1205;1;1;1;5;59
201400030654;14;1;24;1030;1;2;1;6;59
201400030668;14;2;24;1510;1;2;8;6;59
201400030669;14;2;22;2100;5;1;1;6;59
201400030671;14;2;19;1300;1;2;1;2;59
201400031251;14;7;1;800;1;1;1;3;59
201400031415;14;2;14;1300;1;2;1;6;68
201400031416;14;4;6;1515;1;1;1;7;68
201400031417;14;5;18;1945;1;1;1;7;68
201400031418;14;6;7;1430;1;1;1;3;68
201400031419;14;6;21;1630;1;2;1;3;68
201400031420;14;6;29;530;2;1;3;6;68
201400031421;14;8;21;1045;1;2;1;7;68
201400031422;14;9;25;1645;1;2;1;6;68
201400031423;14;5;28;1445;1;1;7;1;68
201400031424;14;7;2;1630;1;1;1;6;68
201400031425;14;7;6;1545;1;2;1;3;68
201400031426;14;7;28;745;1;1;1;6;68
201400031427;14;8;13;1345;1;2;1;1;68
201400031428;14;9;10;815;1;1;1;2;68
201400031429;14;9;22;1515;1;2;1;6;68
201400031430;14;9;29;1730;1;1;1;6;68
201400031431;14;10;29;1030;1;1;1;1;68
201400031432;14;3;7;800;1;1;1;6;43
201400031433;14;3;7;1145;1;2;1;6;43
201400031434;14;4;24;2315;3;1;1;1;43
201400031437;14;1;21;745;1;2;1;6;41
201400031438;14;1;27;1815;5;2;1;3;41
201400031439;14;2;14;500;3;1;2;1;41
201400031440;14;4;29;1945;1;2;1;3;41
201400031441;14;6;27;1400;1;2;1;5;41
201400031442;14;9;20;1730;1;1;8;6;41
201400031443;14;9;30;1745;1;2;1;3;41
201400031444;14;10;18;1415;1;1;1;3;41
201400031445;14;10;29;1300;1;2;1;5;41
201400031446;14;12;1;1615;1;1;2;5;41
201400031447;14;12;7;745;2;1;5;6;41
201400031448;14;1;7;1845;5;2;1;6;41
201400031449;14;2;14;1345;1;1;1;7;41
201400031450;14;2;27;1515;1;2;4;6;41
201400031451;14;3;24;1400;1;1;1;7;41
201400031452;14;5;30;1700;1;2;1;3;41
201400031453;14;7;10;1145;1;1;3;5;41
201400031454;14;8;6;1500;1;1;3;3;41
201400031455;14;10;22;1700;1;1;1;1;41
201400031475;14;3;16;1630;1;2;1;1;22
201400031476;14;4;20;230;3;1;1;6;22
201400031477;14;5;11;1;3;2;1;6;22
201400031478;14;7;26;1615;1;1;1;3;22
201400031479;14;9;6;1530;1;1;1;3;22
201400031480;14;9;14;1545;1;1;1;3;22
201400031481;14;9;21;1800;1;2;1;3;22
201400031482;14;10;10;1300;1;1;1;1;22
201400031483;14;11;16;1215;1;2;1;3;22
201400031484;14;12;2;1645;1;2;2;6;22
201400031485;14;12;4;1045;1;1;1;7;22
201400031486;14;12;19;830;4;2;3;6;22
201400031487;14;1;17;1100;1;1;1;5;22
201400031488;14;3;10;1615;1;1;1;2;22
201400031489;14;4;15;800;1;2;1;6;22
201400031490;14;5;3;2000;1;1;1;6;22
201400031491;14;5;28;1930;1;1;1;5;22
201400031492;14;6;6;2315;3;1;1;3;22
201400031493;14;6;6;1700;1;1;1;4;22
201400031494;14;7;18;2330;5;1;1;1;22
201400031495;14;10;25;1515;1;1;1;1;22
201400031496;14;11;4;1900;3;1;8;3;22
201400031497;14;12;17;1100;1;1;2;1;22
201400031541;14;4;25;410;3;1;8;6;60
201400031562;14;4;27;200;3;1;2;6;84
201400031563;14;8;23;1530;1;1;1;3;84
201400031564;14;9;15;715;2;2;1;6;84
201400031565;14;1;29;1115;1;1;4;7;2A
201400031566;14;5;28;1130;1;1;1;3;2A
201400031567;14;9;3;1330;1;1;1;7;2A
201400031568;14;10;11;1100;1;1;1;6;2A
201400031569;14;12;28;1330;1;1;1;1;2A
201400031570;14;1;4;1900;1;1;1;3;91
201400031571;14;3;8;1900;2;1;1;3;91
201400031572;14;10;11;1530;1;1;1;6;91
201400031573;14;1;5;1945;3;1;8;1;74
201400031574;14;1;17;1715;1;1;1;6;74
201400031575;14;1;28;1530;1;1;1;6;74
201400031576;14;9;12;1930;1;1;1;6;74
201400031577;14;9;21;2115;3;1;2;2;74
201400031578;14;1;31;1215;1;2;2;3;61
201400031579;14;2;10;750;5;1;5;6;61
201400031580;14;2;21;720;2;2;1;3;61
201400031581;14;3;6;1040;1;1;1;7;61
201400031582;14;3;7;1345;1;2;1;6;61
201400031583;14;5;6;1240;1;2;1;6;61
201400031584;14;5;10;545;5;2;1;7;61
201400031585;14;5;18;200;3;1;1;7;61
201400031586;14;6;7;1910;1;2;1;3;61
201400031587;14;6;24;1610;1;2;1;6;61
201400031588;14;6;21;1045;1;1;1;6;61
201400031589;14;8;7;1930;1;2;1;3;61
201400031590;14;8;25;1325;1;2;2;6;61
201400031591;14;8;28;1050;1;2;1;3;61
201400031592;14;9;6;2210;5;2;1;1;61
201400031593;14;9;11;240;3;2;1;1;61
201400031594;14;9;11;1010;1;2;1;6;61
201400031595;14;9;10;1400;1;2;1;3;61
201400031596;14;9;25;1745;1;2;1;3;61
201400031597;14;11;14;1730;5;2;1;6;61
201400031598;14;12;3;1735;3;2;1;6;61
201400031599;14;12;4;755;5;2;1;1;61
201400031600;14;12;8;1755;5;2;1;6;61
201400031601;14;12;14;1715;5;2;5;6;61
201400031602;14;10;27;1020;1;2;1;6;61
201400031603;14;1;10;1745;5;2;1;3;61
201400031604;14;8;18;1730;1;2;1;6;61
201400031605;14;3;7;745;1;2;1;3;61
201400031606;14;3;18;1040;1;2;1;6;61
201400031607;14;7;1;850;1;2;1;3;61
201400031608;14;8;1;1745;1;1;1;3;61
201400031609;14;10;2;1250;1;2;1;6;61
201400031610;14;10;11;1110;1;2;3;6;61
201400031611;14;12;16;840;1;2;2;6;61
201400031612;14;10;25;2335;5;2;1;2;61
201400031613;14;1;13;845;1;2;1;6;61
201400031614;14;3;11;1545;1;2;1;7;61
201400031615;14;4;26;1405;1;2;2;2;61
201400031616;14;8;14;1405;1;2;1;3;61
201400031617;14;9;18;1730;1;1;1;5;61
201400031618;14;9;20;935;1;2;7;7;61
201400031619;14;10;2;1730;1;2;1;6;61
201400031620;14;9;28;1625;1;1;1;7;61
201400031621;14;10;3;815;1;2;1;3;61
201400031622;14;10;19;1840;1;2;1;3;61
201400031623;14;10;11;1150;1;2;1;1;61
201400031624;14;12;13;915;1;2;3;6;61
201400031625;14;1;30;845;2;1;1;6;16
201400031626;14;2;16;1930;3;1;8;6;16
201400031627;14;5;2;130;3;2;1;6;16
201400031628;14;12;21;900;1;2;5;6;16
201400031629;14;5;22;1245;1;1;1;6;16
201400031630;14;8;11;1445;1;1;1;1;16
201400031631;14;10;20;2345;3;1;1;7;16
201400031632;14;4;12;1355;1;1;1;2;20
201400031633;14;5;11;250;3;1;1;6;20
201400031634;14;7;28;1400;1;1;3;2;20
201400031635;14;9;16;130;3;1;1;6;20
201400031636;14;11;2;215;3;1;1;6;20
201400031637;14;11;21;1300;1;1;1;2;20
201400031638;14;7;11;1615;1;2;1;4;17
201400031639;14;7;17;1745;1;2;1;3;17
201400031640;14;9;30;1800;1;2;1;2;17
201400031641;14;8;1;830;1;2;1;2;17
201400031642;14;8;4;1515;1;1;1;2;17
201400031643;14;8;15;1030;1;2;1;6;17
201400031644;14;10;17;2145;3;1;1;6;17
201400031645;14;11;5;1830;2;1;2;4;17
201400031646;14;12;30;1200;1;1;1;1;17
201400031647;14;7;9;1600;1;1;2;2;60
201400031648;14;8;8;1545;1;2;2;1;60
201400031649;14;10;8;2200;3;1;9;7;60
201400031650;14;10;19;1300;1;2;1;6;60
201400031651;14;10;22;1215;1;2;1;3;60
201400031652;14;11;20;1845;3;1;1;3;60
201400031653;14;12;10;1415;1;1;8;3;60
201400031654;14;12;27;1300;1;1;1;3;62
201400031655;14;1;8;1805;5;2;1;6;62
201400031656;14;1;9;1455;1;2;8;3;62
201400031657;14;1;9;1730;2;2;8;6;62
201400031658;14;1;11;1445;1;1;7;2;62
201400031659;14;1;30;1155;1;2;1;3;62
201400031660;14;2;6;2110;5;2;2;7;62
201400031661;14;2;11;405;5;1;1;1;62
201400031662;14;2;11;1700;2;2;3;3;62
201400031663;14;2;16;510;5;2;2;6;62
201400031664;14;2;16;925;1;1;8;6;62
201400031665;14;2;16;830;1;2;1;2;62
201400031666;14;2;26;1525;1;2;1;6;62
201400031667;14;3;14;1720;1;1;1;3;62
201400031668;14;3;28;130;5;2;1;6;62
201400031669;14;3;29;2150;5;2;1;6;62
201400031670;14;5;15;2200;5;2;1;6;62
201400031671;14;5;22;730;1;1;1;3;62
201400031672;14;6;10;755;1;2;1;7;62
201400031673;14;6;12;1650;1;2;1;6;62
201400031674;14;5;21;1000;1;1;1;2;62
201400031675;14;6;19;240;5;2;1;6;62
201400031676;14;6;27;2025;1;2;1;6;62
201400031677;14;7;1;1445;1;1;1;3;62
201400031678;14;6;24;1820;1;1;1;3;62
201400031679;14;6;11;930;1;1;1;3;62
201400031680;14;7;13;1910;1;2;1;1;62
201400031681;14;6;30;1115;1;2;1;6;62
201400031682;14;8;24;300;5;2;1;3;62
201400031683;14;9;4;1845;1;2;1;3;62
201400031684;14;9;10;1630;1;2;1;6;62
201400031685;14;9;15;1225;1;2;1;3;62
201400031686;14;9;27;1645;1;2;7;6;62
201400031687;14;10;7;1800;2;2;3;6;62
201400031688;14;10;6;820;1;2;1;6;62
201400031689;14;9;30;1015;1;2;1;6;62
201400031690;14;10;22;950;1;2;1;6;62
201400031691;14;10;17;730;2;2;1;6;62
201400031692;14;10;27;1815;3;1;1;3;62
201400031693;14;10;31;1250;1;2;1;6;62
201400031694;14;11;29;1645;2;1;8;2;62
201400031695;14;12;2;930;1;2;8;6;62
201400031696;14;12;6;1720;5;2;1;3;62
201400031697;14;12;6;1915;5;2;8;1;62
201400031698;14;12;12;1630;2;2;2;6;62
201400031699;14;12;18;2330;3;1;2;3;62
201400031700;14;12;23;220;5;2;1;6;62
201400031701;14;12;27;2210;5;2;2;3;62
201400031702;14;1;3;1320;1;1;1;1;62
201400031703;14;1;25;1540;1;1;1;1;62
201400031704;14;1;30;1855;3;2;8;6;62
201400031705;14;2;18;1118;1;2;1;5;62
201400031706;14;2;14;820;1;2;1;3;62
201400031707;14;3;6;1745;1;2;1;3;62
201400031708;14;3;16;1940;5;2;1;6;62
201400031709;14;6;2;2131;1;2;1;1;62
201400031710;14;7;4;1050;1;2;1;6;62
201400031711;14;11;27;2255;4;1;8;7;62
201400031712;14;12;1;930;1;1;1;3;62
201400031713;14;11;22;930;1;2;1;6;62
201400031714;14;1;6;915;1;2;1;3;62
201400031715;14;1;14;750;2;2;3;6;62
201400031716;14;4;21;1540;1;2;8;7;62
201400031717;14;3;29;1600;1;2;1;1;62
201400031718;14;4;6;1350;1;2;1;3;62
201400031719;14;4;9;810;2;2;1;3;62
201400031720;14;4;26;1855;1;2;1;3;62
201400031721;14;5;1;1450;1;2;1;7;62
201400031722;14;5;9;2310;5;2;1;6;62
201400031723;14;5;19;2115;5;2;1;1;62
201400031724;14;6;17;1600;1;2;1;7;62
201400031725;14;6;27;1110;1;2;1;6;62
201400031726;14;7;26;1730;1;2;1;5;62
201400031727;14;7;31;245;5;2;1;6;62
201400031728;14;8;13;1300;1;2;1;3;62
201400031729;14;8;18;955;1;2;1;2;62
201400031730;14;8;24;1955;1;2;1;3;62
201400031731;14;9;12;855;1;2;1;6;62
201400031732;14;9;20;815;1;2;1;3;62
201400031733;14;10;6;1835;1;2;2;3;62
201400031734;14;10;6;2130;3;1;2;7;62
201400031735;14;10;10;1315;1;2;1;2;62
201400031736;14;10;18;1710;1;2;1;3;62
201400031737;14;11;8;1910;5;2;1;3;62
201400031738;14;11;5;1205;1;2;1;6;62
201400031739;14;12;3;2030;5;2;1;6;62
201400031740;14;12;20;9;3;1;2;1;62
201400031741;14;4;12;940;1;2;1;2;62
201400031742;14;5;26;2045;2;2;3;3;62
201400031743;14;8;14;1530;1;2;1;6;62
201400031744;14;9;13;1330;1;2;1;3;62
201400031745;14;10;2;2340;5;2;1;6;62
201400031746;14;10;18;2040;5;2;1;3;62
201400031747;14;10;31;100;5;2;1;7;62
201400031748;14;12;16;1440;1;2;1;6;62
201400031749;14;1;5;940;1;2;1;6;62
201400031750;14;1;3;1220;1;2;1;6;62
201400031751;14;1;8;750;5;2;2;3;62
201400031752;14;1;11;1530;1;2;1;3;62
201400031753;14;1;16;750;2;2;2;6;62
201400031754;14;1;17;2020;5;2;2;1;62
201400031755;14;1;28;1900;3;1;2;7;62
201400031756;14;2;9;200;5;2;6;6;62
201400031757;14;2;15;955;1;2;1;6;62
201400031758;14;2;27;1545;1;1;1;7;62
201400031759;14;3;9;1330;1;2;1;6;62
201400031760;14;4;15;1745;1;2;1;6;62
201400031761;14;4;26;820;1;2;1;3;62
201400031762;14;5;18;2158;5;2;1;7;62
201400031763;14;5;24;1020;1;2;1;3;62
201400031764;14;5;28;1850;1;1;1;5;62
201400031765;14;5;30;810;1;2;1;3;62
201400031766;14;6;15;2000;1;2;1;6;62
201400031767;14;6;6;1345;1;1;1;6;62
201400031768;14;8;1;920;1;2;1;6;62
201400031769;14;8;16;2215;4;1;1;7;62
201400031770;14;8;11;1330;1;1;2;3;62
201400031771;14;8;12;2040;2;2;1;3;62
201400031772;14;8;12;1850;1;2;1;6;62
201400031773;14;9;8;1730;1;1;1;3;62
201400031774;14;9;15;1340;1;2;1;6;62
201400031775;14;9;30;1940;2;2;1;3;62
201400031776;14;10;6;1735;1;2;2;6;62
201400031777;14;9;26;1640;1;2;1;6;62
201400031778;14;10;8;1710;1;2;1;3;62
201400031779;14;10;14;2335;5;2;2;3;62
201400031780;14;10;30;2015;3;1;1;5;62
201400031781;14;11;2;930;1;2;1;6;62
201400031782;14;10;12;1020;1;2;1;3;62
201400031783;14;11;20;730;5;1;1;6;62
201400031784;14;11;23;645;5;2;8;6;62
201400031785;14;11;27;1735;1;2;8;6;62
201400031786;14;11;20;945;1;1;1;6;62
201400031787;14;11;7;1640;1;2;2;3;62
201400031788;14;12;7;1340;1;2;1;1;62
201400031789;14;12;27;2105;3;1;2;6;62
201400031790;14;1;11;1045;1;2;8;6;62
201400031791;14;1;13;1545;1;2;7;6;62
201400031792;14;1;25;1900;4;2;3;6;62
201400031793;14;2;3;1625;1;2;7;6;62
201400031794;14;2;4;1020;1;2;1;2;62
201400031795;14;2;26;1730;1;2;1;6;62
201400031796;14;3;5;220;5;2;1;6;62
201400031797;14;3;24;820;1;2;1;6;62
201400031798;14;5;18;1115;1;2;1;3;62
201400031799;14;4;12;1015;1;2;1;6;62
201400031800;14;5;25;215;5;2;1;7;62
201400031801;14;6;28;1740;1;2;1;1;62
201400031802;14;7;10;2130;1;2;8;3;62
201400031803;14;7;30;2115;2;2;1;2;62
201400031804;14;8;17;1250;1;2;8;6;62
201400031805;14;9;24;1230;1;2;1;3;62
201400031806;14;10;4;120;3;1;1;6;62
201400031807;14;10;6;1205;1;2;8;3;62
201400031808;14;10;28;840;1;2;7;3;62
201400031809;14;11;1;815;1;2;8;1;62
201400031810;14;10;21;1825;5;1;1;6;62
201400031811;14;12;8;1655;2;2;1;6;62
201400031812;14;12;26;1720;5;1;3;6;62
201400031813;14;1;8;1545;1;1;1;6;62
201400031814;14;2;12;755;1;1;1;5;62
201400031815;14;3;1;15;5;2;2;6;62
201400031816;14;3;20;2020;5;2;1;6;62
201400031817;14;4;10;1705;1;2;1;3;62
201400031818;14;5;1;700;1;2;1;7;62
201400031819;14;6;9;1845;1;2;2;3;62
201400031820;14;6;11;1710;1;2;1;6;62
201400031821;14;6;17;1155;1;2;1;6;62
201400031822;14;6;22;1225;1;2;1;2;62
201400031823;14;8;3;640;1;1;1;7;62
201400031824;14;9;11;1325;1;2;1;1;62
201400031825;14;9;22;1355;1;2;1;3;62
201400031826;14;10;13;1015;1;2;1;1;62
201400031827;14;11;28;1515;1;2;8;1;62
201400031828;14;12;7;1150;1;2;8;1;62
201400031829;14;12;9;1655;2;2;1;1;62
201400031830;14;12;21;1945;5;2;8;1;62
201400031831;14;5;21;1805;1;2;1;3;62
201400031832;14;1;2;1415;1;2;2;6;62
201400031833;14;1;28;1015;1;2;7;6;62
201400031834;14;1;7;820;2;2;1;6;62
201400031835;14;1;11;1300;1;2;7;6;62
201400031836;14;2;8;140;5;2;2;6;62
201400031837;14;2;6;1200;1;2;1;6;62
201400031838;14;1;29;1415;1;2;1;3;62
201400031839;14;3;20;1655;1;2;1;3;62
201400031840;14;4;1;1325;1;2;1;6;62
201400031841;14;4;8;1855;1;2;1;6;62
201400031842;14;4;20;1735;1;2;1;2;62
201400031844;14;5;2;1700;1;2;1;3;62
201400031845;14;5;16;1610;1;2;1;3;62
201400031846;14;5;24;1540;1;2;1;6;62
201400031847;14;6;7;1950;1;2;1;3;62
201400031848;14;6;16;1605;1;2;1;3;62
201400031849;14;7;6;1800;1;2;1;1;62
201400031850;14;7;11;1745;1;2;1;1;62
201400031851;14;8;1;1200;1;2;1;6;62
201400031852;14;8;10;1755;1;2;6;3;62
201400031853;14;8;27;1945;2;2;1;6;62
201400031854;14;9;3;1355;1;1;1;1;62
201400031855;14;9;5;1720;1;2;1;2;62
201400031856;14;9;16;1330;1;2;7;2;62
201400031857;14;10;1;845;1;2;1;6;62
201400031858;14;10;5;200;5;2;1;6;62
201400031859;14;10;7;945;1;2;1;6;62
201400031860;14;10;12;2045;3;1;3;6;62
201400031861;14;10;16;1205;1;1;2;6;62
201400031862;14;10;26;1050;1;2;1;6;62
201400031863;14;11;16;235;5;2;1;6;62
201400031864;14;11;19;2350;5;2;1;3;62
201400031865;14;11;15;1655;2;2;1;6;62
201400031866;14;11;23;1150;1;2;1;3;62
201400031867;14;11;25;700;2;1;1;6;62
201400031868;14;11;28;55;3;1;8;6;62
201400031869;14;12;4;1815;5;2;1;3;62
201400031870;14;12;12;2020;3;1;1;3;62
201400031871;14;11;28;1720;5;2;1;4;62
201400031872;14;1;10;700;5;2;1;6;62
201400031873;14;1;17;1410;1;1;1;3;62
201400031874;14;2;6;1120;1;2;2;3;62
201400031875;14;1;27;1710;2;2;2;6;62
201400031876;14;2;24;15;3;1;1;2;62
201400031877;14;3;23;1350;1;2;2;3;62
201400031878;14;4;7;2140;3;1;8;2;62
201400031879;14;3;22;1515;1;2;7;1;62
201400031880;14;4;10;1630;1;2;1;3;62
201400031881;14;4;16;1730;1;2;1;5;62
201400031882;14;5;3;1600;1;2;1;3;62
201400031883;14;5;16;1430;1;2;1;1;62
201400031884;14;4;23;1625;1;2;1;2;62
201400031885;14;5;5;720;1;1;1;2;62
201400031886;14;6;8;1430;1;2;1;3;62
201400031887;14;6;7;2030;1;2;1;3;62
201400031888;14;6;10;1815;1;2;1;6;62
201400031889;14;6;10;1930;1;2;1;3;62
201400031890;14;6;20;1445;1;1;1;2;62
201400031891;14;7;4;20;5;2;1;3;62
201400031892;14;7;13;30;5;2;1;5;62
201400031893;14;7;25;1640;1;2;1;6;62
201400031894;14;7;27;215;5;2;1;6;62
201400031895;14;7;3;1850;1;1;1;3;62
201400031896;14;8;8;1310;1;2;2;6;62
201400031897;14;8;24;445;5;2;1;6;62
201400031898;14;9;10;1755;1;2;1;3;62
201400031899;14;9;12;1700;1;2;7;3;62
201400031900;14;8;28;2030;2;2;1;3;62
201400031901;14;10;10;1815;1;2;1;6;62
201400031902;14;9;6;1350;1;2;1;1;62
201400031903;14;10;7;1000;1;2;2;1;62
201400031904;14;10;21;1845;3;1;1;4;62
201400031905;14;11;6;715;2;1;1;4;62
201400031906;14;12;6;1225;1;1;1;3;62
201400031907;14;12;1;730;2;2;2;3;62
201400031908;14;12;26;1900;5;2;1;3;62
201400031909;14;12;8;1200;1;2;1;3;62
201400031910;14;11;8;425;3;2;1;6;62
201400031911;14;1;24;1245;1;2;1;6;62
201400031912;14;2;7;1545;1;2;1;6;62
201400031913;14;2;16;920;1;2;1;6;62
201400031914;14;1;20;1215;1;2;1;6;62
201400031915;14;2;23;1300;1;2;1;6;62
201400031916;14;2;11;1225;1;2;3;3;62
201400031917;14;4;11;1505;1;1;1;6;62
201400031918;14;4;19;1615;1;2;1;6;62
201400031919;14;4;17;1425;1;2;1;6;62
201400031920;14;4;22;2145;5;2;1;6;62
201400031921;14;4;5;2200;5;2;1;3;62
201400031922;14;4;28;1925;1;2;1;6;62
201400031923;14;4;11;1330;1;2;1;6;62
201400031924;14;4;23;1810;1;2;1;3;62
201400031925;14;4;10;1750;1;2;1;6;62
201400031926;14;5;23;755;1;1;1;5;62
201400031927;14;5;21;1010;1;2;8;6;62
201400031928;14;6;1;1915;1;2;1;3;62
201400031929;14;6;7;800;2;1;1;6;62
201400031930;14;6;7;1840;1;2;1;6;62
201400031931;14;6;7;1930;1;2;1;6;62
201400031932;14;6;9;1315;1;2;2;1;62
201400031933;14;5;16;1730;1;2;1;6;62
201400031934;14;6;20;850;1;2;1;3;62
201400031935;14;7;4;30;5;2;1;6;62
201400031936;14;6;24;1740;1;2;1;3;62
201400031937;14;9;12;450;3;1;1;1;62
201400031938;14;8;28;1040;1;2;1;6;62
201400031939;14;9;23;1110;1;2;1;2;62
201400031940;14;10;11;1215;1;2;1;6;62
201400031941;14;9;23;1115;1;1;1;3;62
201400031942;14;10;25;2150;5;2;1;7;62
201400031943;14;9;27;1440;1;2;1;2;62
201400031944;14;10;31;1725;2;2;1;3;62
201400031945;14;11;8;630;5;1;1;3;62
201400031946;14;10;17;2140;5;2;1;1;62
201400031947;14;11;27;1520;1;2;1;3;62
201400031948;14;12;4;1755;2;2;1;3;62
201400031949;14;11;22;730;2;2;1;2;62
201400031950;14;12;11;2225;5;2;1;1;62
201400031951;14;11;15;1345;1;2;1;2;62