Num_Acc;an;mois;jour;hrmn;lum;agg;atm;col;dep
201400031952;14;1;16;2120;5;2;1;6;62
201400031953;14;12;24;1700;5;2;3;3;62
201400031954;14;1;17;1910;5;2;2;3;62
201400031955;14;12;24;1455;1;2;3;2;62
201400031956;14;1;3;1035;1;2;2;6;62
201400031957;14;1;11;1130;1;2;1;3;62
201400031958;14;3;1;400;5;2;1;3;62
201400031959;14;3;8;100;5;2;1;6;62
201400031960;14;3;11;1805;1;2;1;6;62
201400031961;14;3;22;1330;1;2;1;3;62
201400031962;14;4;10;1000;1;2;1;6;62
201400031963;14;4;12;2115;5;2;1;6;62
201400031964;14;3;29;1730;1;2;1;3;62
201400031965;14;4;10;835;1;2;1;6;62
201400031966;14;5;4;1600;1;1;1;2;62
201400031967;14;5;15;1855;1;2;1;6;62
201400031968;14;5;17;1610;1;2;1;1;62
201400031969;14;5;28;1135;1;2;1;2;62
201400031970;14;5;22;1630;1;1;1;2;62
201400031971;14;3;29;700;1;2;1;3;62
201400031972;14;3;5;1325;1;2;1;3;62
201400031973;14;6;28;430;5;2;1;6;62
201400031974;14;4;25;1400;1;2;1;3;62
201400031975;14;4;19;1650;1;2;1;6;62
201400031976;14;5;25;945;1;2;1;6;62
201400031977;14;5;18;1700;1;2;1;6;62
201400031978;14;6;13;1050;1;2;1;6;62
201400031979;14;7;7;2140;2;2;1;6;62
201400031980;14;7;31;1530;1;2;1;6;62
201400031981;14;8;2;525;2;2;1;6;62
201400031982;14;8;4;1745;2;2;1;2;62
201400031983;14;8;9;2320;5;1;1;6;62
201400031984;14;8;17;45;5;2;1;6;62
201400031985;14;8;13;1935;1;2;1;6;62
201400031986;14;9;7;1715;1;2;1;3;62
201400031987;14;8;28;1000;1;2;1;6;62
201400031988;14;9;3;925;1;2;1;3;62
201400031989;14;9;22;1420;1;2;1;6;62
201400031990;14;9;15;1735;1;2;1;2;62
201400031991;14;9;17;905;1;2;1;6;62
201400031992;14;9;30;1250;1;2;1;2;62
201400031993;14;9;2;940;1;2;1;6;62
201400031994;14;10;8;610;5;2;8;7;62
201400031995;14;9;28;35;4;2;1;3;62
201400031996;14;10;9;940;1;2;1;6;62
201400031997;14;10;9;810;1;2;1;5;62
201400031998;14;11;4;1700;1;1;1;5;62
201400031999;14;10;8;1150;1;2;8;6;62
201400032000;14;10;24;1900;3;1;2;1;62
201400032001;14;11;3;1425;1;2;3;6;62
201400032002;14;12;2;750;1;2;1;6;62
201400032003;14;12;11;720;2;2;3;3;62
201400032004;14;1;6;1330;1;2;2;3;62
201400032005;14;12;20;830;1;2;1;7;62
201400032006;14;2;15;1820;1;2;1;3;62
201400032007;14;2;14;2010;2;1;1;7;62
201400032008;14;2;1;2000;5;2;1;6;62
201400032009;14;3;8;1915;2;2;1;3;62
201400032010;14;3;12;1950;1;2;1;2;62
201400032011;14;3;22;1220;1;2;4;3;62
201400032012;14;3;28;1200;1;2;1;7;62
201400032013;14;4;4;1445;1;1;1;3;62
201400032014;14;4;8;755;1;2;1;6;62
201400032015;14;4;21;2155;5;2;1;6;62
201400032016;14;4;29;740;1;2;1;6;62
201400032017;14;4;28;1345;1;2;1;6;62
201400032018;14;5;7;2130;2;2;1;1;62
201400032019;14;5;13;1430;1;2;1;3;62
201400032020;14;5;19;1715;1;2;1;7;62
201400032021;14;6;2;2100;1;2;1;6;62
201400032022;14;6;5;2310;5;2;1;5;62
201400032023;14;6;13;1930;1;2;1;3;62
201400032024;14;6;26;2105;1;2;1;3;62
201400032025;14;7;2;1505;1;2;1;3;62
201400032026;14;7;28;1215;1;2;1;7;62
201400032027;14;8;2;1625;1;2;1;3;62
201400032028;14;8;5;1820;1;1;1;6;62
201400032029;14;8;14;2345;5;2;1;3;62
201400032030;14;8;21;45;5;2;1;3;62
201400032031;14;8;30;1230;1;2;1;7;62
201400032032;14;9;15;1840;1;2;1;3;62
201400032033;14;9;17;930;1;2;1;7;62
201400032034;14;10;6;1750;1;2;1;3;62
201400032035;14;10;11;1900;1;2;1;1;62
201400032036;14;11;2;2300;5;2;2;1;62
201400032037;14;11;12;1645;1;2;1;7;62
201400032038;14;11;19;805;1;2;1;2;62
201400032039;14;11;16;1430;1;1;1;3;62
201400032040;14;12;1;700;2;2;1;3;62
201400032041;14;12;11;1850;2;2;1;7;62
201400032042;14;12;5;1730;2;2;1;3;62
201400032043;14;12;21;1855;2;2;1;7;62
201400032044;14;3;16;1700;1;2;1;6;62
201400032045;14;3;27;2305;5;2;1;6;62
201400032046;14;8;2;1320;1;1;1;3;62
201400032047;14;8;16;1805;1;1;1;5;62
201400032048;14;1;22;1600;1;2;2;1;62
201400032049;14;4;9;1720;1;2;1;3;62
201400032050;14;2;8;1935;5;2;1;6;62
201400032051;14;3;22;1710;1;2;1;6;62
201400032052;14;3;28;810;1;2;1;6;62
201400032053;14;4;13;1923;1;1;1;1;62
201400032054;14;4;21;1225;1;2;1;3;62
201400032055;14;5;15;830;1;2;1;6;62
201400032056;14;6;1;2050;2;1;1;7;62
201400032057;14;7;19;1630;1;1;1;7;62
201400032058;14;8;6;2010;1;2;1;1;62
201400032059;14;8;28;1718;1;1;1;1;62
201400032060;14;8;31;650;2;1;1;6;62
201400032061;14;8;12;900;1;2;1;6;62
201400032062;14;9;6;455;5;2;1;6;62
201400032063;14;11;3;2055;5;2;2;6;62
201400032064;14;8;23;2300;5;2;2;6;62
201400032065;14;1;13;1130;1;2;1;6;62
201400032066;14;1;17;1740;5;2;2;6;62
201400032067;14;2;4;1310;1;1;1;3;62
201400032068;14;2;20;740;2;2;2;6;62
201400032069;14;5;26;1855;1;2;2;3;62
201400032070;14;7;14;2015;1;2;1;6;62
201400032071;14;8;6;1910;1;2;1;3;62
201400032072;14;10;31;1000;1;2;7;6;62
201400032073;14;11;11;1945;5;2;1;3;62
201400032074;14;9;25;1535;1;2;1;6;62
201400032075;14;2;15;1150;1;2;1;3;62
201400032076;14;3;16;700;2;2;1;6;62
201400032077;14;4;13;1150;1;2;1;3;62
201400032078;14;4;21;430;5;2;1;6;62
201400032079;14;6;12;1220;1;2;1;6;62
201400032080;14;7;11;10;5;2;3;7;62
201400032081;14;7;22;1755;1;2;1;6;62
201400032082;14;8;10;510;5;2;2;3;62
201400032083;14;8;18;955;1;2;1;3;62
201400032084;14;8;13;755;2;2;1;2;62
201400032085;14;8;20;1525;1;2;1;1;62
201400032086;14;8;23;1425;1;2;1;6;62
201400032087;14;9;13;2000;2;2;1;3;62
201400032088;14;10;2;1210;1;2;1;4;62
201400032089;14;10;3;1030;1;2;1;6;62
201400032090;14;12;23;1130;1;2;2;1;62
201400032092;14;1;4;910;1;2;1;3;63
201400032095;14;1;10;2100;5;2;1;3;63
201400032103;14;2;14;1837;2;2;1;6;63
201400032107;14;3;13;2049;5;2;1;6;63
201400032108;14;3;9;2020;5;2;1;7;63
201400032109;14;3;15;1956;2;2;1;3;63
201400032111;14;3;16;1325;1;2;1;6;63
201400032121;14;4;23;1105;1;2;1;2;63
201400032124;14;5;28;1950;1;2;1;6;63
201400032128;14;6;6;1629;1;2;1;6;63
201400032129;14;6;4;1810;1;2;1;6;63
201400032130;14;6;11;1210;1;2;1;3;63
201400032131;14;6;13;1810;1;2;1;6;63
201400032137;14;7;9;435;5;2;1;6;63
201400032138;14;7;12;200;5;2;1;2;63
201400032139;14;7;13;640;1;2;1;6;63
201400032142;14;7;18;1545;1;2;1;2;63
201400032143;14;7;20;450;5;2;3;3;63
201400032145;14;7;31;1940;1;2;1;6;63
201400032146;14;8;6;2214;5;2;1;6;63
201400032147;14;8;11;2000;1;2;1;6;63
201400032148;14;8;5;1215;1;2;1;3;63
201400032150;14;8;19;1909;1;2;1;1;63
201400032153;14;8;21;1430;1;2;1;3;63
201400032154;14;8;30;2140;5;2;1;3;63
201400032155;14;9;3;1820;1;2;1;3;63
201400032156;14;9;6;11;5;1;1;3;63
201400032157;14;9;7;1850;1;2;1;6;63
201400032158;14;9;5;1620;1;2;1;6;63
201400032160;14;9;26;730;2;2;1;3;63
201400032161;14;9;16;730;2;2;1;3;63
201400032164;14;10;15;1350;1;2;1;6;63
201400032165;14;10;17;1110;1;2;1;6;63
201400032167;14;10;28;845;1;2;1;6;63
201400032171;14;11;4;1130;1;2;8;3;63
201400032172;14;11;22;230;5;2;1;7;63
201400032178;14;11;28;1730;2;1;1;3;63
201400032179;14;11;30;845;1;2;1;6;63
201400032180;14;11;28;1903;5;2;3;5;63
201400032182;14;11;29;1600;1;2;8;6;63
201400032184;14;12;5;1350;1;2;1;6;63
201400032187;14;12;14;2300;5;2;8;3;63
201400032188;14;12;11;1450;1;2;1;6;63
201400032189;14;12;12;1100;1;2;1;6;63
201400032190;14;12;22;1510;1;2;1;3;63
201400032191;14;12;25;2210;5;2;1;6;63
201400032193;14;1;11;1415;1;2;1;6;63
201400032194;14;1;20;800;2;2;2;6;63
201400032195;14;1;24;955;1;2;2;3;63
201400032198;14;1;30;2340;5;2;1;6;63
201400032200;14;2;11;950;1;2;1;6;63
201400032201;14;2;19;1740;1;1;1;7;63
201400032202;14;2;25;805;2;2;1;6;63
201400032203;14;3;1;1555;1;2;1;3;63
201400032205;14;3;9;945;1;2;1;7;63
201400032206;14;3;12;835;1;2;1;6;63
201400032209;14;4;4;855;1;2;1;3;63
201400032210;14;4;23;1600;1;2;1;6;63
201400032211;14;4;22;1820;1;2;1;2;63
201400032212;14;4;28;414;5;2;1;2;63
201400032213;14;4;25;1710;1;1;2;3;63
201400032214;14;4;26;1855;1;1;2;1;63
201400032215;14;4;30;1340;1;2;2;7;63
201400032217;14;5;30;935;1;2;1;6;63
201400032218;14;7;5;1840;1;2;1;3;63
201400032219;14;7;7;1630;1;2;1;6;63
201400032220;14;8;2;735;1;2;1;7;63
201400032222;14;8;29;2015;5;2;1;3;63
201400032223;14;9;7;1715;1;2;1;3;63
201400032224;14;9;29;1023;1;2;2;3;63
201400032225;14;10;6;815;2;2;1;6;63
201400032226;14;11;27;1400;1;2;1;3;63
201400032228;14;4;17;1800;1;2;1;6;63
201400032229;14;6;2;1920;1;2;1;6;63
201400032230;14;6;18;2030;2;2;1;6;63
201400032231;14;6;21;1115;1;2;1;6;63
201400032232;14;6;20;1400;1;2;1;6;63
201400032233;14;7;10;1630;1;1;2;6;63
201400032234;14;9;13;1720;1;2;1;6;63
201400032235;14;9;25;2025;3;2;1;6;63
201400032236;14;10;24;1430;1;2;1;6;63
201400032237;14;11;23;1730;3;2;1;6;63
201400032238;14;11;21;1400;1;2;1;3;63
201400032239;14;12;5;1730;3;2;1;2;63
201400032240;14;1;12;1910;3;1;1;5;63
201400032241;14;1;24;1810;2;2;2;6;63
201400032242;14;3;17;1445;1;2;1;6;63
201400032243;14;4;12;1015;1;2;1;6;63
201400032244;14;6;19;800;1;2;5;3;63
201400032245;14;7;18;755;1;1;1;3;63
201400032246;14;7;23;1750;1;2;1;6;63
201400032247;14;8;5;1720;1;1;1;3;63
201400032248;14;8;17;1715;1;2;1;6;63
201400032249;14;10;14;1915;5;2;2;6;63
201400032250;14;11;6;1900;3;1;1;1;63
201400032251;14;11;27;735;2;2;8;6;63
201400032275;14;3;25;2125;5;2;3;3;64
201400032296;14;6;3;1750;1;2;1;1;64
201400032297;14;6;4;650;2;2;2;7;64
201400032298;14;6;5;1500;1;2;1;4;64
201400032299;14;6;11;1540;1;2;1;2;64
201400032300;14;6;13;2120;1;2;1;3;64
201400032301;14;6;15;700;1;2;1;3;64
201400032302;14;6;15;2315;5;2;1;7;64
201400032303;14;6;17;1950;1;2;1;1;64
201400032304;14;6;20;225;5;2;1;7;64
201400032305;14;6;21;1740;1;2;1;3;64
201400032306;14;6;23;935;1;2;1;7;64
201400032307;14;6;24;1320;1;2;1;5;64
201400032308;14;6;28;1510;1;2;1;3;64
201400032309;14;7;1;1345;1;2;2;7;64
201400032310;14;7;9;1210;1;2;8;3;64
201400032311;14;7;9;1520;1;2;1;2;64
201400032313;14;7;17;2200;2;2;1;6;64
201400032314;14;7;22;910;1;2;1;3;64
201400032315;14;7;23;2305;5;2;1;7;64
201400032317;14;7;26;555;5;2;8;7;64
201400032319;14;7;29;1530;1;2;1;2;64
201400032321;14;8;6;1810;1;2;1;3;64
201400032324;14;8;14;718;1;2;2;7;64
201400032325;14;8;18;1645;1;2;1;4;64
201400032326;14;8;20;1554;1;2;8;3;64
201400032327;14;8;20;2240;5;2;1;3;64
201400032328;14;9;2;1740;1;2;1;7;64
201400032329;14;9;10;1000;1;2;1;7;64
201400032330;14;9;10;1545;1;2;1;3;64
201400032332;14;9;14;1925;1;2;1;7;64
201400032336;14;9;30;755;1;2;2;5;64
201400032337;14;9;30;1200;1;2;8;7;64
201400032338;14;10;1;1725;1;2;1;7;64
201400032339;14;10;1;1835;1;2;1;6;64
201400032340;14;10;3;2250;5;2;1;3;64
201400032341;14;10;6;1625;1;2;1;7;64
201400032342;14;10;7;550;5;2;1;7;64
201400032345;14;10;14;1250;1;2;1;2;64
201400032346;14;10;16;1835;1;2;1;6;64
201400032348;14;10;19;835;1;2;1;7;64
201400032349;14;10;24;1120;1;2;1;7;64
201400032350;14;10;24;1135;1;2;1;3;64
201400032351;14;10;26;1405;1;2;1;3;64
201400032352;14;10;28;1650;1;2;1;6;64
201400032354;14;10;30;1820;2;2;1;7;64
201400032356;14;11;3;1900;5;2;2;1;64
201400032357;14;11;3;1825;5;2;2;7;64
201400032358;14;11;8;2030;5;2;1;2;64
201400032359;14;11;19;1322;1;2;1;3;64
201400032360;14;11;20;1831;5;2;1;6;64
201400032361;14;11;28;1800;2;2;1;3;64
201400032362;14;11;30;1520;1;2;8;7;64
201400032363;14;11;30;1740;5;2;2;7;64
201400032366;14;12;12;1605;1;2;1;7;64
201400032367;14;12;18;800;1;2;2;6;64
201400032369;14;12;26;1840;5;2;2;3;64
201400032378;14;4;16;2000;1;2;1;3;64
201400032385;14;6;15;1035;1;2;1;2;64
201400032386;14;6;17;515;5;2;1;7;64
201400032387;14;6;17;1120;1;2;1;1;64
201400032388;14;6;21;1610;1;2;1;6;64
201400032389;14;6;22;940;1;2;1;7;64
201400032390;14;6;27;2210;5;2;8;3;64
201400032391;14;6;28;1555;1;2;1;7;64
201400032392;14;6;29;430;5;2;9;6;64
201400032393;14;7;9;357;5;2;1;6;64
201400032394;14;7;15;235;5;2;1;6;64
201400032395;14;7;16;1735;1;2;1;1;64
201400032397;14;7;21;950;1;2;1;3;64
201400032400;14;8;3;2300;5;2;2;2;64
201400032401;14;8;5;1500;1;2;1;2;64
201400032402;14;7;5;1500;1;2;1;2;64
201400032403;14;8;6;1135;1;2;1;6;64
201400032404;14;8;9;1835;1;2;1;6;64
201400032405;14;8;10;1335;1;2;1;3;64
201400032406;14;8;17;1135;1;2;1;6;64
201400032407;14;8;23;1200;1;2;1;6;64
201400032408;14;8;28;30;5;2;1;6;64
201400032409;14;9;1;935;1;2;1;5;64
201400032410;14;9;3;1555;1;2;1;3;64
201400032411;14;9;3;1925;1;2;1;3;64
201400032412;14;9;11;1850;1;2;1;3;64
201400032413;14;9;14;1610;1;2;1;6;64
201400032414;14;9;17;1105;1;2;1;3;64
201400032416;14;10;3;850;1;2;9;7;64
201400032417;14;10;10;1700;1;2;1;6;64
201400032419;14;11;2;1250;1;2;1;7;64
201400032421;14;11;7;900;1;2;1;6;64
201400032422;14;11;10;1044;1;2;1;6;64
201400032425;14;12;7;1100;1;2;1;3;64
201400032426;14;12;12;408;3;2;2;7;64
201400032427;14;12;12;930;1;2;1;3;64
201400032428;14;12;15;1400;1;2;1;3;64
201400032433;14;1;8;750;3;1;1;6;64
201400032556;14;6;1;1711;1;2;1;6;64
201400032557;14;6;2;950;1;2;1;3;64
201400032559;14;6;5;2350;5;2;1;3;64
201400032560;14;6;6;1315;1;2;1;2;64
201400032561;14;6;6;1325;1;2;1;3;64
201400032562;14;6;7;1225;1;2;1;2;64
201400032563;14;6;10;1435;1;2;1;3;64
201400032564;14;6;12;1810;1;2;1;3;64
201400032565;14;6;18;1315;1;2;1;6;64
201400032566;14;6;19;1840;1;2;1;3;64
201400032567;14;6;20;1235;1;1;1;2;64
201400032568;14;6;20;1245;1;2;1;6;64
201400032569;14;6;22;1110;1;2;1;3;64
201400032570;14;6;25;1010;1;2;1;3;64
201400032571;14;6;25;1515;1;2;1;2;64
201400032572;14;6;27;845;1;2;1;6;64
201400032573;14;6;27;1010;1;2;1;3;64
201400032574;14;6;21;2135;5;2;1;6;64
201400032575;14;7;1;1930;1;2;2;2;64
201400032576;14;7;3;1030;1;2;1;3;64
201400032577;14;7;3;1930;1;2;2;3;64
201400032578;14;7;4;850;1;2;2;3;64
201400032579;14;7;11;1720;1;2;1;6;64
201400032580;14;7;16;1840;1;2;1;3;64
201400032582;14;7;17;1850;1;2;1;3;64
201400032583;14;7;18;1750;1;2;1;3;64
201400032584;14;7;19;1540;1;2;1;3;64
201400032585;14;7;19;1905;1;2;1;3;64
201400032586;14;7;21;1210;1;2;1;6;64
201400032588;14;7;27;2020;1;2;1;6;64
201400032590;14;8;1;1750;1;2;2;3;64
201400032591;14;8;2;1615;1;2;1;3;64
201400032592;14;8;3;1745;1;2;1;6;64
201400032593;14;8;3;1930;1;2;1;3;64
201400032594;14;8;4;1710;1;2;1;3;64
201400032595;14;8;6;1722;1;2;1;6;64
201400032596;14;8;8;1035;1;2;1;2;64
201400032598;14;8;18;800;1;2;1;3;64
201400032599;14;8;23;2255;5;2;1;3;64
201400032600;14;8;25;2320;5;2;1;3;64
201400032601;14;8;27;1410;1;2;1;3;64
201400032603;14;8;29;2340;5;2;1;2;64
201400032604;14;9;1;1142;1;2;1;3;64
201400032605;14;9;4;1820;1;2;1;3;64
201400032608;14;9;9;1005;1;2;1;6;64
201400032610;14;9;10;1632;1;2;1;6;64
201400032611;14;9;11;1917;1;2;1;3;64
201400032612;14;9;12;740;1;2;1;2;64
201400032613;14;9;13;1829;1;2;1;6;64
201400032614;14;9;15;1445;1;2;1;3;64
201400032615;14;9;16;835;1;2;1;2;64
201400032616;14;9;17;935;1;2;1;6;64
201400032618;14;9;19;749;1;2;1;3;64
201400032619;14;9;19;830;1;2;1;6;64
201400032620;14;9;19;1745;1;2;1;6;64
201400032622;14;9;21;925;1;2;1;6;64
201400032624;14;9;23;1643;1;2;1;2;64
201400032626;14;9;24;1555;1;2;1;2;64
201400032627;14;9;24;1743;1;2;1;3;64
201400032629;14;9;29;1159;1;2;1;2;64
201400032630;14;9;25;1712;1;2;1;1;64
201400032631;14;9;25;1955;1;2;1;3;64
201400032633;14;9;27;225;5;2;1;1;64
201400032634;14;9;28;1;5;2;1;6;64
201400032635;14;9;29;1705;1;2;1;3;64
201400032636;14;9;30;1000;1;2;1;5;64
201400032637;14;10;2;742;2;2;5;3;64
201400032638;14;10;2;1124;1;2;1;3;64
201400032639;14;10;3;2035;5;2;1;3;64
201400032640;14;10;4;1212;1;2;1;3;64
201400032641;14;10;5;1818;1;2;1;3;64
201400032642;14;10;6;1045;1;2;1;3;64
201400032643;14;10;6;1822;1;2;1;6;64
201400032644;14;10;7;1755;1;2;1;6;64
201400032645;14;10;9;1819;2;2;2;3;64
201400032646;14;10;10;1700;1;2;2;6;64
201400032648;14;10;11;610;3;2;2;1;64
201400032649;14;10;11;857;2;2;1;6;64
201400032650;14;10;11;1303;1;2;1;3;64
201400032652;14;10;12;1155;1;2;1;3;64
201400032654;14;10;15;1209;1;2;1;6;64
201400032655;14;10;16;803;2;2;1;3;64
201400032656;14;10;16;1229;1;2;1;3;64
201400032657;14;10;17;745;1;2;1;3;64
201400032658;14;10;18;700;5;2;1;3;64
201400032659;14;10;18;2011;5;2;1;2;64
201400032660;14;10;19;1640;1;2;1;3;64
201400032661;14;10;22;1050;1;2;1;6;64
201400032662;14;10;24;900;1;2;1;6;64
201400032663;14;10;25;1149;1;2;1;6;64
201400032665;14;10;29;2000;5;1;1;1;64
201400032666;14;10;30;1030;1;2;1;3;64
201400032667;14;10;30;1831;5;2;1;3;64
201400032668;14;10;31;710;1;2;1;3;64
201400032669;14;10;31;1250;1;2;1;2;64
201400032670;14;10;31;1321;1;2;1;3;64
201400032671;14;11;1;745;2;2;1;6;64
201400032672;14;11;1;1840;3;2;1;3;64
201400032674;14;11;4;1816;2;2;1;6;64
201400032675;14;11;6;1408;1;2;1;3;64
201400032677;14;11;7;2340;5;2;1;3;64
201400032679;14;11;12;1340;1;2;1;6;64
201400032680;14;11;12;1835;4;2;1;3;64
201400032681;14;11;13;1131;1;2;1;3;64
201400032682;14;11;13;1507;1;2;1;6;64
201400032683;14;11;13;2042;5;2;1;6;64
201400032684;14;11;15;1135;1;2;1;6;64
201400032685;14;11;15;1920;5;2;1;3;64
201400032686;14;11;18;1930;5;2;1;6;64
201400032687;14;11;19;930;1;2;1;3;64
201400032688;14;11;19;1055;1;2;1;2;64
201400032689;14;11;19;1222;1;2;1;6;64
201400032690;14;11;19;2030;3;2;1;3;64
201400032691;14;11;20;1223;1;2;1;3;64
201400032692;14;11;20;1330;1;2;1;3;64
201400032693;14;11;22;1320;1;2;1;3;64
201400032695;14;11;25;920;1;2;2;6;64
201400032697;14;11;26;1245;1;2;3;6;64
201400032699;14;11;27;1745;1;2;1;2;64
201400032700;14;11;27;1845;5;2;1;3;64
201400032701;14;11;28;808;1;2;1;3;64
201400032702;14;11;28;1750;1;2;1;3;64
201400032703;14;11;28;1828;5;2;1;3;64
201400032704;14;12;1;740;5;2;1;2;64
201400032706;14;12;2;1400;1;2;1;6;64
201400032707;14;12;4;735;5;2;1;3;64
201400032708;14;12;4;1611;1;2;1;3;64
201400032709;14;12;4;1755;5;2;1;6;64
201400032710;14;12;5;720;5;2;1;3;64
201400032711;14;12;5;1640;1;2;2;2;64
201400032712;14;12;5;1725;5;2;2;6;64
201400032713;14;12;5;1735;2;2;2;3;64
201400032714;14;12;6;1600;1;2;1;6;64
201400032715;14;12;7;1153;1;2;1;3;64
201400032716;14;12;7;1325;1;2;1;3;64
201400032718;14;12;9;830;1;2;1;3;64
201400032719;14;12;9;1755;5;2;1;3;64
201400032721;14;12;10;800;2;2;1;3;64
201400032722;14;12;10;1135;1;2;1;6;64
201400032723;14;12;10;1945;5;2;2;6;64
201400032724;14;12;11;1810;5;2;1;3;64
201400032725;14;12;12;140;5;2;1;3;64
201400032726;14;12;12;1350;1;2;1;6;64
201400032727;14;12;14;1950;5;2;1;6;64
201400032728;14;12;15;1107;1;2;1;1;64
201400032729;14;12;15;1850;5;2;1;3;64
201400032731;14;12;17;1805;5;2;2;6;64
201400032733;14;12;20;1400;1;2;2;3;64
201400032734;14;12;21;1055;1;2;1;6;64
201400032736;14;12;23;835;1;2;1;3;64
201400032737;14;12;23;1036;1;2;1;2;64
201400032738;14;12;23;1240;1;2;1;3;64
201400032739;14;12;24;1435;1;2;1;4;64
201400032740;14;12;27;1720;1;2;3;3;64
201400032741;14;12;30;2040;5;2;1;3;64
201400032762;14;6;3;1225;1;2;1;6;64
201400032763;14;6;4;1125;1;2;1;2;64
201400032764;14;6;5;1925;1;2;1;2;64
201400032765;14;6;6;815;1;2;1;3;64
201400032766;14;6;11;1015;1;2;1;3;64
201400032767;14;6;12;1610;1;1;1;3;64
201400032768;14;6;12;1645;1;1;1;2;64
201400032769;14;6;14;950;1;2;1;3;64
201400032770;14;6;15;1000;1;1;1;2;64
201400032773;14;7;10;1225;1;2;1;2;64
201400032775;14;7;13;1845;1;2;1;1;64
201400032776;14;7;14;1625;1;1;1;2;64
201400032777;14;7;15;1125;1;1;1;2;64
201400032778;14;7;15;2005;2;1;1;3;64
201400032779;14;7;22;155;3;1;1;6;64
201400032781;14;7;23;1825;1;1;1;3;64
201400032782;14;7;26;1925;1;2;1;7;64
201400032783;14;7;27;1930;1;2;1;3;64
201400032789;14;8;2;1155;1;2;1;2;64
201400032790;14;8;7;1430;1;2;1;3;64
201400032791;14;8;11;935;1;2;1;6;64
201400032792;14;8;13;1520;1;2;1;3;64
201400032805;14;9;6;1740;1;2;1;3;64
201400032811;14;9;23;1805;1;2;1;3;64
201400032813;14;9;25;1225;1;2;1;3;64
201400032814;14;9;29;1505;1;2;1;6;64
201400032815;14;10;3;1815;1;2;1;3;64
201400032818;14;10;20;1610;1;2;1;2;64
201400032819;14;10;24;845;1;2;1;7;64
201400032823;14;10;31;1525;1;2;1;5;64
201400032824;14;11;1;1710;1;2;1;1;64
201400032831;14;11;20;1540;1;2;1;3;64
201400032834;14;12;2;1330;1;2;8;2;64
201400032837;14;12;31;1550;1;2;7;6;64
201400032838;14;12;30;1645;1;2;1;3;64
201400032845;14;6;3;1705;1;1;1;5;64
201400032846;14;7;5;1245;1;1;1;1;64
201400032848;14;9;25;2215;5;1;1;7;64
201400032850;14;2;24;1215;1;1;1;7;65
201400032851;14;2;28;1025;1;2;6;6;65
201400032852;14;3;11;1345;1;2;1;3;65
201400032853;14;3;24;1655;1;1;3;3;65
201400032854;14;3;31;1915;1;2;1;3;65
201400032855;14;4;6;955;1;2;1;6;65
201400032856;14;4;14;1815;1;2;1;6;65
201400032857;14;4;17;1615;1;2;1;6;65
201400032858;14;4;12;1500;1;2;1;3;65
201400032859;14;4;19;1320;1;1;1;2;65
201400032860;14;4;24;1645;1;2;3;6;65
201400032861;14;5;9;1734;1;2;1;3;65
201400032862;14;5;25;330;5;2;1;1;65
201400032863;14;5;31;935;1;2;1;5;65
201400032864;14;6;11;925;1;2;1;6;65
201400032865;14;6;7;1220;1;2;1;1;65
201400032866;14;6;15;1240;1;2;1;5;65
201400032867;14;6;23;1330;1;2;1;6;65
201400032868;14;7;11;1730;1;2;1;5;65
201400032869;14;8;2;1438;1;2;1;6;65
201400032870;14;8;2;1910;1;2;1;3;65
201400032871;14;8;8;1055;1;2;1;6;65
201400032872;14;8;16;910;1;2;1;2;65
201400032873;14;8;17;1925;4;2;1;6;65
201400032874;14;8;21;1410;1;1;1;6;65
201400032875;14;8;20;940;1;2;1;3;65
201400032876;14;8;20;1115;1;2;1;2;65
201400032877;14;9;14;2100;5;2;1;5;65
201400032878;14;9;7;2125;5;2;1;2;65
201400032879;14;9;9;1205;1;2;1;2;65
201400032880;14;9;5;1540;1;2;1;2;65
201400032881;14;9;18;1830;1;2;1;6;65
201400032882;14;9;17;1645;1;2;1;6;65
201400032883;14;9;24;700;2;2;1;6;65
201400032884;14;9;10;1640;1;2;7;6;65
201400032885;14;9;25;918;1;2;1;3;65
201400032886;14;9;29;1615;1;2;1;6;65
201400032888;14;10;29;1920;5;2;1;6;65
201400032889;14;11;26;1725;2;2;3;6;65
201400032890;14;12;18;2040;3;1;2;1;65
201400032891;14;1;8;1635;1;2;1;6;65
201400032892;14;1;17;740;2;1;1;3;65
201400032893;14;2;4;1355;1;2;1;3;65
201400032894;14;2;11;831;1;1;1;3;65
201400032895;14;2;12;945;1;2;1;6;65
201400032896;14;2;18;1830;2;2;1;3;65
201400032897;14;2;24;825;1;2;1;6;65
201400032898;14;2;28;2155;3;2;3;6;65
201400032899;14;3;3;1355;1;2;2;4;65
201400032900;14;3;3;1650;1;2;4;2;65
201400032901;14;3;12;1420;1;2;1;2;65
201400032902;14;3;14;1240;1;1;1;3;65
201400032903;14;3;15;1215;1;2;1;3;65
201400032904;14;3;23;2040;5;2;1;3;65
201400032905;14;3;24;530;5;2;1;6;65
201400032906;14;3;31;2145;5;2;1;2;65
201400032907;14;4;4;900;1;2;1;3;65
201400032908;14;4;4;1605;1;2;1;2;65
201400032909;14;4;13;1805;1;2;1;3;65
201400032910;14;4;13;1935;1;1;1;2;65
201400032911;14;4;14;2010;2;2;1;3;65
201400032912;14;4;23;800;1;2;1;6;65