Num_Acc;an;mois;jour;hrmn;lum;agg;atm;col;dep
201400032913;14;4;24;1150;1;2;1;6;65
201400032914;14;4;26;1655;1;2;2;2;65
201400032915;14;4;29;1435;1;2;1;3;65
201400032916;14;4;19;1840;1;2;1;1;65
201400032917;14;5;5;1000;1;2;1;6;65
201400032918;14;5;9;1435;1;2;1;3;65
201400032919;14;5;14;1900;1;2;1;3;65
201400032920;14;5;17;1320;1;2;1;2;65
201400032921;14;5;22;725;1;1;1;3;65
201400032922;14;5;22;1000;1;2;1;6;65
201400032923;14;6;2;1200;1;2;1;3;65
201400032924;14;6;2;2140;1;2;1;3;65
201400032925;14;6;2;2210;5;2;1;6;65
201400032926;14;6;4;755;1;2;2;3;65
201400032927;14;6;6;1250;1;2;1;3;65
201400032928;14;6;19;1050;1;2;1;6;65
201400032929;14;6;21;1025;1;2;1;2;65
201400032930;14;6;21;1550;1;2;1;6;65
201400032931;14;6;25;1555;1;2;7;3;65
201400032932;14;7;2;1745;1;2;1;3;65
201400032933;14;7;7;10;5;2;2;6;65
201400032934;14;7;18;745;1;2;1;3;65
201400032935;14;7;19;932;1;2;1;3;65
201400032936;14;7;21;1820;1;2;1;3;65
201400032937;14;8;5;1015;1;2;1;2;65
201400032938;14;8;5;1510;1;2;1;1;65
201400032939;14;8;11;850;1;2;1;3;65
201400032940;14;8;16;1805;1;2;1;6;65
201400032941;14;8;17;2105;2;1;1;6;65
201400032942;14;8;20;1455;1;2;1;3;65
201400032943;14;9;2;905;1;2;1;3;65
201400032944;14;9;2;1340;1;1;1;6;65
201400032945;14;9;8;2105;2;2;1;2;65
201400032946;14;9;12;1705;1;2;1;6;65
201400032947;14;9;14;2055;5;1;1;3;65
201400032948;14;9;15;510;3;2;1;3;65
201400032949;14;9;17;1550;1;2;1;3;65
201400032950;14;9;21;925;1;1;1;6;65
201400032951;14;9;25;555;5;2;1;6;65
201400032952;14;9;29;1145;1;2;1;6;65
201400032953;14;10;2;1405;1;2;1;6;65
201400032954;14;10;3;1600;1;2;1;6;65
201400032955;14;10;3;1755;1;2;1;3;65
201400032956;14;10;6;1545;1;2;1;4;65
201400032957;14;10;9;750;2;2;2;3;65
201400032958;14;10;9;900;1;1;1;2;65
201400032959;14;10;12;120;5;2;1;3;65
201400032960;14;10;16;1015;1;2;1;3;65
201400032961;14;10;17;735;5;2;1;6;65
201400032962;14;10;17;1810;1;2;1;6;65
201400032963;14;10;18;1710;1;1;1;1;65
201400032964;14;10;22;1035;1;2;1;7;65
201400032965;14;10;27;1700;1;1;1;3;65
201400032966;14;10;30;900;1;2;1;6;65
201400032967;14;10;31;900;1;2;1;6;65
201400032968;14;11;1;1030;1;2;1;3;65
201400032969;14;11;3;830;1;2;1;3;65
201400032970;14;11;5;2210;5;2;1;3;65
201400032971;14;11;7;1505;1;2;2;3;65
201400032972;14;11;12;905;1;2;1;6;65
201400032973;14;11;24;1815;5;2;1;1;65
201400032974;14;11;26;940;1;2;3;3;65
201400032975;14;12;1;1650;2;2;2;3;65
201400032976;14;12;4;835;1;2;1;3;65
201400032977;14;12;9;1255;1;2;1;1;65
201400032978;14;12;13;1415;1;2;1;3;65
201400032979;14;12;19;1350;1;1;1;2;65
201400032980;14;12;27;810;2;2;1;6;65
201400032981;14;9;24;845;1;1;1;7;90
201400032982;14;1;6;1500;1;2;1;6;66
201400032983;14;1;9;1545;1;2;1;2;66
201400032984;14;1;10;755;3;2;1;3;66
201400032985;14;1;15;1030;1;1;1;3;66
201400032987;14;1;18;10;5;2;1;3;66
201400032988;14;1;25;600;5;2;1;3;66
201400032989;14;1;29;1620;1;2;1;3;66
201400032990;14;1;29;1750;1;2;1;4;66
201400032991;14;1;28;1945;5;2;1;6;66
201400032992;14;1;30;1100;1;2;1;6;66
201400032993;14;2;4;2345;5;2;1;3;66
201400032994;14;2;6;1650;1;2;1;6;66
201400032995;14;2;6;1810;1;2;1;3;66
201400032996;14;2;7;745;1;2;1;3;66
201400032997;14;2;17;1400;1;2;1;3;66
201400032998;14;2;12;2015;3;2;1;1;66
201400032999;14;2;8;656;2;2;1;3;66
201400033000;14;2;8;144;5;2;1;1;66
201400033001;14;2;20;1330;1;2;1;3;66
201400033003;14;2;21;1800;1;2;1;1;66
201400033004;14;2;25;2045;3;2;1;4;66
201400033005;14;2;26;2223;5;2;1;2;66
201400033006;14;3;1;1620;1;2;1;3;66
201400033007;14;3;3;1528;1;1;1;6;66
201400033008;14;3;5;1751;1;2;1;6;66
201400033009;14;3;9;1240;1;2;1;3;66
201400033010;14;3;17;1615;1;1;1;2;66
201400033011;14;3;17;1820;1;2;1;6;66
201400033012;14;3;20;1025;1;2;1;6;66
201400033014;14;3;28;1715;1;2;1;3;66
201400033015;14;4;1;1620;1;2;1;3;66
201400033016;14;4;3;840;1;2;2;6;66
201400033017;14;4;4;1650;1;2;1;3;66
201400033018;14;4;8;1200;1;2;1;3;66
201400033019;14;4;10;535;5;2;1;6;66
201400033020;14;4;11;1909;1;2;1;2;66
201400033021;14;4;14;930;1;2;1;3;66
201400033022;14;4;15;900;1;2;1;4;66
201400033023;14;4;11;1020;1;2;1;3;66
201400033024;14;4;15;1750;1;2;1;1;66
201400033025;14;4;14;255;3;2;1;1;66
201400033026;14;4;27;2040;5;2;1;6;66
201400033027;14;4;25;825;1;2;2;7;66
201400033028;14;5;1;1205;1;2;1;3;66
201400033029;14;5;1;2320;5;2;1;3;66
201400033030;14;5;1;515;5;2;1;3;66
201400033031;14;5;5;1000;1;2;1;2;66
201400033032;14;5;6;640;1;2;1;6;66
201400033033;14;5;13;1810;1;2;1;6;66
201400033034;14;5;15;830;1;2;1;6;66
201400033035;14;5;17;1845;1;2;1;3;66
201400033036;14;5;23;2014;1;2;1;3;66
201400033037;14;5;27;1600;1;2;1;3;66
201400033038;14;6;2;1240;1;2;1;5;66
201400033039;14;6;10;1730;1;2;1;6;66
201400033040;14;6;10;1715;1;2;1;3;66
201400033041;14;6;11;1030;1;2;1;3;66
201400033042;14;6;11;1945;1;2;1;6;66
201400033043;14;6;16;1630;1;2;1;2;66
201400033044;14;6;21;1420;1;2;1;6;66
201400033045;14;6;28;1930;1;2;1;3;66
201400033046;14;6;27;1830;1;2;1;1;66
201400033047;14;7;1;900;1;2;1;2;66
201400033048;14;7;1;1500;1;1;1;3;66
201400033049;14;7;3;10;5;2;1;3;66
201400033050;14;7;4;1415;1;1;1;3;66
201400033053;14;7;9;830;1;2;1;3;66
201400033054;14;7;10;1520;1;2;1;6;66
201400033055;14;7;15;1600;1;2;1;3;66
201400033056;14;7;13;1930;1;2;1;3;66
201400033057;14;7;18;1730;1;2;1;6;66
201400033059;14;7;21;1720;1;2;1;3;66
201400033060;14;7;12;1710;1;2;1;3;66
201400033061;14;7;27;141;5;2;1;3;66
201400033062;14;7;25;1507;1;2;1;3;66
201400033063;14;7;29;1615;1;2;1;5;66
201400033064;14;8;2;955;1;2;1;3;66
201400033065;14;8;2;1700;1;2;1;2;66
201400033066;14;8;11;2050;2;2;1;6;66
201400033067;14;8;11;2125;2;2;1;3;66
201400033068;14;8;11;1640;1;2;1;7;66
201400033069;14;8;11;1545;1;2;1;3;66
201400033070;14;8;17;2315;3;2;1;6;66
201400033072;14;8;21;1400;1;2;1;3;66
201400033073;14;8;23;955;1;2;1;6;66
201400033074;14;8;27;1500;1;2;1;3;66
201400033075;14;8;25;1530;1;2;1;3;66
201400033076;14;9;1;1530;1;2;1;3;66
201400033077;14;9;2;1730;1;2;1;2;66
201400033078;14;9;5;1640;1;2;1;3;66
201400033079;14;9;6;1805;1;2;1;3;66
201400033080;14;9;7;2033;2;2;1;6;66
201400033081;14;9;9;2100;2;2;1;3;66
201400033082;14;9;10;849;1;2;1;3;66
201400033086;14;9;23;1520;1;1;1;3;66
201400033087;14;9;25;1053;1;2;1;3;66
201400033088;14;9;26;2115;5;1;1;3;66
201400033089;14;9;28;1754;1;1;1;1;66
201400033091;14;10;7;1023;1;2;1;3;66
201400033092;14;10;8;943;1;2;1;2;66
201400033093;14;10;8;857;1;2;1;6;66
201400033094;14;10;8;755;1;2;1;2;66
201400033096;14;10;8;1754;1;2;1;6;66
201400033097;14;10;11;1645;1;2;1;6;66
201400033098;14;10;10;1300;1;2;1;3;66
201400033099;14;10;15;1220;1;2;1;6;66
201400033100;14;10;13;825;1;1;1;4;66
201400033101;14;10;17;2250;5;2;1;3;66
201400033102;14;10;26;1630;1;2;1;6;66
201400033103;14;10;20;2300;3;2;1;6;66
201400033104;14;10;30;30;5;2;1;6;66
201400033105;14;10;21;930;1;2;1;3;66
201400033106;14;11;4;1840;3;1;3;6;66
201400033107;14;11;6;1830;5;2;1;3;66
201400033109;14;11;13;740;1;2;1;3;66
201400033110;14;11;13;1700;1;2;1;6;66
201400033111;14;11;14;1520;1;2;1;2;66
201400033113;14;11;21;850;1;2;1;2;66
201400033114;14;11;22;2215;5;2;1;6;66
201400033115;14;11;27;1800;2;2;2;6;66
201400033116;14;12;1;1125;1;2;1;3;66
201400033117;14;12;1;1219;1;2;1;6;66
201400033118;14;12;2;1825;5;2;1;3;66
201400033119;14;12;3;1800;5;2;1;6;66
201400033120;14;12;3;1700;1;2;1;3;66
201400033121;14;12;4;1830;5;2;1;6;66
201400033123;14;12;10;1900;3;2;6;2;66
201400033124;14;12;11;1905;2;2;1;3;66
201400033125;14;12;12;1350;1;2;1;3;66
201400033126;14;12;14;1910;2;2;1;6;66
201400033127;14;12;12;2304;5;2;1;3;66
201400033128;14;12;17;1540;1;2;1;6;66
201400033129;14;12;16;1910;5;2;1;3;66
201400033131;14;12;9;530;3;2;1;1;60
201400033535;14;1;15;1809;3;2;1;6;68
201400033536;14;1;16;1720;5;2;1;6;68
201400033537;14;1;21;1736;5;2;1;6;68
201400033538;14;1;10;1530;1;2;1;3;68
201400033539;14;1;26;547;5;2;1;6;68
201400033540;14;2;3;1117;1;2;1;3;68
201400033541;14;2;7;1200;1;2;1;3;68
201400033542;14;2;18;2359;5;2;1;5;68
201400033543;14;2;21;1558;1;2;1;3;68
201400033544;14;3;20;1748;1;2;1;3;68
201400033545;14;3;20;1541;1;2;1;3;68
201400033546;14;3;27;1604;1;2;1;6;68
201400033547;14;4;12;1215;1;2;1;6;68
201400033548;14;4;24;1850;1;2;1;3;68
201400033549;14;4;29;1030;1;2;1;6;68
201400033550;14;5;7;1556;1;2;1;6;68
201400033551;14;5;7;1146;1;2;1;6;68
201400033552;14;5;10;1002;1;2;1;2;68
201400033553;14;5;14;1744;1;2;1;3;68
201400033554;14;6;6;820;1;2;1;7;68
201400033555;14;7;15;905;1;2;1;4;68
201400033556;14;7;25;815;1;2;1;6;68
201400033557;14;7;17;1905;1;1;1;3;68
201400033558;14;8;4;1130;1;2;1;3;68
201400033559;14;9;7;1605;1;1;1;6;68
201400033560;14;8;8;753;1;2;1;2;68
201400033561;14;9;16;925;1;1;1;3;68
201400033562;14;10;6;1740;1;2;1;3;68
201400033564;14;10;9;1740;1;2;2;6;68
201400033565;14;10;13;810;1;2;1;6;68
201400033566;14;10;16;1829;1;2;1;4;68
201400033567;14;10;31;1545;1;2;1;3;68
201400033568;14;11;3;825;1;1;1;6;68
201400033569;14;11;4;1830;5;2;2;3;68
201400033570;14;11;10;1717;5;2;2;6;68
201400033571;14;11;16;1910;5;2;2;1;68
201400033572;14;11;10;1720;3;1;2;6;68
201400033573;14;12;5;1710;5;1;5;6;68
201400033574;14;12;16;550;5;2;1;3;68
201400033575;14;12;22;1755;5;1;1;6;68
201400033576;14;4;11;2153;5;2;1;3;68
201400033577;14;4;26;1800;1;2;1;3;68
201400033578;14;4;29;1839;1;2;1;6;68
201400033579;14;5;15;1820;1;1;1;3;68
201400033581;14;10;7;1843;5;2;2;6;68
201400033582;14;10;12;615;2;2;1;6;68
201400033585;14;11;12;1745;3;2;2;6;68
201400033586;14;11;20;1220;1;2;1;3;68
201400033587;14;1;6;1710;5;2;1;6;68
201400033588;14;1;14;1735;5;2;2;6;68
201400033589;14;1;15;730;2;2;1;6;68
201400033590;14;1;17;1305;1;2;1;3;68
201400033591;14;1;27;1120;1;2;1;3;68
201400033592;14;1;28;1415;1;2;1;6;68
201400033593;14;1;30;1825;5;2;1;6;68
201400033594;14;1;31;1423;1;2;1;6;68
201400033595;14;2;6;1140;1;2;1;3;68
201400033596;14;2;9;1825;2;2;1;6;68
201400033597;14;2;12;2035;5;2;1;6;68
201400033598;14;2;12;945;1;2;1;2;68
201400033599;14;2;12;1205;1;2;1;3;68
201400033600;14;2;14;1705;1;2;1;3;68
201400033601;14;2;20;815;1;2;1;3;68
201400033602;14;2;20;1625;1;2;1;6;68
201400033603;14;2;21;2057;4;1;1;6;68
201400033604;14;2;22;900;1;2;1;6;68
201400033605;14;2;26;758;1;1;2;4;68
201400033606;14;3;10;1200;1;2;1;3;68
201400033607;14;3;13;1105;1;2;1;6;68
201400033608;14;3;14;2000;3;2;1;6;68
201400033609;14;3;25;1620;1;2;1;6;68
201400033610;14;3;26;1952;5;2;1;4;68
201400033611;14;3;28;1825;1;2;1;6;68
201400033612;14;3;30;1330;1;1;1;7;68
201400033613;14;3;30;2035;5;2;1;6;68
201400033614;14;4;7;1128;1;2;1;6;68
201400033615;14;4;14;1210;1;2;1;6;68
201400033616;14;4;14;1230;1;2;1;3;68
201400033617;14;4;19;1456;1;2;1;6;68
201400033618;14;4;20;2005;1;2;1;2;68
201400033619;14;4;22;2205;5;2;1;3;68
201400033620;14;4;26;2220;5;2;3;6;68
201400033621;14;4;30;2205;4;2;1;3;68
201400033622;14;5;9;1425;1;2;1;6;68
201400033623;14;5;10;1645;1;2;1;6;68
201400033624;14;5;15;1645;1;2;1;6;68
201400033625;14;5;25;2025;1;2;1;6;68
201400033626;14;5;31;1630;1;2;1;4;68
201400033627;14;6;7;1222;1;2;1;6;68
201400033628;14;6;11;820;1;2;1;6;68
201400033629;14;6;12;955;1;2;1;3;68
201400033630;14;6;12;1031;1;2;1;3;68
201400033631;14;6;14;1300;1;2;1;3;68
201400033632;14;6;18;1735;1;2;1;6;68
201400033633;14;6;20;1700;1;2;1;2;68
201400033634;14;6;20;915;1;2;1;6;68
201400033635;14;6;23;200;5;2;1;7;68
201400033637;14;7;1;1940;1;2;1;6;68
201400033639;14;7;11;1220;1;2;1;6;68
201400033640;14;7;11;1540;1;2;3;2;68
201400033641;14;7;18;25;5;2;1;6;68
201400033642;14;7;19;1827;1;2;1;6;68
201400033643;14;8;1;7;5;2;1;3;68
201400033644;14;8;6;1406;1;2;1;6;68
201400033645;14;8;7;1840;1;2;1;3;68
201400033647;14;8;15;2106;5;2;3;3;68
201400033648;14;8;24;150;5;2;2;3;68
201400033649;14;8;24;1845;1;2;1;1;68
201400033650;14;8;30;1530;1;1;1;3;68
201400033651;14;8;30;1800;1;2;1;3;68
201400033652;14;9;6;1840;1;2;1;6;68
201400033653;14;9;8;756;1;2;1;6;68
201400033655;14;9;12;1534;1;2;1;6;68
201400033656;14;9;12;2040;3;1;2;1;68
201400033658;14;9;18;1342;1;2;1;6;68
201400033659;14;9;19;1435;1;2;1;6;68
201400033661;14;9;24;1355;1;1;1;3;68
201400033662;14;9;28;1330;1;2;1;6;68
201400033663;14;10;3;1622;1;2;1;3;68
201400033665;14;10;4;1107;1;2;1;6;68
201400033666;14;10;7;1615;1;2;1;3;68
201400033669;14;10;18;1720;1;2;1;3;68
201400033674;14;11;4;1810;5;2;1;6;68
201400033675;14;11;8;1145;1;2;1;2;68
201400033678;14;11;12;1848;5;2;3;3;68
201400033681;14;11;26;1725;5;2;1;6;68
201400033683;14;11;29;1745;3;2;1;6;68
201400033684;14;12;11;1706;5;2;2;6;68
201400033687;14;12;15;1817;5;1;2;2;68
201400033691;14;1;7;1540;1;2;1;2;68
201400033692;14;2;21;2346;5;2;2;3;68
201400033693;14;3;17;940;1;2;1;6;68
201400033694;14;3;30;10;3;1;1;1;68
201400033695;14;4;17;1615;1;2;1;3;68
201400033696;14;4;15;1500;1;2;1;3;68
201400033697;14;4;27;1205;1;2;1;3;68
201400033698;14;5;10;1138;1;2;1;6;68
201400033699;14;6;17;1901;1;2;8;2;68
201400033700;14;6;22;2300;5;2;1;6;68
201400033701;14;9;14;334;5;2;1;6;68
201400033702;14;10;8;1430;1;2;1;3;68
201400033703;14;10;9;2200;5;2;2;6;68
201400033704;14;10;10;1840;1;2;1;3;68
201400033705;14;11;8;930;1;2;1;3;68
201400033707;14;8;20;2018;3;2;1;3;68
201400033708;14;11;18;700;5;2;1;1;68
201400033709;14;1;16;1720;5;2;3;6;68
201400033710;14;1;24;1622;1;2;1;1;68
201400033711;14;10;12;310;5;2;8;6;68
201400033712;14;7;15;2225;5;2;1;1;68
201400033713;14;12;5;1040;1;2;1;6;68
201400034440;14;1;3;1020;1;2;1;6;71
201400034441;14;1;8;1800;5;2;1;6;71
201400034442;14;1;14;1920;5;2;1;6;71
201400034443;14;1;11;1430;1;2;1;3;71
201400034444;14;2;3;1710;1;2;1;6;71
201400034445;14;2;9;1917;3;1;1;1;71
201400034446;14;2;9;1810;2;2;6;3;71
201400034447;14;3;4;1655;1;2;1;6;71
201400034448;14;3;16;1700;1;2;1;3;71
201400034449;14;3;17;1935;2;2;1;2;71
201400034450;14;4;1;1415;1;2;1;6;71
201400034451;14;4;2;1450;1;2;1;6;71
201400034455;14;5;14;1840;1;2;8;1;71
201400034456;14;5;15;1540;1;2;1;6;71
201400034459;14;6;26;2110;1;2;1;3;71
201400034460;14;6;4;1015;1;2;2;6;71
201400034461;14;7;17;1940;1;2;1;4;71
201400034462;14;7;18;1335;1;2;1;6;71
201400034463;14;7;25;1700;1;2;1;3;71
201400034465;14;8;22;1015;1;2;1;6;71
201400034466;14;9;1;1900;1;2;1;6;71
201400034467;14;9;6;1915;1;2;1;1;71
201400034469;14;9;23;1830;1;2;1;3;71
201400034470;14;10;8;1550;1;2;1;2;71
201400034471;14;10;11;130;5;2;2;6;71
201400034472;14;10;11;1445;1;2;1;6;71
201400034473;14;10;23;2125;3;1;2;6;71
201400034474;14;10;24;1640;1;2;1;2;71
201400034475;14;10;24;1835;5;2;1;5;71
201400034476;14;10;15;1720;1;2;1;6;71
201400034477;14;11;21;905;1;2;1;6;71
201400034478;14;11;27;945;1;2;2;6;71
201400034480;14;12;27;1545;1;2;1;6;71
201400034482;14;2;4;1315;1;2;1;6;71
201400034483;14;2;4;1320;1;2;1;6;71
201400034487;14;8;24;1710;1;2;1;6;71
201400034492;14;1;6;755;2;2;1;3;71
201400034494;14;2;15;1115;1;2;1;3;71
201400034495;14;2;23;1630;1;2;1;3;71
201400034496;14;3;28;1945;5;2;1;6;71
201400034497;14;3;31;1146;1;1;1;3;71
201400034499;14;5;1;2355;5;2;2;6;71
201400034500;14;5;5;1715;1;2;1;6;71
201400034502;14;8;4;2225;5;1;1;1;71
201400034504;14;9;8;1750;1;2;1;3;71
201400034506;14;10;12;305;5;2;1;6;71
201400034507;14;10;25;205;5;2;1;6;71
201400034508;14;10;24;930;1;2;1;6;71
201400034512;14;3;15;1640;1;2;1;3;71
201400034513;14;6;7;1035;1;2;1;3;71
201400034516;14;6;29;1600;1;1;1;1;71
201400034517;14;7;2;1610;1;2;1;7;71
201400034518;14;9;23;1625;1;2;1;6;71
201400034520;14;11;2;510;5;2;1;7;71
201400034522;14;11;8;640;4;2;1;7;71
201400034523;14;11;7;1550;1;2;1;6;71
201400034526;14;2;4;815;1;1;1;1;72
201400034543;14;3;8;1203;1;2;1;3;73
201400034544;14;3;4;1110;1;2;1;6;73
201400034545;14;4;8;1300;1;2;1;3;73
201400034546;14;3;20;1620;1;2;1;6;73
201400034547;14;4;30;1050;1;2;1;6;73
201400034548;14;7;4;1855;1;2;2;7;73
201400034549;14;7;19;1610;1;2;1;7;73
201400034550;14;11;25;1730;5;2;1;3;73
201400034551;14;11;18;1955;5;2;3;6;73
201400034552;14;3;27;748;1;2;1;3;73
201400034553;14;4;15;1200;1;2;1;1;73
201400034555;14;12;5;1740;5;2;1;5;73
201400034556;14;1;9;1800;5;2;1;3;73
201400034557;14;1;18;915;1;2;1;6;73
201400034558;14;2;14;1950;5;2;1;2;73
201400034559;14;3;25;1355;1;2;1;6;73
201400034560;14;4;7;925;1;2;1;3;73
201400034561;14;5;13;1630;1;1;8;1;73
201400034562;14;5;25;1255;1;2;1;6;73
201400034563;14;6;11;1430;1;2;1;3;73
201400034564;14;6;30;1745;1;2;1;6;73
201400034565;14;6;21;1650;1;2;1;3;73
201400034566;14;7;15;1250;1;2;1;6;73
201400034567;14;7;19;1615;1;2;1;1;73
201400034568;14;7;18;1845;1;2;1;3;73
201400034570;14;11;1;2150;5;2;1;1;73
201400034571;14;11;3;1130;1;2;1;1;73
201400034572;14;11;21;1745;5;2;1;6;73
201400034573;14;12;13;1630;2;1;1;4;73
201400034666;14;5;26;1710;1;2;1;3;74
201400034686;14;2;7;730;5;2;3;6;76
201400034687;14;3;4;1110;1;2;1;3;76
201400034688;14;6;5;1735;1;1;1;3;76
201400034689;14;9;13;1215;1;1;1;7;76
201400034690;14;10;19;1850;1;2;1;6;76
201400034691;14;1;4;100;5;2;1;6;76
201400034692;14;1;10;1040;1;1;1;2;76
201400034693;14;1;14;1025;1;1;7;2;76
201400034694;14;1;18;950;1;2;1;3;76
201400034695;14;1;21;930;1;1;1;3;76
201400034696;14;2;3;1035;1;2;1;6;76
201400034697;14;2;7;1910;5;2;1;6;76
201400034698;14;2;12;1005;1;2;1;6;76
201400034699;14;2;19;1530;1;2;1;3;76
201400034700;14;2;21;2010;3;1;1;6;76
201400034701;14;3;6;2230;5;2;1;6;76
201400034702;14;3;8;1945;3;1;1;6;76
201400034703;14;3;9;1455;1;1;1;3;76
201400034704;14;3;17;1805;1;1;1;5;76
201400034705;14;3;27;2100;5;1;1;6;76
201400034706;14;3;28;1355;1;2;1;6;76
201400034707;14;4;5;340;5;2;1;6;76
201400034708;14;4;9;1005;1;2;1;3;76
201400034709;14;4;10;1550;1;2;1;6;76
201400034710;14;4;25;1340;1;1;8;4;76
201400034711;14;6;7;1315;1;2;1;7;76
201400034712;14;6;14;1655;1;2;1;3;76
201400034713;14;6;15;1220;1;1;1;4;76
201400034714;14;6;19;2229;2;2;1;3;76
201400034715;14;6;20;1200;1;2;1;3;76
201400034716;14;6;26;1115;1;1;1;2;76
201400034717;14;6;29;1530;1;2;1;1;76
201400034718;14;7;4;1255;1;2;1;7;76
201400034719;14;7;16;145;3;1;1;6;76
201400034720;14;7;22;2145;1;2;1;6;76
201400034721;14;7;24;1500;1;1;1;7;76
201400034722;14;8;2;1900;1;2;1;3;76
201400034723;14;8;3;145;5;2;5;3;76
201400034724;14;8;3;1620;1;2;1;3;76
201400034725;14;8;7;1655;1;1;1;3;76
201400034726;14;8;8;1915;1;2;1;6;76
201400034727;14;8;10;1750;1;2;1;3;76
201400034728;14;8;10;1720;1;2;1;2;76
201400034729;14;8;30;1515;1;2;2;3;76
201400034730;14;9;7;1840;1;1;1;3;76
201400034731;14;10;4;1120;1;1;1;3;76
201400034732;14;10;7;1815;1;2;1;6;76
201400034733;14;10;18;1659;1;2;1;6;76
201400034734;14;11;1;540;5;2;1;6;76
201400034735;14;11;2;1200;1;1;1;6;76
201400034736;14;11;14;2000;5;2;1;2;76
201400034737;14;11;15;450;5;2;8;6;76
201400034738;14;11;24;915;1;1;1;3;76
201400034739;14;11;25;1739;4;2;1;2;76
201400034740;14;11;26;905;1;2;8;6;76
201400034741;14;12;9;1155;1;1;1;1;76
201400034742;14;12;9;1745;3;2;1;6;76
201400034743;14;12;15;1720;5;2;2;3;76
201400034744;14;12;19;800;2;2;2;3;76
201400034745;14;12;21;840;2;1;1;6;76
201400034746;14;2;13;2140;5;2;1;3;76
201400034747;14;4;4;840;1;1;1;1;76
201400034748;14;4;5;1750;1;1;9;3;76
201400034749;14;4;9;1140;1;2;1;3;76
201400034750;14;8;12;750;1;1;1;6;76
201400034751;14;11;10;1830;5;2;1;3;76
201400034752;14;11;12;845;1;2;1;6;76
201400034753;14;11;14;2100;5;2;1;1;76
201400034754;14;11;1;1810;2;1;1;5;76
201400034755;14;11;16;1205;1;2;1;6;76
201400034756;14;11;26;1115;1;1;8;3;76
201400034757;14;12;9;1710;3;2;2;1;76
201400034758;14;12;18;802;2;2;2;6;76
201400034759;14;1;7;1835;5;2;1;6;76
201400034760;14;2;12;1645;1;2;3;6;76
201400034761;14;6;8;1110;1;2;1;3;76
201400034762;14;7;14;1400;1;2;1;3;76
201400034763;14;8;16;1000;1;2;1;3;76
201400034764;14;8;31;20;5;2;1;2;76
201400034765;14;9;28;335;5;2;1;6;76
201400034766;14;10;13;818;1;1;2;1;76
201400034767;14;11;5;1720;1;2;8;6;76
201400034768;14;11;15;1102;1;2;1;6;76
201400034769;14;1;1;120;5;2;1;6;76
201400034770;14;1;1;500;5;2;1;3;76
201400034771;14;1;3;1420;1;2;1;6;76
201400034772;14;1;5;905;1;2;1;6;76
201400034773;14;1;7;2230;5;2;2;7;76
201400034774;14;1;8;2245;5;2;2;6;76
201400034775;14;1;9;840;1;2;1;6;76
201400034776;14;1;9;1750;5;2;1;6;76
201400034777;14;1;10;430;5;2;2;6;76
201400034778;14;1;10;1115;1;2;1;2;76
201400034779;14;1;11;430;5;2;2;7;76
201400034780;14;1;11;1615;1;2;1;6;76
201400034781;14;1;11;1810;2;2;1;6;76
201400034782;14;1;14;1145;1;2;1;6;76
201400034783;14;1;15;25;3;1;2;6;76
201400034784;14;1;15;1655;1;2;1;3;76
201400034785;14;1;16;1220;1;2;1;6;76
201400034786;14;1;17;815;1;2;1;6;76
201400034787;14;1;17;1155;1;2;1;7;76
201400034788;14;1;17;2015;5;2;1;6;76
201400034789;14;1;20;2220;5;2;1;3;76
201400034790;14;1;26;145;5;2;1;7;76
201400034791;14;1;29;1030;1;2;2;6;76
201400034792;14;1;29;1715;1;1;1;6;76
201400034793;14;1;29;1815;5;2;1;5;76
201400034794;14;1;30;1250;1;2;1;3;76
201400034795;14;2;4;1500;1;2;1;6;76
201400034796;14;2;6;2130;5;2;1;6;76
201400034797;14;2;7;1015;1;2;1;3;76
201400034798;14;2;7;1830;3;1;1;6;76
201400034799;14;2;11;1325;1;2;1;6;76
201400034800;14;2;12;2100;5;1;2;6;76
201400034801;14;2;16;1300;1;2;1;7;76
201400034802;14;2;18;1905;5;2;1;6;76
201400034803;14;2;18;2350;5;2;1;6;76
201400034804;14;2;19;1710;1;2;1;6;76
201400034805;14;2;20;1910;2;2;1;3;76
201400034806;14;2;21;2035;5;2;1;3;76
201400034807;14;2;21;2125;5;2;1;3;76
201400034808;14;2;25;720;2;2;3;3;76
201400034809;14;2;27;2015;3;1;1;2;76
201400034810;14;2;28;1700;1;2;1;3;76
201400034811;14;2;28;1820;1;2;2;3;76
201400034812;14;3;1;1750;1;2;1;1;76
201400034813;14;3;2;1210;1;2;1;2;76
201400034814;14;3;2;1520;1;1;1;3;76
201400034815;14;3;5;826;1;2;1;3;76
201400034816;14;3;7;945;1;2;1;3;76
201400034817;14;3;7;1445;1;2;1;6;76
201400034818;14;3;8;1410;1;1;1;3;76
201400034819;14;3;9;1600;1;2;1;6;76
201400034820;14;3;10;755;1;2;1;3;76
201400034821;14;3;10;1355;1;1;1;3;76
201400034822;14;3;12;912;1;2;1;7;76
201400034823;14;3;13;945;1;2;1;3;76
201400034824;14;3;15;2330;5;2;1;6;76
201400034825;14;3;16;1835;1;1;1;7;76
201400034826;14;3;18;150;5;2;1;6;76
201400034827;14;3;18;1440;1;2;1;6;76
201400034828;14;3;19;1930;5;2;1;3;76
201400034829;14;3;20;1500;1;1;1;2;76
201400034830;14;3;20;1625;1;2;1;6;76