Num_Acc;an;mois;jour;hrmn;lum;agg;atm;col;dep
201400034831;14;3;21;1200;1;2;1;3;76
201400034832;14;3;24;2120;3;1;1;6;76
201400034833;14;3;25;1810;1;1;2;3;76
201400034834;14;3;25;2150;5;2;2;3;76
201400034835;14;3;26;742;1;2;2;6;76
201400034836;14;3;26;2150;5;2;1;3;76
201400034837;14;3;31;830;1;2;2;3;76
201400034838;14;3;31;1635;1;2;1;6;76
201400034839;14;3;31;2040;2;2;1;6;76
201400034840;14;4;1;835;1;2;1;6;76
201400034841;14;4;4;1500;1;2;1;7;76
201400034842;14;4;5;2010;5;2;1;6;76
201400034843;14;4;7;2340;5;2;2;5;76
201400034844;14;4;8;1950;1;1;1;7;76
201400034845;14;4;9;2300;5;2;1;6;76
201400034846;14;4;10;1230;1;2;1;3;76
201400034847;14;4;12;1605;1;2;1;7;76
201400034848;14;4;13;710;2;2;1;2;76
201400034849;14;4;14;1410;1;2;1;3;76
201400034850;14;4;14;1420;1;2;1;5;76
201400034851;14;4;16;1840;1;2;1;6;76
201400034852;14;4;17;1810;1;2;2;1;76
201400034853;14;4;18;1805;1;2;1;5;76
201400034854;14;4;23;1920;1;2;2;7;76
201400034855;14;4;24;220;5;2;1;7;76
201400034856;14;4;25;1638;1;2;1;6;76
201400034857;14;4;26;2030;5;2;1;4;76
201400034858;14;4;27;1735;1;2;2;7;76
201400034859;14;4;27;2130;1;2;2;6;76
201400034860;14;5;3;1440;1;2;1;4;76
201400034861;14;5;3;1650;1;2;1;6;76
201400034862;14;5;7;1550;1;2;1;6;76
201400034863;14;5;7;2205;5;2;1;7;76
201400034864;14;5;8;1618;1;2;2;7;76
201400034865;14;5;9;2000;1;2;1;3;76
201400034866;14;5;10;1430;1;1;1;6;76
201400034867;14;5;11;1650;1;2;1;3;76
201400034868;14;5;12;1410;1;2;1;6;76
201400034869;14;5;13;750;1;2;2;3;76
201400034870;14;5;15;940;1;1;1;3;76
201400034871;14;5;15;1300;1;2;1;2;76
201400034872;14;5;17;1340;1;2;1;3;76
201400034873;14;5;19;1355;1;2;1;6;76
201400034874;14;5;20;1925;1;2;1;6;76
201400034875;14;5;25;1100;1;2;1;6;76
201400034876;14;5;26;1030;1;2;1;6;76
201400034877;14;5;26;1700;1;2;1;6;76
201400034878;14;5;27;1150;1;2;1;7;76
201400034879;14;5;30;1015;1;2;1;6;76
201400034880;14;5;31;1515;1;2;1;2;76
201400034881;14;6;1;2250;5;2;1;7;76
201400034882;14;6;4;2320;5;1;1;7;76
201400034883;14;6;6;1815;1;2;1;6;76
201400034884;14;6;8;320;5;2;1;3;76
201400034885;14;6;8;1810;1;2;1;7;76
201400034886;14;6;10;1430;1;2;1;6;76
201400034887;14;6;11;1740;1;2;1;6;76
201400034888;14;6;11;1810;1;2;1;5;76
201400034889;14;6;14;1825;1;2;1;2;76
201400034890;14;6;17;1933;1;2;1;3;76
201400034891;14;6;18;1000;1;2;1;7;76
201400034892;14;6;19;1605;1;2;1;3;76
201400034893;14;6;24;1100;1;2;1;6;76
201400034894;14;6;24;1505;1;2;1;6;76
201400034895;14;6;24;2210;5;2;1;3;76
201400034896;14;6;26;45;5;1;1;7;76
201400034897;14;6;26;1200;1;2;8;7;76
201400034898;14;6;28;1420;1;2;1;3;76
201400034899;14;6;28;2020;1;2;1;7;76
201400034900;14;6;29;1010;1;2;3;3;76
201400034901;14;6;30;1100;1;1;1;6;76
201400034902;14;7;1;1750;1;2;1;7;76
201400034903;14;7;2;25;5;2;1;6;76
201400034904;14;7;3;1800;1;2;1;3;76
201400034905;14;7;3;2255;5;2;1;3;76
201400034906;14;7;6;1810;1;1;1;6;76
201400034907;14;7;10;1235;1;2;1;6;76
201400034908;14;7;12;110;5;2;1;7;76
201400034909;14;7;13;1935;1;2;1;6;76
201400034910;14;7;17;30;5;1;1;6;76
201400034911;14;7;17;1415;1;2;1;2;76
201400034912;14;7;20;450;5;2;1;6;76
201400034913;14;7;22;1515;1;2;1;3;76
201400034914;14;7;22;2250;5;2;1;1;76
201400034915;14;7;26;2342;5;2;1;3;76
201400034916;14;7;30;2000;1;2;1;2;76
201400034917;14;7;31;820;1;2;1;6;76
201400034918;14;8;1;1420;1;2;1;6;76
201400034919;14;8;1;1750;1;2;1;3;76
201400034920;14;8;2;155;5;2;1;6;76
201400034921;14;8;2;2350;5;2;1;6;76
201400034922;14;8;7;1345;1;1;1;7;76
201400034923;14;8;13;1915;1;2;1;3;76
201400034924;14;8;15;1620;1;2;1;6;76
201400034925;14;8;15;1610;1;2;1;3;76
201400034926;14;8;20;1930;1;2;1;6;76
201400034927;14;8;23;550;2;2;1;3;76
201400034928;14;8;25;50;5;2;2;2;76
201400034929;14;8;28;1400;1;2;1;2;76
201400034930;14;8;29;1550;1;2;1;2;76
201400034931;14;8;30;715;1;2;1;6;76
201400034932;14;9;2;1540;1;2;1;6;76
201400034933;14;9;9;2010;2;2;1;3;76
201400034934;14;9;10;1845;1;2;1;5;76
201400034935;14;9;11;1350;1;2;1;3;76
201400034936;14;9;12;740;1;2;1;7;76
201400034937;14;9;12;1335;1;2;1;2;76
201400034938;14;9;15;1135;1;2;1;6;76
201400034939;14;9;18;816;1;2;1;6;76
201400034940;14;9;19;957;1;2;1;6;76
201400034941;14;9;24;1730;1;2;1;3;76
201400034942;14;9;26;1335;1;2;1;6;76
201400034943;14;9;27;1620;1;2;1;6;76
201400034944;14;9;30;1750;1;2;1;3;76
201400034945;14;10;1;2345;5;2;1;7;76
201400034946;14;10;2;1040;1;2;1;3;76
201400034947;14;10;3;1135;1;2;1;6;76
201400034948;14;10;3;1835;1;2;1;7;76
201400034949;14;10;4;515;5;2;1;6;76
201400034950;14;10;7;809;1;2;1;7;76
201400034951;14;10;7;826;1;2;8;6;76
201400034952;14;10;7;1740;1;2;1;3;76
201400034953;14;10;8;800;5;2;2;6;76
201400034954;14;10;9;243;5;2;1;6;76
201400034955;14;10;10;400;5;1;1;6;76
201400034956;14;10;10;1730;1;2;1;6;76
201400034957;14;10;14;1710;1;2;1;3;76
201400034958;14;10;15;725;2;2;1;5;76
201400034959;14;10;15;1240;1;2;2;4;76
201400034960;14;10;16;815;1;2;1;7;76
201400034961;14;10;16;1005;1;2;1;6;76
201400034962;14;10;18;115;3;1;1;7;76
201400034963;14;10;19;1140;1;2;1;7;76
201400034964;14;10;19;1550;1;2;1;6;76
201400034965;14;10;19;2010;5;2;1;3;76
201400034966;14;10;22;1000;1;2;1;3;76
201400034967;14;10;22;1340;1;2;1;6;76
201400034968;14;10;22;1707;1;2;1;6;76
201400034969;14;10;27;1755;2;2;1;3;76
201400034970;14;10;27;1920;5;2;1;3;76
201400034971;14;10;28;1755;2;2;1;3;76
201400034972;14;10;30;1320;1;2;1;6;76
201400034973;14;11;1;1200;1;2;1;7;76
201400034974;14;11;2;2000;5;2;3;3;76
201400034975;14;11;1;2125;5;2;1;6;76
201400034976;14;11;4;1215;1;2;1;3;76
201400034977;14;11;4;1740;2;2;1;6;76
201400034978;14;11;6;800;1;2;2;7;76
201400034979;14;11;5;2100;5;2;1;6;76
201400034980;14;11;6;2030;3;1;1;6;76
201400034981;14;11;7;1805;5;2;1;7;76
201400034982;14;11;8;210;5;2;1;6;76
201400034983;14;11;15;1659;1;2;1;6;76
201400034984;14;11;9;1815;3;1;1;1;76
201400034985;14;11;9;1920;5;2;1;6;76
201400034986;14;11;10;1810;5;2;1;6;76
201400034987;14;11;10;2250;5;2;1;1;76
201400034988;14;11;12;1250;1;2;1;6;76
201400034989;14;11;13;1300;1;2;1;3;76
201400034990;14;11;14;1545;1;2;1;6;76
201400034991;14;11;17;735;2;2;2;6;76
201400034992;14;11;18;835;1;2;1;6;76
201400034993;14;11;19;1800;5;2;1;6;76
201400034994;14;11;21;1500;1;2;1;3;76
201400034995;14;11;25;720;2;2;2;6;76
201400034996;14;11;25;1205;1;1;2;3;76
201400034997;14;11;26;1845;5;2;1;6;76
201400034998;14;11;26;1915;2;2;1;2;76
201400034999;14;11;26;2037;5;2;1;1;76
201400035000;14;11;27;22;5;2;1;3;76
201400035001;14;12;2;1505;1;2;1;3;76
201400035002;14;12;3;1750;5;2;1;3;76
201400035003;14;12;4;2205;5;2;1;3;76
201400035004;14;12;5;450;5;1;1;6;76
201400035005;14;12;5;1655;2;2;1;4;76
201400035006;14;12;6;450;5;1;1;5;76
201400035007;14;12;6;2115;5;2;1;7;76
201400035008;14;12;7;1530;1;1;2;6;76
201400035009;14;12;9;1740;2;2;1;3;76
201400035010;14;12;11;1800;5;1;2;5;76
201400035011;14;12;12;1830;5;2;1;6;76
201400035012;14;12;13;1035;1;2;1;6;76
201400035013;14;12;13;1550;1;2;1;3;76
201400035014;14;12;15;1755;5;2;1;6;76
201400035015;14;12;15;1850;5;2;2;3;76
201400035016;14;12;15;2010;5;1;1;6;76
201400035017;14;12;16;1800;5;2;9;3;76
201400035018;14;12;17;1900;5;2;2;6;76
201400035019;14;12;19;1345;1;2;3;6;76
201400035020;14;12;19;1400;1;2;2;5;76
201400035021;14;12;19;2110;5;2;1;3;76
201400035022;14;12;25;510;5;2;1;3;76
201400035023;14;12;26;950;1;1;1;6;76
201400035024;14;12;27;5;5;1;3;6;76
201400035025;14;12;29;1955;5;2;1;6;76
201400035026;14;12;31;1715;1;2;1;6;76
201400035027;14;1;1;100;3;1;2;6;76
201400035028;14;1;6;1820;5;2;2;6;76
201400035029;14;12;27;1950;5;2;2;3;76
201400035030;14;10;30;1610;1;1;1;2;76
201400035031;14;1;9;750;2;2;2;6;76
201400035032;14;1;11;1110;1;2;1;2;76
201400035033;14;1;15;515;5;2;1;3;76
201400035034;14;1;11;2130;5;2;1;1;76
201400035035;14;1;14;1628;1;2;1;6;76
201400035036;14;1;11;1615;1;2;1;3;76
201400035037;14;1;11;2315;5;2;1;6;76
201400035038;14;1;14;205;5;2;1;6;76
201400035039;14;1;13;1835;5;2;1;6;76
201400035040;14;1;15;240;5;2;1;3;76
201400035041;14;1;14;2050;5;2;1;3;76
201400035042;14;12;16;1325;1;1;1;5;76
201400035043;14;1;17;530;5;2;1;2;76
201400035044;14;1;16;800;5;2;2;2;76
201400035045;14;1;16;1710;1;2;1;3;76
201400035046;14;1;16;645;2;2;1;3;76
201400035047;14;1;20;800;5;2;1;4;76
201400035048;14;1;18;720;5;2;2;2;76
201400035049;14;1;22;1820;5;2;3;3;76
201400035050;14;1;16;810;1;1;1;2;76
201400035051;14;1;18;955;1;2;1;6;76
201400035052;14;1;23;1310;1;2;3;7;76
201400035053;14;1;23;1250;1;2;1;3;76
201400035054;14;1;11;755;2;2;1;3;76
201400035055;14;1;2;1130;1;1;1;3;76
201400035056;14;1;24;815;1;2;2;3;76
201400035057;14;1;26;625;5;2;1;5;76
201400035058;14;1;25;1540;1;2;1;5;76
201400035059;14;1;25;1800;5;2;1;4;76
201400035060;14;1;29;745;5;2;3;6;76
201400035061;14;1;28;1225;1;2;1;3;76
201400035062;14;1;30;845;1;2;1;4;76
201400035063;14;2;2;240;5;2;1;3;76
201400035064;14;2;5;830;1;2;1;6;76
201400035065;14;2;5;1850;5;2;2;6;76
201400035066;14;2;5;1030;1;2;1;3;76
201400035067;14;2;6;2055;5;2;9;2;76
201400035068;14;1;29;815;5;2;3;6;76
201400035069;14;2;8;915;1;2;2;6;76
201400035070;14;2;7;755;2;2;1;3;76
201400035071;14;2;10;1730;1;2;1;3;76
201400035072;14;2;24;1410;1;2;1;2;76
201400035073;14;2;20;1745;1;2;1;6;76
201400035074;14;2;26;1340;1;2;2;3;76
201400035075;14;2;19;2025;5;2;1;6;76
201400035076;14;2;20;2000;3;1;9;4;76
201400035077;14;2;25;715;2;2;1;6;76
201400035078;14;2;12;1200;1;2;1;3;76
201400035079;14;2;12;710;5;2;9;6;76
201400035080;14;2;12;1340;1;2;1;3;76
201400035081;14;2;13;2150;5;2;1;1;76
201400035082;14;2;14;1710;1;2;2;3;76
201400035083;14;2;16;1320;1;2;1;6;76
201400035084;14;2;17;710;5;2;2;6;76
201400035085;14;2;17;1815;5;2;1;3;76
201400035086;14;2;14;820;2;2;2;3;76
201400035087;14;2;11;608;5;2;2;3;76
201400035088;14;2;14;850;1;2;1;6;76
201400035089;14;2;16;1310;1;2;1;6;76
201400035090;14;2;17;1330;1;2;1;6;76
201400035091;14;2;17;1525;1;2;1;2;76
201400035092;14;2;7;1345;1;2;2;3;76
201400035093;14;2;12;1320;1;2;1;4;76
201400035094;14;2;16;2225;5;2;2;3;76
201400035095;14;2;20;600;3;2;2;6;76
201400035096;14;2;20;830;2;1;2;2;76
201400035097;14;2;28;840;1;2;2;1;76
201400035098;14;3;5;1700;1;2;1;3;76
201400035099;14;3;4;1000;1;2;1;2;76
201400035100;14;2;27;800;2;2;1;6;76
201400035101;14;3;7;1915;3;2;2;4;76
201400035102;14;3;9;815;1;2;1;3;76
201400035103;14;3;9;1800;1;2;1;3;76
201400035104;14;3;12;150;5;2;1;2;76
201400035105;14;3;12;1215;1;2;1;2;76
201400035106;14;3;6;1640;1;2;1;3;76
201400035107;14;3;13;1030;1;2;1;2;76
201400035108;14;3;9;1550;1;2;1;2;76
201400035109;14;3;14;1830;1;1;1;4;76
201400035110;14;3;13;1120;1;2;1;6;76
201400035111;14;3;16;1900;2;2;1;3;76
201400035112;14;3;19;1640;1;2;1;3;76
201400035113;14;3;15;1815;2;2;1;3;76
201400035114;14;3;22;1300;1;2;1;3;76
201400035115;14;3;21;2320;5;2;1;3;76
201400035116;14;3;22;2030;5;2;1;5;76
201400035117;14;3;4;1145;1;2;1;3;76
201400035118;14;3;20;1820;1;2;1;3;76
201400035119;14;3;25;940;1;2;1;6;76
201400035120;14;3;26;950;1;2;1;3;76
201400035121;14;3;24;800;1;2;1;4;76
201400035122;14;3;7;720;1;2;1;3;76
201400035123;14;3;28;1155;1;2;1;5;76
201400035124;14;3;27;815;1;2;1;6;76
201400035125;14;3;29;1840;1;2;1;3;76
201400035126;14;3;19;640;5;1;1;3;76
201400035127;14;4;4;2000;1;1;1;2;76
201400035128;14;4;2;1630;1;2;1;6;76
201400035129;14;4;9;1520;1;2;1;6;76
201400035130;14;4;5;1510;1;1;1;2;76
201400035131;14;3;2;2335;5;2;2;3;76
201400035132;14;4;13;1815;1;2;1;3;76
201400035133;14;4;6;1840;1;2;1;4;76
201400035134;14;4;12;1630;1;2;1;6;76
201400035135;14;4;15;1815;1;2;1;2;76
201400035136;14;4;14;940;1;2;1;6;76
201400035137;14;4;17;840;1;2;1;3;76
201400035138;14;4;23;940;1;2;1;7;76
201400035139;14;4;21;645;1;2;1;5;76
201400035140;14;4;20;600;5;2;9;6;76
201400035141;14;5;3;1905;1;2;1;6;76
201400035142;14;5;5;2115;1;2;1;4;76
201400035143;14;5;9;745;1;2;9;2;76
201400035144;14;4;25;1725;1;1;1;1;76
201400035145;14;5;9;1330;1;2;1;6;76
201400035146;14;5;16;1610;1;2;1;7;76
201400035147;14;5;17;1;5;2;1;6;76
201400035148;14;5;3;2010;1;1;1;7;76
201400035149;14;5;24;200;5;2;1;6;76
201400035150;14;5;24;330;3;1;1;6;76
201400035151;14;5;10;310;3;1;1;6;76
201400035152;14;4;15;1945;1;2;1;3;76
201400035153;14;4;19;1155;1;2;1;6;76
201400035154;14;4;22;840;1;1;1;3;76
201400035155;14;4;18;2010;1;2;1;7;76
201400035156;14;4;27;1405;1;2;1;3;76
201400035157;14;5;9;1402;1;2;1;3;76
201400035158;14;5;4;730;1;2;1;3;76
201400035159;14;6;5;700;1;1;1;6;76
201400035160;14;5;28;1615;1;2;2;7;76
201400035161;14;5;22;1535;1;2;1;6;76
201400035162;14;6;4;1700;1;2;1;6;76
201400035163;14;6;4;1615;1;2;2;2;76
201400035164;14;6;5;1915;1;2;1;2;76
201400035165;14;5;5;2130;1;2;1;6;76
201400035166;14;6;6;1900;1;1;1;1;76
201400035167;14;6;8;1840;1;2;1;2;76
201400035168;14;6;10;810;1;1;1;4;76
201400035169;14;5;28;1210;1;2;3;7;76
201400035170;14;6;9;1755;1;2;1;1;76
201400035171;14;6;3;1400;1;2;1;2;76
201400035172;14;6;10;1430;1;2;1;6;76
201400035173;14;5;15;725;1;2;1;3;76
201400035174;14;6;12;1715;1;2;1;7;76
201400035175;14;6;13;1345;1;2;1;2;76
201400035176;14;6;14;1100;1;2;1;3;76
201400035177;14;5;28;1800;1;2;1;6;76
201400035178;14;5;18;1750;1;2;1;3;76
201400035179;14;6;13;1345;1;2;1;3;76
201400035180;14;6;20;755;1;2;1;6;76
201400035181;14;6;20;1745;1;2;1;6;76
201400035182;14;5;14;1950;1;2;1;3;76
201400035183;14;6;22;2105;1;1;1;1;76
201400035184;14;6;17;815;1;2;1;6;76
201400035185;14;6;24;1300;1;2;1;6;76
201400035186;14;6;26;1500;1;2;1;6;76
201400035187;14;6;27;1540;1;2;2;1;76
201400035188;14;6;7;1530;1;2;1;6;76
201400035189;14;7;1;1605;1;1;1;6;76
201400035190;14;7;2;1845;1;1;1;4;76
201400035191;14;7;2;1915;1;2;1;7;76
201400035192;14;7;3;732;1;2;1;6;76
201400035193;14;6;27;1500;1;2;1;6;76
201400035194;14;7;5;145;5;1;1;7;76
201400035195;14;7;3;1900;1;2;1;6;76
201400035196;14;7;6;2300;5;2;1;6;76
201400035197;14;7;11;1500;1;2;1;6;76
201400035198;14;7;12;1530;1;1;1;2;76
201400035199;14;7;12;1730;1;2;1;6;76
201400035200;14;7;4;1645;1;2;2;6;76
201400035201;14;7;18;1615;1;2;1;6;76
201400035202;14;7;21;1700;1;2;1;3;76
201400035203;14;7;20;1625;1;2;1;6;76
201400035204;14;7;26;1830;1;2;1;7;76
201400035205;14;7;26;2140;1;2;1;6;76
201400035206;14;8;1;1920;1;2;1;6;76
201400035207;14;8;3;1855;1;2;1;6;76
201400035208;14;8;1;720;1;2;1;3;76
201400035209;14;8;1;2010;1;2;1;6;76
201400035210;14;8;4;2155;1;2;1;6;76
201400035211;14;8;9;1530;1;1;1;7;76
201400035212;14;8;11;1610;1;2;1;6;76
201400035213;14;8;11;1400;1;1;1;6;76
201400035214;14;8;12;2230;5;2;1;6;76
201400035215;14;8;13;1605;1;2;1;3;76
201400035216;14;8;15;450;5;1;2;6;76
201400035217;14;8;11;1835;1;2;1;2;76
201400035218;14;8;19;1015;1;2;1;2;76
201400035219;14;6;24;2320;5;2;1;3;76
201400035220;14;7;25;1230;1;2;1;3;76
201400035221;14;7;30;955;1;2;1;6;76
201400035222;14;8;14;930;1;1;1;1;76
201400035223;14;8;6;1730;1;2;1;2;76
201400035224;14;8;23;2105;2;2;1;6;76
201400035225;14;8;23;1800;1;2;1;6;76
201400035226;14;6;12;830;1;2;1;7;76
201400035227;14;8;27;2015;1;1;1;6;76
201400035228;14;9;3;2224;5;2;1;6;76
201400035229;14;9;6;35;5;2;1;7;76
201400035230;14;9;6;2005;1;2;1;2;76
201400035231;14;8;13;1700;1;2;1;3;76
201400035232;14;7;16;1605;1;2;1;3;76
201400035233;14;9;13;1530;1;2;1;4;76
201400035234;14;8;1;1320;1;2;1;6;76
201400035235;14;8;25;1410;1;2;2;3;76
201400035236;14;9;16;1615;1;2;1;2;76
201400035237;14;9;9;1610;1;2;1;3;76
201400035238;14;9;1;1350;1;2;1;3;76
201400035239;14;9;17;1510;1;2;1;6;76
201400035240;14;9;21;230;5;2;1;4;76
201400035241;14;9;18;1530;1;2;1;7;76
201400035242;14;9;21;715;2;2;2;2;76
201400035243;14;9;10;1705;1;2;1;3;76
201400035244;14;9;27;2155;5;2;1;1;76
201400035245;14;9;27;1625;1;2;1;3;76
201400035246;14;9;28;1900;1;1;1;1;76
201400035247;14;9;27;1750;1;2;1;3;76
201400035248;14;9;23;700;1;1;1;5;76
201400035249;14;9;19;1520;1;2;1;6;76
201400035250;14;9;16;1500;1;2;1;1;76
201400035251;14;8;24;1700;1;2;1;7;76
201400035252;14;9;27;1740;1;2;1;3;76
201400035253;14;10;1;840;1;2;1;6;76
201400035254;14;9;22;1603;1;2;1;6;76
201400035255;14;10;3;1400;1;2;1;7;76
201400035256;14;10;7;805;2;2;2;7;76
201400035257;14;10;7;1240;1;2;1;3;76
201400035258;14;10;10;850;1;2;1;6;76
201400035259;14;10;7;1920;2;2;1;2;76
201400035260;14;10;13;1445;1;2;1;3;76
201400035261;14;10;8;745;4;2;3;6;76
201400035262;14;10;11;1710;1;2;1;6;76
201400035263;14;10;12;1420;1;2;1;1;76
201400035264;14;10;17;2330;5;2;1;6;76
201400035265;14;10;26;315;5;2;1;3;76
201400035266;14;10;25;1540;1;2;1;7;76
201400035267;14;10;29;1025;1;2;1;3;76
201400035268;14;10;28;1320;1;2;1;3;76
201400035269;14;10;30;1400;1;2;1;3;76
201400035270;14;11;5;105;5;1;1;2;76
201400035271;14;11;2;35;5;2;1;6;76
201400035272;14;10;16;1200;1;2;1;3;76
201400035273;14;11;5;955;1;2;1;6;76
201400035274;14;10;16;740;2;2;2;6;76
201400035275;14;10;31;1700;1;2;1;6;76
201400035276;14;10;31;2050;5;2;1;2;76
201400035277;14;10;24;1415;1;1;2;3;76
201400035278;14;11;6;1700;1;2;1;3;76
201400035279;14;11;13;1930;5;2;1;3;76
201400035280;14;11;13;1400;1;2;1;6;76
201400035281;14;11;9;840;1;2;2;6;76
201400035282;14;10;22;1345;1;2;1;3;76
201400035283;14;11;12;1220;1;2;1;6;76
201400035284;14;11;14;825;1;2;1;3;76
201400035285;14;11;14;945;1;2;2;1;76
201400035286;14;11;13;1705;1;2;1;3;76
201400035287;14;11;18;1340;1;1;2;3;76
201400035288;14;11;17;730;5;2;1;4;76
201400035289;14;11;20;115;5;1;1;3;76
201400035290;14;11;20;1715;1;2;1;3;76
201400035291;14;11;22;1800;5;2;1;6;76
201400035292;14;11;23;430;5;2;2;6;76
201400035293;14;11;24;1550;1;1;1;3;76
201400035294;14;11;24;1825;5;2;1;6;76
201400035295;14;11;20;1700;5;2;1;6;76
201400035296;14;11;25;1415;1;2;1;3;76
201400035297;14;9;24;1710;1;2;2;6;76
201400035298;14;11;26;1600;1;2;9;6;76
201400035299;14;11;25;1615;1;2;1;2;76
201400035300;14;11;18;2100;5;2;1;3;76
201400035301;14;11;30;2040;5;2;1;2;76
201400035302;14;11;28;850;1;2;1;3;76
201400035303;14;11;28;1330;1;2;3;1;76
201400035304;14;12;1;820;1;2;1;6;76
201400035305;14;12;3;1725;5;2;1;6;76
201400035306;14;12;5;1750;5;2;1;6;76
201400035307;14;12;9;1755;5;2;2;6;76
201400035308;14;12;15;1425;1;2;1;6;76
201400035309;14;12;16;1820;5;2;1;5;76
201400035310;14;12;18;1710;1;2;1;6;76
201400035311;14;12;18;1930;5;2;8;3;76
201400035312;14;12;12;740;5;2;2;3;76
201400035313;14;12;13;1610;1;2;2;3;76
201400035314;14;12;18;1630;1;2;1;7;76
201400035315;14;12;16;1655;2;2;1;6;76
201400035316;14;12;27;615;5;2;2;3;76
201400035477;14;11;15;1415;1;1;1;2;77
201400035479;14;1;4;1809;4;2;1;6;77
201400035482;14;2;11;1635;1;1;1;5;77
201400035635;14;2;2;125;3;1;9;2;77
201400035640;14;3;7;1131;1;1;1;1;77
201400036137;14;12;27;2100;5;1;2;3;78
201400036230;14;5;15;1740;1;2;1;6;80
201400036231;14;5;19;1830;1;2;1;1;80
201400036232;14;6;10;2030;1;1;1;7;80
201400036233;14;6;13;1100;1;2;1;6;80
201400036234;14;6;10;1605;1;2;1;6;80
201400036236;14;9;14;145;5;2;1;6;80
201400036237;14;10;16;1015;1;2;1;2;80
201400036238;14;10;27;900;1;2;1;3;80
201400036239;14;11;6;1755;5;2;8;6;80
201400036240;14;11;9;1910;5;2;2;3;80
201400036241;14;12;20;955;1;2;2;1;80
201400036242;14;12;21;1635;1;2;8;6;80
201400036243;14;1;4;1500;1;2;7;2;80
201400036244;14;1;3;1715;2;2;2;2;80
201400036247;14;1;7;1520;1;2;1;3;80
201400036248;14;1;8;1225;1;2;1;3;80
201400036249;14;1;8;2120;5;2;1;1;80
201400036251;14;1;12;940;1;2;1;3;80
201400036252;14;1;11;1730;5;2;1;3;80
201400036253;14;1;14;1825;5;2;1;4;80
201400036254;14;1;13;815;1;2;1;6;80
201400036255;14;1;13;1500;1;2;1;2;80
201400036256;14;1;14;1710;1;2;1;2;80
201400036257;14;1;14;1700;1;2;1;6;80
201400036259;14;1;14;740;2;2;1;5;80
201400036260;14;1;15;800;2;2;8;6;80
201400036262;14;1;16;920;1;2;3;4;80
201400036263;14;1;17;1115;1;2;1;6;80
201400036264;14;1;21;1930;5;2;1;6;80
201400036265;14;1;21;1710;2;2;1;3;80
201400036266;14;1;20;745;5;2;1;2;80
201400036267;14;1;27;1635;1;2;1;6;80
201400036268;14;1;25;1810;5;2;1;6;80
201400036269;14;1;29;1430;1;2;2;7;80
201400036270;14;1;28;1215;1;2;1;1;80
201400036271;14;2;3;820;1;2;1;2;80
201400036272;14;2;4;1325;1;2;1;3;80
201400036273;14;2;5;1020;1;2;1;3;80
201400036274;14;2;5;1435;1;2;1;2;80
201400036275;14;2;9;700;3;1;1;6;80
201400036277;14;2;7;1435;1;2;1;6;80
201400036278;14;2;7;900;1;2;2;3;80
201400036279;14;2;6;740;2;2;1;6;80
201400036283;14;2;15;1034;1;2;1;7;80
201400036284;14;2;12;805;1;2;1;3;80
201400036285;14;2;12;1110;1;2;1;5;80
201400036287;14;2;17;1750;1;2;1;3;80
201400036288;14;2;18;1900;4;2;1;6;80
201400036289;14;2;17;930;1;1;1;3;80
201400036290;14;2;20;1850;5;2;3;6;80
201400036291;14;2;20;1920;5;2;2;6;80
201400036294;14;2;26;1330;1;2;1;5;80
201400036295;14;2;25;1725;1;2;1;3;80
201400036296;14;2;23;736;2;2;1;6;80
201400036297;14;3;7;2035;5;2;1;6;80
201400036298;14;3;12;1425;1;2;1;3;80
201400036299;14;3;12;840;1;2;1;2;80
201400036300;14;3;5;1830;2;2;2;3;80
201400036301;14;3;9;1955;5;2;1;6;80
201400036302;14;3;15;2230;5;2;1;3;80
201400036303;14;3;16;1520;1;2;1;6;80
201400036304;14;3;18;1315;1;2;1;6;80
201400036305;14;3;13;815;1;2;5;2;80
201400036306;14;3;18;1720;1;2;1;3;80
201400036308;14;3;22;1920;2;2;1;3;80
201400036310;14;3;28;1200;1;2;1;6;80
201400036311;14;3;26;850;1;2;1;3;80
201400036312;14;3;26;1950;5;2;1;2;80
201400036313;14;4;2;2030;5;2;1;6;80
201400036314;14;4;4;715;1;2;1;6;80
201400036315;14;4;4;1830;1;2;1;3;80
201400036316;14;4;4;1000;1;2;1;6;80
201400036317;14;4;9;1845;1;2;1;3;80
201400036318;14;4;8;1744;1;2;1;6;80
201400036319;14;4;11;1425;1;2;1;2;80
201400036320;14;4;11;745;1;2;1;3;80
201400036322;14;4;14;1930;1;2;1;2;80
201400036323;14;4;14;1840;1;2;1;2;80
201400036324;14;4;15;1915;1;2;1;6;80
201400036325;14;4;15;1025;1;2;1;6;80
201400036326;14;4;15;1215;1;2;1;3;80
201400036327;14;4;16;1830;1;2;1;3;80
201400036328;14;4;17;1220;1;2;1;3;80
201400036329;14;4;18;1935;1;2;1;3;80
201400036330;14;4;23;1805;1;2;1;4;80
201400036331;14;4;30;1350;1;2;1;2;80
201400036332;14;5;1;1615;1;2;3;6;80
201400036333;14;5;3;1440;1;2;1;3;80
201400036334;14;5;6;1645;1;2;2;6;80
201400036335;14;5;6;1730;1;2;3;3;80
201400036336;14;5;6;1440;1;2;2;2;80
201400036337;14;5;11;2025;1;2;1;6;80
201400036338;14;5;16;1110;1;2;1;2;80