Num_Acc;an;mois;jour;hrmn;lum;agg;atm;col;dep
201400036339;14;5;16;2115;1;2;1;3;80
201400036341;14;5;19;1340;1;2;1;3;80
201400036342;14;5;20;1200;1;2;1;3;80
201400036344;14;5;23;1535;1;2;2;2;80
201400036345;14;5;26;1340;1;2;2;3;80
201400036346;14;5;27;1320;1;2;1;2;80
201400036347;14;5;31;1410;1;2;1;3;80
201400036348;14;6;5;845;1;2;1;3;80
201400036349;14;6;5;1850;1;2;1;2;80
201400036350;14;6;9;655;1;2;1;6;80
201400036351;14;6;9;1415;1;2;8;6;80
201400036353;14;6;11;730;1;2;1;6;80
201400036354;14;6;13;2210;5;2;1;1;80
201400036355;14;6;19;1420;1;2;1;2;80
201400036356;14;6;19;1735;1;2;1;2;80
201400036357;14;6;20;1330;1;2;1;3;80
201400036358;14;6;20;1945;1;2;1;3;80
201400036361;14;6;27;1635;1;2;1;6;80
201400036362;14;6;27;2335;5;2;1;7;80
201400036363;14;6;29;1400;1;2;3;3;80
201400036364;14;6;29;1559;1;2;2;3;80
201400036366;14;7;1;1525;1;2;1;3;80
201400036367;14;7;5;2130;1;2;1;4;80
201400036368;14;7;12;1450;1;2;1;3;80
201400036369;14;7;15;1650;1;2;1;3;80
201400036370;14;7;10;1240;1;2;1;2;80
201400036371;14;7;16;1155;1;2;1;1;80
201400036372;14;7;9;1525;1;2;2;2;80
201400036373;14;7;9;1825;1;2;2;3;80
201400036374;14;7;7;1715;1;2;1;2;80
201400036375;14;7;3;1110;1;2;1;3;80
201400036376;14;7;3;820;1;2;1;6;80
201400036377;14;7;7;1715;1;2;1;6;80
201400036378;14;7;17;1725;1;2;1;6;80
201400036379;14;7;22;1700;1;2;1;2;80
201400036380;14;7;25;2225;5;2;1;3;80
201400036381;14;7;30;1700;1;2;1;6;80
201400036382;14;7;31;1205;1;2;1;3;80
201400036383;14;8;2;2050;1;2;1;2;80
201400036384;14;8;1;1705;1;2;1;3;80
201400036385;14;8;3;2010;1;2;1;6;80
201400036386;14;8;4;2135;2;2;1;3;80
201400036387;14;8;7;1740;1;2;1;3;80
201400036388;14;8;7;1750;1;2;1;3;80
201400036389;14;8;24;1850;1;2;1;1;80
201400036390;14;8;19;1730;1;2;1;3;80
201400036391;14;8;22;1010;1;2;1;6;80
201400036392;14;8;25;2120;5;2;3;6;80
201400036393;14;8;26;1630;1;2;1;5;80
201400036394;14;8;27;1855;1;2;1;7;80
201400036395;14;8;27;1220;1;2;1;3;80
201400036396;14;8;26;2015;1;2;1;3;80
201400036397;14;8;28;1305;1;2;2;3;80
201400036398;14;8;29;2100;2;2;1;2;80
201400036399;14;8;31;1855;1;2;1;3;80
201400036400;14;9;1;1015;1;2;1;2;80
201400036401;14;9;2;1715;1;2;1;6;80
201400036402;14;9;4;2155;5;2;1;3;80
201400036403;14;9;5;10;5;2;1;6;80
201400036404;14;9;7;1910;1;2;1;3;80
201400036405;14;9;8;845;1;2;1;7;80
201400036406;14;9;11;820;1;2;1;2;80
201400036407;14;9;13;1640;1;2;1;7;80
201400036408;14;9;13;1615;1;1;1;2;80
201400036409;14;9;16;2120;2;2;1;6;80
201400036410;14;9;17;1740;1;2;1;7;80
201400036411;14;9;18;2040;2;2;3;3;80
201400036412;14;9;18;1715;1;2;1;3;80
201400036413;14;9;19;1845;1;2;1;7;80
201400036414;14;9;22;900;1;2;1;3;80
201400036415;14;9;22;920;1;2;1;2;80
201400036416;14;9;24;1830;1;1;3;7;80
201400036417;14;9;24;2145;5;2;1;3;80
201400036418;14;9;26;2235;5;2;1;3;80
201400036419;14;9;26;820;1;2;1;7;80
201400036420;14;9;28;2105;5;2;1;2;80
201400036421;14;9;27;2135;5;2;1;3;80
201400036422;14;9;30;1820;1;1;1;4;80
201400036423;14;9;30;1555;1;2;1;2;80
201400036424;14;10;1;1020;1;2;1;3;80
201400036425;14;10;1;1505;1;2;1;7;80
201400036426;14;10;1;1850;1;2;1;7;80
201400036427;14;10;1;2020;5;1;1;3;80
201400036428;14;10;2;815;1;2;1;7;80
201400036429;14;10;3;1955;4;2;1;7;80
201400036430;14;10;3;1545;1;2;1;7;80
201400036431;14;10;4;950;1;2;1;3;80
201400036432;14;10;6;1710;1;2;2;3;80
201400036433;14;10;8;1425;1;2;2;7;80
201400036434;14;10;8;1845;1;2;2;3;80
201400036435;14;10;13;1135;1;2;1;3;80
201400036436;14;10;17;1210;1;2;1;1;80
201400036437;14;10;18;105;3;1;1;7;80
201400036438;14;10;19;2345;5;2;1;3;80
201400036439;14;10;21;1530;1;2;1;3;80
201400036440;14;10;25;1530;1;1;1;1;80
201400036441;14;11;4;920;1;2;1;6;80
201400036442;14;11;4;1135;1;2;1;3;80
201400036443;14;11;5;1730;1;2;1;7;80
201400036444;14;11;6;1445;1;2;1;3;80
201400036445;14;11;8;2145;5;2;1;7;80
201400036446;14;11;7;1715;2;2;1;7;80
201400036447;14;11;12;1255;1;2;1;3;80
201400036448;14;11;13;725;2;2;1;3;80
201400036449;14;11;13;1710;1;2;1;1;80
201400036450;14;11;13;1700;2;2;1;3;80
201400036452;14;11;18;2305;5;2;1;2;80
201400036453;14;11;19;810;2;1;5;4;80
201400036454;14;11;19;1300;1;2;1;3;80
201400036455;14;11;21;1600;2;2;1;1;80
201400036456;14;11;23;1905;5;2;1;7;80
201400036457;14;11;23;1445;1;2;1;3;80
201400036458;14;11;25;730;5;2;1;7;80
201400036459;14;11;25;1750;5;2;1;7;80
201400036460;14;11;26;950;1;2;1;2;80
201400036461;14;11;29;1415;1;2;1;4;80
201400036462;14;11;27;755;2;2;1;3;80
201400036463;14;11;30;1725;5;2;1;2;80
201400036464;14;12;2;1500;1;2;2;7;80
201400036465;14;12;3;1135;1;2;1;7;80
201400036466;14;12;6;1505;1;2;1;2;80
201400036467;14;12;5;1740;5;2;2;7;80
201400036468;14;12;5;1720;5;2;2;7;80
201400036469;14;12;9;815;1;2;1;7;80
201400036470;14;12;10;2250;5;2;2;3;80
201400036471;14;12;12;2020;5;2;2;3;80
201400036472;14;12;12;1355;1;2;2;3;80
201400036473;14;12;12;2230;5;2;2;7;80
201400036474;14;12;18;1530;1;2;1;3;80
201400036475;14;12;21;1650;1;2;1;7;80
201400036476;14;12;19;1820;2;2;1;7;80
201400036477;14;12;19;955;1;2;1;2;80
201400036478;14;12;23;1740;5;2;1;1;80
201400036479;14;12;28;1510;1;2;1;3;80
201400036480;14;12;27;2140;5;2;1;7;80
201400036481;14;12;29;850;1;2;1;7;80
201400036483;14;3;18;1600;1;2;8;6;81
201400036484;14;3;28;850;1;2;1;2;81
201400036485;14;4;17;1505;1;2;1;3;81
201400036486;14;5;30;1600;1;2;1;3;81
201400036487;14;6;5;525;3;1;1;6;81
201400036489;14;7;19;1530;1;1;1;1;81
201400036490;14;10;4;1119;1;2;1;6;81
201400036491;14;10;7;200;5;2;1;3;81
201400036492;14;3;5;2325;5;2;1;7;81
201400036493;14;3;8;2200;5;2;1;3;81
201400036494;14;7;25;525;5;2;1;6;81
201400036495;14;7;29;1903;1;2;1;6;81
201400036496;14;10;29;930;1;2;1;6;81
201400036499;14;1;10;1100;1;1;1;2;81
201400036500;14;1;19;150;3;1;1;6;81
201400036502;14;3;17;300;3;1;1;7;81
201400036503;14;4;2;1600;1;1;1;5;81
201400036504;14;4;12;1400;1;2;1;6;81
201400036505;14;5;20;1045;1;1;6;1;81
201400036506;14;8;12;1720;1;1;1;3;81
201400036507;14;9;19;1555;1;2;1;3;81
201400036508;14;9;25;30;5;2;1;3;81
201400036509;14;11;22;1045;1;2;1;6;81
201400036510;14;12;18;1640;2;2;3;7;81
201400036511;14;6;14;1655;1;2;1;6;81
201400036512;14;7;30;1500;1;2;1;3;81
201400036513;14;9;25;920;1;1;1;3;81
201400036514;14;9;20;1855;1;2;1;3;81
201400036519;14;4;22;910;1;2;2;2;82
201400036550;14;4;3;1550;1;2;2;6;82
201400036552;14;4;6;655;2;1;1;6;82
201400036555;14;5;4;520;5;2;1;2;82
201400036556;14;5;7;1500;1;1;1;1;82
201400036566;14;9;1;1930;1;1;1;3;82
201400036586;14;1;20;1700;1;2;1;3;83
201400036588;14;2;4;1740;5;2;2;3;83
201400036589;14;2;5;1645;1;2;1;4;83
201400036591;14;3;11;2025;5;2;1;7;83
201400036593;14;4;16;1352;1;2;1;6;83
201400036596;14;5;8;1310;1;2;1;3;83
201400036598;14;6;7;1410;1;2;1;5;83
201400036599;14;6;19;1640;1;2;1;6;83
201400036602;14;7;11;1800;1;2;1;6;83
201400036604;14;9;3;1125;1;2;1;6;83
201400036605;14;9;6;1400;1;2;9;6;83
201400036609;14;10;22;1145;1;2;1;6;83
201400036612;14;11;9;1620;1;2;2;3;83
201400036613;14;12;6;1635;2;2;8;7;83
201400036614;14;12;4;850;1;2;1;3;83
201400036615;14;11;27;1700;5;2;3;6;83
201400036617;14;12;13;530;5;2;1;7;83
201400036618;14;12;18;1215;1;2;1;3;83
201400036619;14;12;23;1825;5;2;1;1;83
201400036620;14;12;31;1030;1;2;1;3;83
201400036621;14;12;16;2215;5;2;1;3;83
201400036622;14;1;23;1650;1;1;1;7;83
201400036627;14;3;25;1445;1;1;1;7;83
201400036628;14;2;9;955;1;2;1;6;83
201400036629;14;4;1;821;1;1;1;6;83
201400036633;14;4;15;1140;1;1;1;2;83
201400036634;14;4;15;2150;5;2;1;3;83
201400036635;14;5;12;1735;1;2;1;2;83
201400036637;14;5;14;1536;1;2;1;7;83
201400036638;14;6;6;1555;1;1;1;6;83
201400036648;14;6;11;855;1;2;1;2;83
201400036649;14;7;30;1845;1;2;1;7;83
201400036656;14;10;19;1740;1;2;1;6;83
201400036657;14;9;25;1440;1;2;1;3;83
201400036658;14;10;3;1025;1;2;1;6;83
201400036660;14;11;7;1125;1;2;1;6;83
201400036666;14;1;17;1615;1;2;1;6;83
201400036667;14;1;25;1215;1;2;1;3;83
201400036675;14;3;29;1505;1;1;6;1;83
201400036695;14;7;29;1935;1;2;6;6;83
201400036697;14;7;31;650;2;2;1;6;83
201400036699;14;9;10;845;1;1;1;6;83
201400036702;14;9;27;437;5;2;1;1;83
201400036703;14;11;5;1830;5;2;1;6;83
201400036710;14;1;13;1010;1;2;1;3;83
201400036715;14;2;11;1400;1;2;1;6;83
201400036720;14;3;8;1915;5;2;1;3;83
201400036721;14;3;10;1800;1;2;1;3;83
201400036724;14;3;25;1730;1;2;1;2;83
201400036729;14;4;19;1810;1;2;1;3;83
201400036730;14;4;20;2155;5;2;1;1;83
201400036731;14;4;29;1500;1;2;1;3;83
201400036737;14;6;12;955;1;2;1;1;83
201400036738;14;6;19;635;2;2;1;3;83
201400036739;14;6;24;1410;1;1;1;3;83
201400036741;14;7;6;1115;1;2;1;6;83
201400036743;14;8;1;40;5;2;1;3;83
201400036744;14;8;1;1640;1;2;1;6;83
201400036745;14;8;4;2030;1;2;1;3;83
201400036747;14;8;18;1410;1;2;1;5;83
201400036750;14;9;4;855;1;2;1;3;83
201400036751;14;9;6;1925;1;2;1;6;83
201400036755;14;10;1;1400;1;1;1;6;83
201400036757;14;10;7;1955;4;2;1;3;83
201400036758;14;10;16;800;1;2;1;7;83
201400036759;14;10;23;1220;1;2;1;3;83
201400036760;14;10;29;120;3;2;1;6;83
201400036764;14;11;9;355;5;2;2;6;83
201400036770;14;12;9;1320;1;2;1;6;83
201400036771;14;12;14;1450;1;2;1;7;83
201400036772;14;12;17;2030;5;2;1;2;83
201400036773;14;12;23;1710;5;2;1;6;83
201400036779;14;2;13;1825;3;2;1;6;83
201400036780;14;2;20;1555;1;2;7;3;83
201400036781;14;3;9;1545;1;2;1;3;83
201400036782;14;3;14;745;1;2;1;6;83
201400036783;14;3;22;2030;5;2;2;5;83
201400036788;14;5;5;100;5;2;1;6;83
201400036790;14;7;3;1927;1;2;1;2;83
201400036791;14;7;3;830;2;2;7;2;83
201400036794;14;7;31;1115;1;2;1;6;83
201400036795;14;9;2;835;1;2;1;3;83
201400036796;14;9;6;1805;1;2;1;7;83
201400036797;14;9;14;1430;1;2;1;1;83
201400036798;14;10;6;950;1;2;1;3;83
201400036799;14;10;16;1102;1;2;1;2;83
201400036801;14;10;31;2310;5;2;1;6;83
201400036802;14;11;2;2020;5;2;1;7;83
201400036803;14;12;16;1805;3;2;1;6;83
201400036807;14;1;3;1915;5;2;1;6;83
201400036808;14;1;15;35;5;2;1;6;83
201400036809;14;1;8;815;1;2;1;3;83
201400036810;14;1;9;1635;1;2;1;6;83
201400036811;14;1;10;2020;5;2;1;6;83
201400036813;14;1;16;730;5;2;3;6;83
201400036814;14;1;16;1845;5;2;3;6;83
201400036815;14;1;17;1535;1;2;1;6;83
201400036816;14;1;20;1845;3;1;8;6;83
201400036818;14;1;21;835;1;2;1;2;83
201400036819;14;1;21;1600;1;2;1;6;83
201400036821;14;1;25;1120;1;2;1;4;83
201400036823;14;1;18;1900;4;2;8;7;83
201400036830;14;1;29;1930;5;2;1;6;83
201400036832;14;2;16;1420;1;2;1;7;83
201400036834;14;2;20;1945;5;1;1;2;83
201400036835;14;2;28;700;1;2;1;3;83
201400036836;14;3;10;900;1;2;1;6;83
201400036838;14;3;5;1818;1;2;1;3;83
201400036840;14;3;4;1620;1;2;1;3;83
201400036841;14;3;7;1820;2;2;1;6;83
201400036846;14;3;17;1410;1;2;1;3;83
201400036847;14;3;18;1415;1;2;1;2;83
201400036848;14;3;23;220;5;2;1;3;83
201400036849;14;3;21;1330;1;2;1;3;83
201400036852;14;3;23;1715;1;2;6;5;83
201400036854;14;3;28;1515;1;2;1;5;83
201400036855;14;3;27;830;1;2;1;6;83
201400036856;14;4;1;1415;1;2;1;3;83
201400036857;14;4;1;1600;1;1;8;3;83
201400036860;14;3;31;1145;1;2;1;3;83
201400036861;14;4;9;1200;1;2;1;6;83
201400036864;14;4;11;1805;1;2;1;2;83
201400036865;14;4;5;1320;1;2;1;3;83
201400036868;14;4;19;925;1;2;2;4;83
201400036872;14;4;19;1845;1;2;1;5;83
201400036875;14;4;27;1515;1;2;1;6;83
201400036876;14;4;27;2225;5;2;1;3;83
201400036877;14;4;29;1500;1;2;1;6;83
201400036878;14;5;3;1650;1;2;1;6;83
201400036880;14;4;26;1500;1;2;1;3;83
201400036882;14;5;7;1530;1;2;1;6;83
201400036883;14;5;13;1440;1;2;1;5;83
201400036885;14;5;16;810;1;2;1;3;83
201400036886;14;5;17;1800;1;1;1;6;83
201400036887;14;5;17;2215;5;2;1;3;83
201400036888;14;5;19;1000;1;2;2;3;83
201400036890;14;5;22;1;5;2;1;1;83
201400036893;14;5;26;830;1;2;1;6;83
201400036894;14;5;28;825;1;1;1;1;83
201400036895;14;5;28;2015;1;2;1;2;83
201400036897;14;5;24;2048;5;2;1;2;83
201400036898;14;6;2;1950;1;2;1;3;83
201400036899;14;6;3;1500;1;2;1;6;83
201400036900;14;5;4;25;5;2;1;6;83
201400036901;14;5;6;1645;1;2;1;2;83
201400036903;14;5;18;1530;1;2;1;3;83
201400036906;14;5;30;2000;2;2;1;6;83
201400036908;14;6;17;1450;1;2;1;3;83
201400036910;14;6;18;715;1;2;1;3;83
201400036911;14;6;18;1815;1;2;1;3;83
201400036914;14;6;23;620;1;2;1;3;83
201400036915;14;6;27;700;1;2;1;1;83
201400036918;14;7;7;1350;1;2;1;4;83
201400036919;14;7;10;245;5;2;1;6;83
201400036920;14;7;10;1026;1;2;1;6;83
201400036921;14;7;15;855;1;2;1;6;83
201400036924;14;7;16;1150;1;2;1;3;83
201400036925;14;7;17;1620;1;2;1;2;83
201400036926;14;7;21;1900;1;1;1;7;83
201400036927;14;7;9;1255;1;2;1;6;83
201400036928;14;7;15;1740;1;2;1;1;83
201400036929;14;6;28;540;2;2;1;7;83
201400036930;14;7;23;1425;1;2;1;5;83
201400036931;14;7;25;1730;1;2;1;6;83
201400036933;14;8;1;1830;1;2;1;1;83
201400036934;14;8;3;1345;1;2;1;6;83
201400036936;14;8;5;1850;1;2;1;3;83
201400036938;14;8;7;1100;1;2;1;3;83
201400036939;14;8;8;1730;1;1;1;6;83
201400036947;14;8;20;450;5;2;1;3;83
201400036950;14;8;26;118;5;2;1;1;83
201400036951;14;8;26;1820;1;2;1;6;83
201400036954;14;8;27;2035;4;2;1;6;83
201400036956;14;8;27;1755;1;2;1;3;83
201400036959;14;9;6;50;4;1;1;6;83
201400036960;14;9;7;1600;1;2;1;6;83
201400036966;14;9;14;1610;1;2;1;3;83
201400036968;14;9;17;1152;1;2;1;6;83
201400036969;14;9;16;620;2;2;1;2;83
201400036971;14;9;17;1305;1;2;1;6;83
201400036974;14;9;6;1145;1;2;1;2;83
201400036975;14;9;13;945;1;2;7;7;83
201400036976;14;9;22;810;1;2;1;2;83
201400036977;14;9;23;1615;1;2;1;3;83
201400036980;14;9;14;1620;1;2;1;3;83
201400036981;14;9;25;1730;1;2;1;6;83
201400036982;14;10;4;255;5;2;1;7;83
201400036983;14;10;6;1030;1;2;1;6;83
201400036984;14;10;8;835;1;2;1;6;83
201400036986;14;10;21;1545;1;2;1;6;83
201400036987;14;10;27;1510;1;2;1;6;83
201400036988;14;10;17;715;1;2;1;3;83
201400036990;14;10;2;1905;2;2;1;6;83
201400036995;14;10;29;1615;1;2;1;6;83
201400036997;14;11;3;1050;1;2;2;3;83
201400036998;14;11;5;1445;1;2;1;6;83
201400036999;14;11;7;755;1;2;1;4;83
201400037000;14;11;9;830;1;1;2;1;83
201400037002;14;11;12;1640;1;2;1;2;83
201400037005;14;11;17;845;1;2;2;7;83
201400037008;14;11;23;1710;5;2;1;7;83
201400037011;14;11;27;855;1;1;2;3;83
201400037012;14;11;29;2000;5;2;2;3;83
201400037013;14;12;2;1220;1;2;1;1;83
201400037014;14;12;8;1325;1;2;1;6;83
201400037015;14;12;10;835;1;2;1;6;83
201400037016;14;12;5;940;1;2;2;6;83
201400037019;14;12;11;1450;1;2;1;3;83
201400037020;14;12;12;1345;1;2;1;6;83
201400037022;14;12;19;1920;3;2;1;3;83
201400037023;14;12;26;1520;1;2;1;3;83
201400037025;14;12;31;1820;5;2;2;3;83
201400037026;14;12;23;925;1;2;1;6;83
201400037046;14;4;5;1420;1;2;1;3;84
201400037049;14;5;4;2015;1;1;1;2;84
201400037053;14;7;25;1900;1;1;3;2;84
201400037055;14;9;4;2257;5;2;1;3;84
201400037059;14;10;11;2240;5;1;1;7;84
201400037078;14;8;14;1538;1;1;1;5;84
201400037083;14;5;10;1645;1;1;1;3;84
201400037084;14;7;21;1555;1;2;1;2;84
201400037089;14;11;7;1815;5;2;1;3;84
201400037091;14;11;19;1140;1;2;1;6;84
201400037093;14;1;3;1630;1;2;2;6;85
201400037094;14;1;4;2115;5;2;2;3;85
201400037095;14;1;6;1040;1;2;1;6;85
201400037096;14;1;6;730;5;2;2;2;85
201400037097;14;1;7;1520;1;2;1;7;85
201400037098;14;1;14;1945;4;1;1;2;85
201400037099;14;1;14;2045;3;2;1;6;85
201400037100;14;1;20;855;1;2;2;6;85
201400037101;14;1;24;830;2;2;3;6;85
201400037102;14;1;25;1506;1;2;1;6;85
201400037103;14;1;27;1240;1;2;2;2;85
201400037104;14;1;27;1840;5;2;1;6;85
201400037105;14;1;28;935;1;1;8;1;85
201400037106;14;2;4;1900;5;2;3;6;85
201400037107;14;2;12;1312;1;2;1;1;85
201400037108;14;2;13;735;5;2;3;6;85
201400037109;14;2;17;755;5;2;1;3;85
201400037110;14;2;22;830;1;2;2;6;85
201400037111;14;2;26;400;5;2;1;6;85
201400037112;14;3;13;1600;1;2;1;2;85
201400037113;14;3;18;2200;5;2;1;3;85
201400037114;14;3;18;1005;1;2;1;6;85
201400037115;14;3;13;945;1;1;1;3;85
201400037116;14;3;28;49;3;1;2;6;85
201400037117;14;3;29;1210;1;1;1;1;85
201400037118;14;4;9;1040;1;2;1;6;85
201400037119;14;4;17;1730;1;2;1;6;85
201400037120;14;4;22;800;1;1;1;2;85
201400037121;14;4;25;2110;1;2;1;3;85
201400037122;14;4;24;1345;1;2;1;6;85
201400037123;14;5;8;1142;1;2;1;3;85
201400037124;14;5;10;900;1;2;1;3;85
201400037125;14;5;13;930;1;2;1;3;85
201400037126;14;5;18;15;5;2;1;7;85
201400037127;14;5;20;950;1;2;1;6;85
201400037128;14;6;5;1530;1;2;1;3;85
201400037129;14;6;13;845;1;2;1;6;85
201400037130;14;6;13;1605;1;2;1;6;85
201400037131;14;6;28;1355;1;2;3;1;85
201400037132;14;7;2;1220;1;2;1;6;85
201400037133;14;7;2;1445;1;1;1;6;85
201400037134;14;7;4;1325;1;2;1;6;85
201400037135;14;7;8;2100;1;2;1;3;85
201400037136;14;7;22;1000;1;2;1;6;85
201400037137;14;8;3;525;3;1;1;1;85
201400037138;14;8;8;1620;1;1;3;3;85
201400037139;14;8;15;1510;1;1;1;5;85
201400037140;14;8;15;1315;1;2;1;3;85
201400037141;14;9;5;1540;1;2;1;6;85
201400037142;14;9;12;1350;1;2;1;6;85
201400037143;14;9;19;1040;1;2;1;3;85
201400037144;14;10;7;820;1;2;2;1;85
201400037145;14;10;15;1850;1;1;1;6;85
201400037146;14;11;3;1620;1;2;1;6;85
201400037147;14;11;12;1945;5;2;1;6;85
201400037148;14;11;29;1510;1;1;1;2;85
201400037149;14;1;28;1243;1;1;1;7;85
201400037150;14;1;29;1230;1;1;3;6;85
201400037151;14;1;29;1525;1;2;1;3;85
201400037152;14;2;3;910;1;2;1;6;85
201400037153;14;2;2;5;5;1;1;3;85
201400037154;14;1;31;1530;1;2;1;3;85
201400037155;14;2;7;1020;1;2;1;6;85
201400037156;14;2;10;2205;5;2;1;3;85
201400037157;14;2;11;1625;1;1;1;1;85
201400037158;14;2;16;515;4;2;1;7;85
201400037159;14;2;16;2055;5;2;1;1;85
201400037160;14;2;17;910;1;2;1;6;85
201400037161;14;2;14;2050;5;1;8;7;85
201400037162;14;2;24;1910;5;2;1;2;85
201400037163;14;2;25;1915;2;1;1;1;85
201400037164;14;2;28;740;5;2;1;3;85
201400037165;14;3;1;1000;1;2;1;6;85
201400037166;14;3;6;1425;1;1;1;1;85
201400037167;14;3;12;1930;1;2;5;6;85
201400037168;14;3;9;1520;1;1;1;3;85
201400037169;14;3;13;1525;1;2;1;3;85
201400037170;14;3;14;1720;1;2;1;3;85
201400037171;14;3;20;840;1;2;6;6;85
201400037172;14;3;30;1630;1;2;1;6;85
201400037173;14;4;3;1035;1;2;2;7;85
201400037174;14;4;6;1455;1;2;1;3;85
201400037175;14;4;10;1355;1;2;1;2;85
201400037176;14;4;23;1010;1;2;1;3;85
201400037177;14;4;24;750;1;2;1;6;85
201400037178;14;4;14;1915;1;2;1;6;85
201400037179;14;5;2;2220;5;2;1;2;85
201400037180;14;5;17;935;1;2;1;3;85
201400037181;14;5;17;1520;1;2;1;3;85
201400037182;14;5;16;900;1;2;1;3;85
201400037183;14;5;20;1445;1;2;1;6;85
201400037184;14;6;4;750;1;2;1;1;85
201400037185;14;6;7;110;3;1;1;6;85
201400037186;14;6;11;1900;1;1;1;1;85
201400037187;14;7;15;1700;1;2;1;5;85
201400037188;14;7;22;1210;1;2;1;3;85
201400037189;14;7;31;215;5;2;1;3;85
201400037190;14;8;1;1950;1;2;1;6;85
201400037191;14;8;1;1135;1;2;1;6;85
201400037192;14;8;11;1650;1;2;1;3;85
201400037193;14;8;13;1930;1;1;1;3;85
201400037194;14;8;15;1945;1;1;1;1;85
201400037195;14;8;20;1355;1;2;1;6;85
201400037196;14;8;21;1130;1;2;1;6;85
201400037197;14;8;31;1610;1;2;1;6;85
201400037198;14;8;30;1750;1;2;1;6;85
201400037199;14;9;4;750;1;1;7;6;85
201400037200;14;9;7;1600;1;2;1;3;85
201400037201;14;9;12;1940;1;2;1;3;85
201400037202;14;9;12;2130;5;2;1;6;85
201400037203;14;9;18;1643;1;2;1;1;85
201400037204;14;9;19;1045;1;2;1;5;85
201400037205;14;10;1;930;1;2;1;3;85
201400037206;14;10;3;1600;1;1;1;3;85
201400037207;14;10;17;1240;1;2;1;6;85
201400037208;14;10;17;1545;1;2;1;3;85
201400037209;14;10;22;925;1;2;1;6;85
201400037210;14;10;26;945;1;2;1;6;85
201400037211;14;11;16;1850;1;2;3;6;85
201400037212;14;11;14;1625;1;2;7;3;85
201400037213;14;11;16;2100;5;2;2;6;85
201400037214;14;12;10;735;5;2;2;3;85
201400037215;14;11;22;1745;4;1;1;7;85
201400037229;14;7;3;2040;1;2;1;7;86
201400037230;14;7;8;1555;1;2;1;6;86
201400037233;14;9;11;853;1;2;1;6;86
201400037236;14;10;4;1955;5;2;8;3;86
201400037319;14;4;11;305;3;1;1;7;86
201400037351;14;6;3;1605;1;2;1;2;86
201400037354;14;6;6;1506;1;2;1;6;86
201400037355;14;6;6;1635;1;2;1;6;86
201400037357;14;6;8;1830;1;2;1;4;86
201400037359;14;6;10;2005;1;2;1;3;86
201400037360;14;6;12;930;1;2;1;3;86
201400037361;14;6;14;2255;5;2;1;6;86
201400037368;14;6;23;845;1;2;3;6;86
201400037372;14;7;7;1040;1;2;1;6;86
201400037374;14;7;11;1245;1;2;1;6;86
201400037376;14;7;22;1500;1;2;1;1;86
201400037377;14;7;22;1750;1;2;1;3;86
201400037378;14;7;23;1630;1;2;1;6;86
201400037379;14;7;26;1720;1;2;1;6;86
201400037381;14;7;27;1845;1;2;1;6;86
201400037382;14;7;29;1430;1;2;1;1;86
201400037401;14;8;31;1725;1;2;1;3;86
201400037403;14;9;4;1230;1;2;1;3;86
201400037405;14;9;6;1450;1;2;1;3;86
201400037408;14;9;11;850;1;2;7;3;86
201400037411;14;9;17;1845;1;2;1;6;86
201400037423;14;9;27;1855;1;2;1;6;86
201400037424;14;9;28;115;5;2;1;6;86
201400037425;14;9;28;255;3;2;1;6;86
201400037426;14;9;29;935;1;2;2;1;86
201400037427;14;10;1;1550;1;2;1;1;86
201400037428;14;10;3;755;1;2;1;6;86
201400037429;14;10;6;1305;1;1;2;2;86
201400037430;14;10;6;2005;5;2;6;6;86
201400037431;14;10;8;1400;1;2;1;2;86
201400037432;14;10;11;1320;1;2;1;6;86
201400037435;14;10;16;1430;1;2;1;3;86
201400037436;14;10;18;1020;1;2;1;2;86
201400037437;14;10;23;1240;1;2;1;2;86
201400037438;14;10;23;1750;1;2;1;1;86
201400037439;14;10;24;1330;1;2;1;3;86
201400037441;14;10;26;1845;1;2;1;3;86
201400037443;14;10;28;1910;5;2;1;6;86
201400037445;14;10;29;1800;1;2;1;6;86
201400037463;14;11;26;2015;5;2;1;6;86
201400037469;14;12;4;1845;3;2;2;6;86
201400037470;14;12;6;1350;1;2;1;3;86
201400037479;14;12;14;720;2;2;2;6;86
201400037483;14;12;18;2115;5;2;2;4;86
201400037484;14;12;20;535;3;1;1;2;86
201400037487;14;12;23;1750;5;2;1;3;86
201400037489;14;12;31;1205;1;2;1;2;86
201400037854;14;1;4;1045;1;2;3;6;88
201400037855;14;1;5;5;5;2;3;6;88
201400037856;14;1;17;1355;1;2;1;6;88
201400037857;14;1;22;915;1;2;1;7;88
201400037858;14;1;22;1745;5;2;1;2;88
201400037859;14;1;24;1310;1;2;1;1;88
201400037860;14;1;29;1035;1;2;1;6;88
201400037861;14;2;3;1800;3;2;1;3;88
201400037862;14;2;11;1230;1;2;1;3;88
201400037863;14;2;28;405;5;2;2;7;88
201400037864;14;3;11;1505;1;2;1;6;88
201400037865;14;3;15;1010;1;2;1;4;88
201400037866;14;3;19;1010;1;2;1;3;88
201400037867;14;3;21;1957;3;1;2;1;88
201400037868;14;3;26;1645;1;2;1;6;88
201400037869;14;4;1;1812;1;1;1;3;88
201400037870;14;4;5;1107;1;2;1;3;88
201400037871;14;4;8;1045;1;2;1;6;88