Num_Acc;an;mois;jour;hrmn;lum;agg;atm;col;dep
201400037872;14;4;17;1330;1;1;1;1;88
201400037873;14;4;25;1410;1;2;1;3;88
201400037874;14;4;25;1720;1;2;1;5;88
201400037875;14;4;27;522;5;2;2;7;88
201400037876;14;5;21;1835;1;2;1;2;88
201400037877;14;6;11;1805;1;2;1;6;88
201400037878;14;6;22;1748;1;2;1;7;88
201400037879;14;7;6;710;1;2;1;3;88
201400037880;14;7;9;1235;1;2;1;6;88
201400037881;14;8;9;1110;1;1;1;3;88
201400037882;14;9;8;805;1;2;1;6;88
201400037883;14;9;10;1645;1;2;1;3;88
201400037884;14;9;12;1725;1;2;1;6;88
201400037885;14;9;30;107;5;2;1;1;88
201400037887;14;11;18;810;1;2;9;6;88
201400037888;14;1;30;750;2;2;1;2;88
201400037889;14;2;26;1615;1;2;2;6;88
201400037890;14;6;14;1030;1;1;1;3;88
201400037891;14;4;13;1710;1;2;1;5;88
201400037892;14;4;22;2005;1;2;1;3;88
201400037893;14;7;3;1319;1;2;1;6;88
201400037895;14;2;14;2230;3;1;1;2;88
201400037896;14;8;23;1500;1;1;3;1;88
201400037897;14;8;26;1545;1;2;2;2;88
201400037898;14;9;4;1000;1;1;1;1;88
201400037899;14;9;1;1550;1;2;1;3;88
201400037904;14;3;22;340;3;1;1;6;88
201400037905;14;4;13;1710;1;1;1;5;88
201400037906;14;7;6;1813;1;2;1;7;88
201400037907;14;1;10;1310;1;2;1;5;88
201400037908;14;1;19;2145;5;2;1;6;88
201400037909;14;1;16;1205;1;2;1;6;88
201400037910;14;1;27;1800;4;2;1;6;88
201400037911;14;1;25;1430;1;2;1;6;88
201400037912;14;3;16;1750;1;2;1;7;88
201400037913;14;2;15;825;1;2;2;6;88
201400037914;14;3;11;1900;5;2;1;3;88
201400037915;14;3;25;1105;1;2;1;6;88
201400037916;14;4;13;1040;1;2;1;7;88
201400037917;14;4;11;1745;1;1;1;5;88
201400037918;14;3;28;1800;1;2;1;6;88
201400037919;14;5;6;1610;1;1;1;3;88
201400037920;14;5;17;1400;1;2;1;3;88
201400037921;14;5;28;735;1;1;1;7;88
201400037922;14;6;15;1150;1;2;1;3;88
201400037923;14;6;14;1525;1;2;1;6;88
201400037924;14;6;27;1650;1;2;1;6;88
201400037925;14;6;1;1105;1;2;1;6;88
201400037926;14;5;18;1038;1;2;1;6;88
201400037927;14;6;6;755;1;2;1;2;88
201400037928;14;7;18;825;1;2;1;3;88
201400037929;14;8;25;1650;1;1;1;1;88
201400037931;14;8;30;1340;1;2;1;6;88
201400037932;14;9;15;1845;1;2;1;6;88
201400037933;14;10;4;2220;5;2;1;2;88
201400037936;14;12;15;1050;1;1;1;7;88
201400037937;14;12;6;2000;5;2;1;6;88
201400037938;14;1;23;1220;1;1;2;2;89
201400037939;14;2;21;1415;1;2;1;6;89
201400037940;14;3;20;1750;1;2;1;3;89
201400037941;14;3;22;940;1;1;1;1;89
201400037942;14;4;22;1215;1;2;1;3;89
201400037943;14;5;6;935;1;2;1;6;89
201400037944;14;5;24;2040;2;1;1;6;89
201400037945;14;5;29;545;5;2;1;3;89
201400037946;14;6;8;330;3;1;1;6;89
201400037948;14;8;2;2125;1;2;1;7;89
201400037949;14;8;1;1650;1;2;1;3;89
201400037950;14;9;22;720;1;2;1;3;89
201400037951;14;9;28;1700;1;2;1;3;89
201400037952;14;1;22;745;2;2;1;6;89
201400037953;14;1;28;745;5;1;1;6;89
201400037954;14;1;29;1915;5;2;1;3;89
201400037955;14;2;11;1845;5;2;1;6;89
201400037957;14;4;7;1055;1;2;1;6;89
201400037959;14;5;14;2215;5;2;1;6;89
201400037960;14;6;6;1324;1;1;1;1;89
201400037961;14;7;4;1725;1;1;1;5;89
201400037962;14;7;11;1320;1;1;8;1;89
201400037963;14;8;29;1100;1;2;1;6;89
201400037965;14;10;11;1030;1;2;1;2;89
201400037966;14;10;26;1620;1;2;1;1;89
201400037967;14;11;17;1620;1;2;1;6;89
201400037968;14;11;24;1730;5;2;1;6;89
201400037969;14;11;24;1915;5;1;1;3;89
201400040791;14;1;14;2035;2;2;1;7;92
201400043667;14;1;3;1800;5;2;8;3;94
201400043668;14;1;21;1830;5;2;1;2;94
201400043669;14;1;24;1550;1;2;1;2;94
201400043670;14;1;28;1905;5;2;2;3;94
201400043671;14;2;13;1815;5;2;1;3;94
201400043672;14;2;14;1045;1;2;2;6;94
201400043673;14;2;20;1945;5;2;2;3;94
201400043674;14;2;20;2215;3;2;1;3;94
201400043675;14;3;5;2150;5;2;1;3;94
201400043676;14;3;17;1430;1;2;1;3;94
201400043677;14;4;21;330;5;2;1;3;94
201400043678;14;4;29;1740;1;2;2;3;94
201400043679;14;4;29;1950;2;2;3;3;94
201400043680;14;5;11;1610;1;2;2;2;94
201400043681;14;5;12;1610;1;2;1;6;94
201400043682;14;5;28;2000;2;2;2;2;94
201400043683;14;6;19;915;1;2;1;3;94
201400043684;14;7;2;1145;1;2;1;2;94
201400043685;14;7;19;2000;1;2;1;3;94
201400043686;14;7;21;1345;1;2;1;2;94
201400043687;14;7;29;1710;1;2;1;2;94
201400043688;14;8;6;1830;1;2;2;3;94
201400043689;14;8;21;1115;1;2;1;3;94
201400043690;14;8;22;1245;1;2;1;3;94
201400043691;14;8;27;1340;1;2;1;3;94
201400043692;14;9;11;1130;1;2;1;6;94
201400043693;14;9;15;1300;1;2;1;1;94
201400043694;14;9;18;820;1;2;1;6;94
201400043707;14;5;30;1845;1;2;1;6;94
201400043711;14;10;12;2105;5;2;1;6;94
201400043716;14;10;20;830;1;1;1;4;94
201400043720;14;1;1;440;3;2;8;6;94
201400043721;14;11;5;1935;5;2;1;1;94
201400043724;14;7;31;1430;1;2;1;7;94
201400043725;14;1;7;630;5;2;1;3;94
201400043726;14;11;9;145;5;2;1;6;94
201400043727;14;1;9;1710;2;2;8;6;94
201400043729;14;1;14;1000;1;2;8;6;94
201400043730;14;1;17;2035;5;2;1;3;94
201400043731;14;1;17;2155;5;2;1;1;94
201400043733;14;1;19;1225;1;2;1;6;94
201400043734;14;1;12;1235;1;2;1;1;94
201400043735;14;11;23;545;5;2;1;7;94
201400043736;14;1;23;1145;1;2;1;6;94
201400043738;14;1;25;1830;5;2;1;3;94
201400043742;14;2;3;1630;1;2;1;6;94
201400043743;14;2;6;1220;1;2;1;2;94
201400043746;14;2;10;1720;1;2;1;6;94
201400043747;14;10;12;110;5;2;1;3;94
201400043750;14;2;11;1735;1;2;2;3;94
201400043752;14;2;14;1625;1;2;1;3;94
201400043753;14;2;15;140;5;2;1;6;94
201400043757;14;2;21;930;1;1;1;2;94
201400043762;14;12;26;1745;2;2;2;1;94
201400043763;14;3;13;1850;5;2;1;7;94
201400043764;14;3;1;1955;5;2;1;3;94
201400043765;14;3;2;1730;1;2;1;3;94
201400043766;14;4;2;810;1;2;1;3;94
201400043767;14;3;5;1215;1;2;1;6;94
201400043768;14;3;7;1630;1;2;1;7;94
201400043769;14;3;7;1645;1;2;1;6;94
201400043770;14;3;8;1600;1;2;1;4;94
201400043772;14;3;14;1600;1;2;1;6;94
201400043773;14;3;14;2100;5;2;1;3;94
201400043774;14;3;15;1000;1;2;1;3;94
201400043775;14;3;17;1800;1;2;1;3;94
201400043776;14;3;21;1800;2;2;1;6;94
201400043777;14;3;31;1510;1;2;1;3;94
201400043778;14;3;27;800;1;2;1;4;94
201400043779;14;5;24;1155;1;2;1;7;94
201400043780;14;4;8;735;1;2;1;3;94
201400043781;14;4;9;1330;1;2;1;2;94
201400043782;14;4;10;810;1;2;1;3;94
201400043786;14;4;14;1025;1;2;1;6;94
201400043787;14;4;15;245;5;2;1;6;94
201400043788;14;4;22;1940;1;2;1;6;94
201400043789;14;4;25;1025;1;2;8;7;94
201400043790;14;4;25;1525;1;2;8;6;94
201400043791;14;4;28;1745;1;2;1;2;94
201400043792;14;7;16;125;5;2;1;6;94
201400043793;14;5;2;850;1;2;1;3;94
201400043794;14;5;2;950;1;2;1;2;94
201400043795;14;3;25;815;2;2;2;2;94
201400043796;14;5;7;1350;1;2;1;3;94
201400043797;14;5;18;1030;1;2;1;3;94
201400043798;14;5;19;855;1;1;1;2;94
201400043799;14;5;23;1850;2;2;2;2;94
201400043800;14;6;2;1000;1;2;1;2;94
201400043801;14;6;4;1230;1;2;2;2;94
201400043802;14;5;26;910;1;2;2;6;94
201400043803;14;6;7;240;5;2;1;6;94
201400043804;14;8;26;1740;1;2;1;3;94
201400043805;14;10;16;2200;5;2;3;3;94
201400043807;14;6;12;405;5;2;1;6;94
201400043808;14;6;18;930;1;2;1;4;94
201400043809;14;6;19;1300;1;2;1;5;94
201400043810;14;6;24;750;1;2;1;6;94
201400043811;14;6;28;2343;5;2;2;6;94
201400043812;14;6;29;45;3;2;2;6;94
201400043813;14;7;2;1230;1;2;1;2;94
201400043814;14;3;17;2120;5;2;1;1;94
201400043815;14;7;4;1240;1;2;2;2;94
201400043816;14;7;5;930;1;2;2;3;94
201400043817;14;8;7;1440;1;2;1;6;94
201400043818;14;9;17;1830;1;2;1;6;94
201400043819;14;10;17;2100;3;2;1;6;94
201400043821;14;7;14;1420;1;2;1;4;94
201400043822;14;7;15;825;1;2;1;1;94
201400043823;14;7;17;1945;1;2;1;6;94
201400043824;14;7;17;2000;1;2;1;6;94
201400043825;14;7;25;700;1;2;1;7;94
201400043826;14;7;25;1230;1;2;1;6;94
201400043827;14;7;26;1015;1;2;1;6;94
201400043828;14;7;26;1640;1;2;1;6;94
201400043829;14;7;29;1205;1;2;1;3;94
201400043830;14;8;7;1210;1;2;1;3;94
201400043831;14;7;18;740;1;2;1;2;94
201400043832;14;7;18;1400;1;2;1;2;94
201400043833;14;8;19;1600;1;2;1;6;94
201400043834;14;9;9;1915;1;2;1;2;94
201400043835;14;9;11;1605;1;2;1;2;94
201400043836;14;9;11;1930;2;2;1;2;94
201400043837;14;9;12;740;1;2;1;3;94
201400043839;14;9;15;700;2;1;1;2;94
201400043840;14;9;23;1500;1;2;1;3;94
201400043841;14;9;25;815;1;2;1;3;94
201400043842;14;9;30;1;5;2;1;4;94
201400043843;14;1;1;2200;5;2;2;3;94
201400043844;14;1;3;1620;1;2;1;6;94
201400043845;14;1;7;1200;1;2;1;6;94
201400043846;14;1;8;815;1;2;1;3;94
201400043847;14;1;10;1545;1;2;1;6;94
201400043848;14;1;11;2350;3;2;5;4;94
201400043849;14;1;17;725;2;2;1;2;94
201400043850;14;1;18;1120;1;2;1;6;94
201400043851;14;1;18;1610;1;2;1;1;94
201400043852;14;1;20;2100;5;2;1;3;94
201400043853;14;1;22;650;5;2;1;4;94
201400043854;14;1;24;740;2;2;1;6;94
201400043855;14;1;25;905;1;2;1;6;94
201400043856;14;1;26;2100;5;2;8;3;94
201400043857;14;1;27;2135;5;2;2;3;94
201400043858;14;2;2;610;5;2;1;1;94
201400043859;14;2;2;2305;5;2;1;3;94
201400043860;14;2;3;1250;1;2;1;6;94
201400043861;14;2;4;1000;1;2;1;3;94
201400043862;14;2;4;1130;1;2;1;6;94
201400043863;14;2;8;135;5;2;1;3;94
201400043864;14;2;17;900;1;2;1;6;94
201400043865;14;2;17;1510;1;2;1;3;94
201400043866;14;2;28;900;1;2;2;6;94
201400043867;14;3;2;1620;1;2;1;6;94
201400043868;14;3;8;2030;5;2;1;3;94
201400043869;14;3;9;1840;2;2;1;6;94
201400043870;14;3;10;1750;1;2;1;6;94
201400043871;14;3;11;1430;1;2;1;6;94
201400043872;14;3;15;1050;1;2;1;6;94
201400043873;14;3;15;2005;5;2;1;4;94
201400043874;14;3;16;845;1;2;1;3;94
201400043875;14;3;18;1335;1;2;1;6;94
201400043876;14;3;19;1025;1;2;1;6;94
201400043877;14;3;19;1840;2;2;1;6;94
201400043878;14;3;19;2210;4;2;1;4;94
201400043879;14;2;20;1750;2;2;2;3;94
201400043880;14;3;21;1200;1;2;1;1;94
201400043881;14;3;22;145;5;2;1;3;94
201400043882;14;3;25;1035;1;2;1;3;94
201400043883;14;3;25;2200;5;2;1;6;94
201400043884;14;4;3;840;1;2;1;1;94
201400043885;14;4;6;1;5;2;1;3;94
201400043886;14;4;13;1910;1;2;1;2;94
201400043887;14;4;15;1635;1;2;1;3;94
201400043888;14;4;16;1800;1;2;1;6;94
201400043889;14;4;18;1720;1;2;1;1;94
201400043890;14;4;20;335;5;2;1;3;94
201400043891;14;4;22;1800;1;2;2;3;94
201400043892;14;4;23;1730;1;2;1;6;94
201400043893;14;4;26;1300;1;2;2;3;94
201400043894;14;4;29;1735;1;2;2;3;94
201400043895;14;5;3;1900;1;2;1;3;94
201400043896;14;4;30;805;1;2;1;6;94
201400043897;14;5;11;1645;1;2;2;3;94
201400043898;14;5;13;2000;1;2;1;4;94
201400043899;14;5;16;1905;1;2;1;3;94
201400043900;14;5;19;1900;1;2;1;3;94
201400043901;14;5;24;1930;1;2;1;2;94
201400043902;14;5;25;1545;1;2;1;2;94
201400043903;14;6;4;1200;1;2;2;6;94
201400043904;14;6;8;1520;1;2;1;6;94
201400043905;14;6;10;1700;1;2;1;6;94
201400043906;14;6;14;325;5;2;1;3;94
201400043907;14;6;20;835;1;2;1;3;94
201400043908;14;6;26;1525;1;2;1;3;94
201400043909;14;6;28;1020;1;2;1;6;94
201400043910;14;6;30;1500;1;2;1;6;94
201400043911;14;7;3;730;1;2;1;3;94
201400043912;14;7;6;1820;1;2;2;4;94
201400043913;14;7;18;1650;1;2;1;6;94
201400043914;14;7;20;400;5;2;1;3;94
201400043915;14;7;21;2110;1;2;1;1;94
201400043916;14;7;23;1910;1;2;1;3;94
201400043917;14;7;24;1515;1;2;1;6;94
201400043918;14;7;24;1800;1;2;1;6;94
201400043919;14;7;30;1810;1;2;1;2;94
201400043920;14;8;3;35;5;2;2;3;94
201400043921;14;8;7;230;5;1;1;2;94
201400043922;14;8;7;1130;1;2;2;3;94
201400043923;14;8;14;1845;1;2;1;2;94
201400043924;14;8;21;1710;1;2;1;4;94
201400043925;14;8;25;1850;1;2;1;6;94
201400043926;14;8;28;1400;1;2;1;3;94
201400043927;14;9;1;1305;1;2;1;3;94
201400043928;14;9;5;1105;1;2;1;3;94
201400043929;14;9;6;1840;2;2;1;3;94
201400043930;14;9;9;1700;1;2;1;6;94
201400043931;14;9;11;850;1;2;1;4;94
201400043932;14;9;12;5;4;2;1;1;94
201400043933;14;9;18;800;1;2;1;4;94
201400043934;14;9;29;855;1;2;1;3;94
201400043959;14;1;3;1140;1;2;1;3;94
201400043960;14;1;6;923;1;2;2;1;94
201400043961;14;3;8;430;5;2;1;7;94
201400043963;14;1;31;840;1;2;1;3;94
201400043964;14;2;10;1143;1;2;1;3;94
201400043965;14;2;11;1550;1;2;2;7;94
201400043966;14;2;14;1945;5;2;1;3;94
201400043967;14;3;3;1350;1;2;2;3;94
201400043968;14;3;3;1830;2;2;2;1;94
201400043969;14;3;9;1750;1;2;1;3;94
201400043970;14;3;11;2120;5;2;1;3;94
201400043971;14;3;23;210;5;2;1;3;94
201400043972;14;3;25;1730;1;2;2;1;94
201400043973;14;4;6;945;1;1;1;6;94
201400043974;14;4;16;1935;1;2;1;3;94
201400043975;14;4;25;710;2;2;3;3;94
201400043976;14;4;25;1800;1;2;1;2;94
201400043977;14;4;26;1510;1;2;2;6;94
201400043978;14;5;6;835;1;2;2;2;94
201400043979;14;5;12;1320;1;2;2;3;94
201400043980;14;5;16;1845;1;2;1;6;94
201400043981;14;5;23;2030;1;2;1;6;94
201400043982;14;6;3;845;1;2;1;2;94
201400043983;14;6;14;1130;1;2;1;2;94
201400043984;14;6;27;1200;1;2;1;6;94
201400043985;14;6;30;1815;1;2;1;6;94
201400043986;14;7;11;1010;1;2;1;2;94
201400043987;14;7;12;1925;1;2;1;6;94
201400043988;14;8;10;730;2;2;8;6;94
201400043989;14;9;22;1720;1;2;1;3;94
201400043990;14;9;26;1155;1;2;1;6;94
201400043991;14;9;28;1520;1;2;1;6;94
201400044017;14;1;1;107;5;2;2;3;94
201400044018;14;1;2;2215;5;2;1;3;94
201400044019;14;1;3;1450;1;2;1;6;94
201400044020;14;1;10;2130;5;2;1;3;94
201400044021;14;1;17;1020;1;2;1;6;94
201400044022;14;1;23;1748;5;2;3;3;94
201400044023;14;1;25;1750;5;2;1;6;94
201400044024;14;1;30;1625;1;2;1;6;94
201400044025;14;1;30;1835;5;2;1;6;94
201400044026;14;1;31;940;2;2;5;2;94
201400044027;14;1;31;1605;1;2;1;3;94
201400044028;14;2;2;1000;1;2;1;3;94
201400044029;14;2;8;2005;5;2;2;3;94
201400044030;14;2;9;2155;5;2;1;3;94
201400044031;14;2;10;1930;5;2;1;2;94
201400044032;14;2;16;845;1;2;1;1;94
201400044033;14;3;6;1910;5;2;1;2;94
201400044034;14;3;9;1215;1;2;1;2;94
201400044035;14;3;9;1645;1;2;1;3;94
201400044036;14;3;10;905;1;2;1;6;94
201400044037;14;3;13;1200;1;2;7;6;94
201400044038;14;3;14;1855;5;2;1;6;94
201400044039;14;3;15;1205;1;2;1;3;94
201400044040;14;3;23;2215;5;2;1;3;94
201400044041;14;3;27;2135;5;2;1;3;94
201400044042;14;3;28;1955;5;2;1;3;94
201400044043;14;4;4;650;3;2;1;3;94
201400044044;14;4;4;1705;1;2;8;6;94
201400044045;14;4;14;1710;1;2;1;3;94
201400044046;14;4;19;1945;1;2;1;3;94
201400044047;14;4;22;1710;1;2;3;3;94
201400044048;14;5;9;1510;1;1;1;5;94
201400044049;14;4;26;2035;5;2;2;4;94
201400044050;14;5;10;250;5;2;1;3;94
201400044051;14;5;16;2035;2;2;1;1;94
201400044052;14;5;22;1813;1;2;1;4;94
201400044053;14;5;26;1505;1;2;2;3;94
201400044054;14;5;26;1630;1;1;2;2;94
201400044055;14;5;26;1730;1;2;1;4;94
201400044056;14;5;31;1620;1;2;1;6;94
201400044057;14;6;6;1815;1;2;1;3;94
201400044058;14;6;11;1915;1;2;1;3;94
201400044059;14;6;12;1210;1;2;1;6;94
201400044060;14;6;13;1910;1;2;1;3;94
201400044061;14;6;13;1930;1;2;1;3;94
201400044062;14;6;14;1200;1;2;1;2;94
201400044063;14;6;21;1030;1;2;1;1;94
201400044064;14;6;21;1130;1;2;1;3;94
201400044065;14;6;22;1945;1;2;1;3;94
201400044066;14;6;25;1700;1;2;1;3;94
201400044067;14;6;29;100;5;2;2;1;94
201400044068;14;7;3;2045;2;2;1;6;94
201400044069;14;7;4;1747;1;2;1;3;94
201400044070;14;7;6;1140;1;1;3;6;94
201400044071;14;7;19;1205;1;2;1;3;94
201400044072;14;7;25;1915;1;2;1;4;94
201400044073;14;7;28;1725;1;2;1;3;94
201400044074;14;8;7;1910;2;2;1;2;94
201400044075;14;8;8;2000;1;2;2;6;94
201400044076;14;8;11;1505;1;2;1;3;94
201400044077;14;8;13;155;5;2;1;6;94
201400044078;14;8;27;920;1;2;1;3;94
201400044079;14;8;28;1900;1;1;1;5;94
201400044080;14;8;29;2200;5;2;1;2;94
201400044081;14;8;30;1800;1;2;1;6;94
201400044082;14;9;4;840;1;2;1;3;94
201400044083;14;9;10;2110;5;2;1;3;94
201400044084;14;9;12;1820;1;2;1;3;94
201400044085;14;9;19;735;1;2;1;3;94
201400044086;14;9;26;1650;1;2;1;3;94
201400044122;14;4;18;2310;5;2;1;5;94
201400044123;14;4;19;700;1;2;1;6;94
201400044125;14;4;20;1850;1;2;1;3;94
201400044126;14;2;11;1632;1;2;2;3;94
201400044127;14;1;6;1150;1;2;1;6;94
201400044128;14;4;24;315;5;2;1;6;94
201400044129;14;4;25;1255;1;2;2;6;94
201400044130;14;4;26;1310;1;1;2;3;94
201400044131;14;8;16;1330;1;2;1;6;94
201400044134;14;1;13;1900;5;2;2;4;94
201400044136;14;1;17;735;2;2;1;3;94
201400044137;14;5;22;1500;1;2;1;3;94
201400044138;14;5;4;1330;1;2;1;6;94
201400044139;14;4;13;100;5;2;1;2;94
201400044140;14;8;26;1540;1;2;1;6;94
201400044142;14;6;20;1952;1;2;1;6;94
201400044143;14;5;6;1705;1;2;1;6;94
201400044144;14;5;7;1635;1;2;2;3;94
201400044145;14;1;22;1230;1;2;1;6;94
201400044147;14;1;22;1745;5;2;2;6;94
201400044148;14;1;23;900;1;2;1;6;94
201400044150;14;8;1;1857;1;2;1;3;94
201400044151;14;8;6;2215;5;2;9;6;94
201400044153;14;5;6;1925;1;2;1;6;94
201400044154;14;9;4;855;1;2;1;6;94
201400044156;14;9;15;1145;1;2;1;6;94
201400044158;14;9;5;1130;1;2;1;6;94
201400044159;14;9;5;1925;1;2;1;3;94
201400044161;14;9;26;945;1;2;1;3;94
201400044162;14;9;27;1220;1;1;1;2;94
201400044163;14;5;16;1530;1;2;1;3;94
201400044164;14;5;17;1525;1;2;1;6;94
201400044166;14;5;20;1525;1;2;2;6;94
201400044168;14;2;7;1210;1;2;1;6;94
201400044169;14;5;27;1728;1;2;1;6;94
201400044170;14;9;19;1845;1;2;1;3;94
201400044171;14;2;16;1250;1;2;1;3;94
201400044172;14;9;25;1215;1;2;1;6;94
201400044173;14;2;20;2110;5;2;1;3;94
201400044176;14;2;24;850;1;2;1;2;94
201400044177;14;6;10;1910;1;2;1;6;94
201400044180;14;2;27;1535;1;1;3;2;94
201400044181;14;2;28;1025;1;2;8;2;94
201400044183;14;2;11;1536;1;2;1;6;94
201400044184;14;6;17;1400;1;2;1;3;94
201400044187;14;3;5;1615;1;2;1;3;94
201400044188;14;3;7;1145;1;2;1;3;94
201400044190;14;6;21;1625;1;2;1;6;94
201400044191;14;6;22;2100;1;2;1;3;94
201400044193;14;3;8;2050;5;2;1;3;94
201400044194;14;6;23;1800;1;2;1;3;94
201400044195;14;3;11;1645;1;2;1;6;94
201400044197;14;3;16;1354;1;2;1;3;94
201400044198;14;7;2;1720;1;2;1;6;94
201400044199;14;3;19;830;1;2;1;6;94
201400044200;14;7;3;2055;1;2;1;3;94
201400044201;14;7;7;1913;1;2;2;3;94
201400044202;14;3;23;2040;5;2;1;3;94
201400044206;14;7;22;815;1;2;1;3;94
201400044208;14;7;26;1755;1;2;1;6;94
201400044209;14;4;14;1425;1;2;1;2;94
201400044210;14;8;1;1200;1;2;1;6;94
201400044211;14;1;2;1405;1;2;1;3;94
201400044212;14;1;14;2006;5;2;1;6;94
201400044213;14;1;13;800;5;2;1;6;94
201400044214;14;1;15;650;5;2;1;2;94
201400044215;14;1;19;1105;1;2;1;6;94
201400044216;14;1;21;1530;1;2;1;3;94
201400044217;14;1;22;1740;5;2;1;6;94
201400044218;14;1;27;1550;1;2;1;6;94
201400044219;14;2;3;855;1;2;1;5;94
201400044220;14;2;1;2240;5;2;1;6;94
201400044221;14;2;6;845;1;2;1;2;94
201400044222;14;2;8;1155;1;2;2;6;94
201400044223;14;2;8;1525;1;2;1;6;94
201400044224;14;2;8;1730;2;2;1;6;94
201400044225;14;2;11;2110;3;2;1;7;94
201400044226;14;2;12;1915;5;2;2;6;94
201400044227;14;2;14;745;5;2;1;3;94
201400044228;14;2;14;1425;1;2;1;1;94
201400044229;14;2;19;1115;1;2;1;2;94
201400044230;14;2;25;915;1;2;1;2;94
201400044231;14;2;25;1150;1;2;2;6;94
201400044232;14;2;25;2215;5;2;1;3;94
201400044233;14;2;26;1830;5;2;1;3;94
201400044234;14;2;27;1105;1;2;2;2;94
201400044235;14;3;3;1330;1;2;2;5;94
201400044236;14;2;27;1720;2;2;2;3;94
201400044237;14;3;12;1810;1;2;1;2;94
201400044238;14;3;14;1630;1;2;1;6;94
201400044239;14;3;18;800;1;2;1;6;94
201400044240;14;3;17;1055;1;2;1;3;94
201400044241;14;3;20;920;1;2;1;3;94
201400044242;14;3;24;340;5;2;1;6;94
201400044243;14;3;21;1710;1;2;1;3;94
201400044244;14;3;22;1645;1;2;1;3;94
201400044245;14;3;25;1145;1;2;1;2;94
201400044246;14;3;26;1130;1;2;1;3;94
201400044247;14;3;29;1640;1;2;1;2;94
201400044248;14;3;30;2345;5;2;1;7;94
201400044249;14;3;31;1340;1;2;1;6;94
201400044250;14;4;3;855;1;1;1;6;94
201400044251;14;4;3;1340;1;2;1;6;94
201400044252;14;4;6;1520;1;2;1;6;94
201400044253;14;4;9;1445;1;2;1;1;94
201400044254;14;4;11;1240;1;2;1;6;94
201400044255;14;4;16;1730;1;2;1;3;94
201400044256;14;4;15;820;1;2;7;6;94
201400044257;14;4;15;850;1;2;1;2;94
201400044258;14;4;15;1030;1;2;1;6;94
201400044259;14;4;19;1200;1;2;1;4;94
201400044260;14;4;19;530;5;2;1;6;94
201400044261;14;4;23;1555;1;2;1;1;94
201400044262;14;4;25;1250;1;2;1;6;94
201400044263;14;4;27;1615;1;2;1;6;94
201400044264;14;4;26;1930;1;2;1;2;94
201400044265;14;5;7;1230;1;2;1;6;94
201400044266;14;5;9;1640;1;2;1;5;94
201400044267;14;5;16;1740;1;2;1;2;94
201400044268;14;5;17;1440;1;2;1;2;94
201400044269;14;5;18;1940;1;2;1;6;94
201400044270;14;5;23;645;1;2;1;6;94
201400044271;14;5;7;820;1;2;1;2;94
201400044272;14;5;27;805;1;2;1;3;94
201400044273;14;6;1;1750;1;2;1;3;94
201400044274;14;6;3;2145;3;2;1;6;94
201400044275;14;6;1;1520;1;2;1;2;94
201400044276;14;6;4;1330;1;2;1;2;94
201400044277;14;6;7;2240;5;2;1;6;94
201400044278;14;6;10;815;1;2;1;2;94
201400044279;14;6;12;1815;1;2;1;3;94
201400044280;14;6;12;1200;1;2;1;3;94
201400044281;14;6;12;1155;1;2;1;6;94
201400044282;14;6;12;930;1;2;1;6;94
201400044283;14;6;13;1320;1;2;1;2;94
201400044284;14;6;13;1136;1;2;1;2;94
201400044285;14;6;22;1850;1;2;1;2;94
201400044286;14;6;23;910;1;2;1;6;94
201400044287;14;6;23;1745;1;2;1;2;94
201400044288;14;6;20;1715;1;2;1;2;94
201400044289;14;6;24;1445;1;2;1;5;94
201400044290;14;6;25;1610;1;2;1;2;94
201400044291;14;6;25;1240;1;2;1;6;94
201400044292;14;6;25;2240;3;2;1;3;94
201400044293;14;6;26;920;1;2;1;3;94
201400044294;14;6;27;2015;1;2;1;3;94
201400044295;14;6;29;555;2;2;1;3;94
201400044296;14;6;27;1110;1;2;1;3;94
201400044297;14;6;17;1345;1;2;1;6;94
201400044298;14;7;3;1630;1;2;1;2;94
201400044299;14;7;3;900;1;2;2;2;94
201400044300;14;7;4;1630;1;2;1;5;94
201400044301;14;7;15;1515;1;2;1;3;94
201400044302;14;7;16;1730;1;2;1;2;94
201400044303;14;7;16;1900;1;2;1;6;94
201400044304;14;7;18;1400;1;2;1;3;94
201400044305;14;7;26;2015;1;2;1;6;94
201400044306;14;8;1;1740;1;2;1;6;94
201400044307;14;8;6;2020;1;2;2;6;94
201400044308;14;8;10;1245;1;2;3;6;94
201400044309;14;8;18;2035;1;2;1;1;94
201400044310;14;8;23;1159;1;2;1;1;94
201400044311;14;8;26;1110;1;2;1;4;94
201400044312;14;9;7;1955;5;2;1;6;94
201400044313;14;9;12;1445;1;2;1;6;94
201400044314;14;9;11;1630;1;2;1;6;94
201400044315;14;9;13;1435;1;2;1;2;94
201400044316;14;9;18;1800;1;2;1;3;94
201400044317;14;9;12;1825;1;2;1;3;94
201400044318;14;9;23;1610;1;2;1;6;94
201400044319;14;9;26;1555;1;2;1;2;94
201400044320;14;9;28;1040;1;2;1;6;94
201400044333;14;11;18;1745;3;2;1;3;94
201400044341;14;12;1;1330;1;2;1;3;94
201400044343;14;12;6;1100;1;2;1;6;94
201400044351;14;12;17;1515;1;2;1;4;94
201400044353;14;12;17;1030;1;2;1;2;94
201400044356;14;12;28;1;5;2;1;3;94
201400044358;14;1;13;1750;5;2;2;6;94
201400044359;14;1;14;1255;1;2;1;2;94
201400044360;14;2;5;2205;5;2;8;1;94