Num_Acc;an;mois;jour;hrmn;lum;agg;atm;col;dep
201400044361;14;2;6;855;1;2;8;1;94
201400044362;14;2;12;1920;5;2;2;3;94
201400044363;14;2;14;1550;1;2;1;6;94
201400044364;14;3;5;1650;1;2;1;3;94
201400044365;14;3;12;915;1;2;1;6;94
201400044366;14;3;14;1100;1;2;1;6;94
201400044367;14;3;14;1330;1;2;1;2;94
201400044368;14;3;18;1205;1;2;1;3;94
201400044369;14;3;18;1900;5;2;1;3;94
201400044370;14;3;27;1330;1;2;1;6;94
201400044371;14;3;27;1430;1;2;1;6;94
201400044372;14;3;31;815;1;2;1;1;94
201400044373;14;4;5;230;5;2;1;6;94
201400044374;14;4;8;1222;1;2;1;1;94
201400044375;14;4;8;1830;1;2;1;6;94
201400044376;14;4;11;2220;5;2;1;1;94
201400044377;14;4;16;1940;2;2;1;7;94
201400044378;14;5;7;1020;1;2;1;3;94
201400044379;14;5;14;1430;1;2;1;4;94
201400044380;14;5;28;1610;1;2;1;3;94
201400044381;14;6;1;1820;1;2;1;7;94
201400044382;14;6;5;1750;1;2;1;6;94
201400044383;14;6;6;1640;1;2;1;3;94
201400044384;14;6;7;1850;1;2;1;6;94
201400044385;14;6;18;1115;1;2;1;2;94
201400044386;14;6;18;1820;1;2;1;1;94
201400044387;14;7;6;1020;1;2;3;3;94
201400044388;14;7;18;1900;1;2;1;2;94
201400044389;14;7;25;1125;1;2;1;6;94
201400044390;14;8;1;2010;1;2;1;6;94
201400044391;14;8;6;855;1;2;2;6;94
201400044392;14;8;24;1205;1;2;1;7;94
201400044393;14;8;26;1300;1;2;2;7;94
201400044394;14;9;7;1405;1;2;1;6;94
201400044395;14;9;8;1645;1;2;1;6;94
201400044396;14;9;16;1645;1;2;1;2;94
201400044397;14;9;23;2135;5;2;1;3;94
201400044398;14;9;23;1030;1;2;1;2;94
201400044399;14;9;29;1600;1;2;1;3;94
201400044416;14;1;6;1730;1;2;1;3;94
201400044417;14;1;7;800;1;2;1;4;94
201400044418;14;1;7;2145;5;2;2;6;94
201400044419;14;1;9;845;1;2;2;3;94
201400044420;14;1;10;1705;1;2;1;3;94
201400044421;14;1;16;1710;2;2;1;1;94
201400044422;14;1;18;2100;5;2;1;7;94
201400044423;14;1;19;1040;1;1;1;6;94
201400044424;14;1;20;1010;1;2;8;1;94
201400044425;14;1;20;1315;1;2;2;6;94
201400044426;14;1;22;1255;1;2;1;6;94
201400044427;14;1;24;800;2;2;8;2;94
201400044428;14;1;28;1350;1;2;8;1;94
201400044429;14;2;5;1630;1;2;2;1;94
201400044430;14;2;7;2030;5;2;1;6;94
201400044431;14;2;11;720;2;2;1;6;94
201400044432;14;2;11;1545;1;2;2;7;94
201400044433;14;2;11;1725;2;2;2;6;94
201400044434;14;2;12;45;5;2;2;3;94
201400044435;14;2;13;1950;5;2;1;6;94
201400044436;14;2;19;1625;1;2;1;6;94
201400044437;14;2;22;610;5;2;2;3;94
201400044438;14;2;22;1655;1;2;1;6;94
201400044439;14;2;23;1805;1;1;1;3;94
201400044440;14;2;23;1815;2;2;8;6;94
201400044441;14;2;27;1715;1;1;2;3;94
201400044442;14;3;1;2350;5;2;2;7;94
201400044443;14;3;5;950;1;2;1;3;94
201400044444;14;3;6;850;1;2;1;6;94
201400044445;14;3;12;2230;5;2;1;3;94
201400044446;14;3;13;1900;5;2;1;3;94
201400044447;14;3;15;1130;1;2;1;6;94
201400044448;14;3;16;1130;1;2;1;6;94
201400044449;14;3;20;325;5;2;1;6;94
201400044450;14;3;20;1000;1;1;1;3;94
201400044451;14;3;21;1005;1;2;2;2;94
201400044452;14;3;22;1000;1;2;1;3;94
201400044453;14;3;22;1505;1;2;1;2;94
201400044454;14;3;25;1050;1;2;2;6;94
201400044455;14;3;29;1015;1;2;1;6;94
201400044456;14;3;30;1245;1;2;1;3;94
201400044457;14;3;31;845;1;2;1;6;94
201400044458;14;3;31;1210;1;2;1;6;94
201400044459;14;3;31;1225;1;2;1;7;94
201400044460;14;4;1;1645;1;2;1;3;94
201400044461;14;4;2;1105;1;2;1;3;94
201400044462;14;4;5;2030;5;2;1;6;94
201400044463;14;4;9;1855;1;2;1;3;94
201400044464;14;4;11;815;1;2;1;3;94
201400044465;14;4;14;920;1;2;1;2;94
201400044466;14;4;14;1030;1;2;1;6;94
201400044467;14;4;15;1100;1;2;1;6;94
201400044468;14;4;15;1740;1;2;1;3;94
201400044469;14;4;17;820;2;1;1;1;94
201400044470;14;4;19;2025;2;2;1;1;94
201400044471;14;4;21;1725;1;2;1;1;94
201400044472;14;4;25;1310;1;2;2;3;94
201400044473;14;5;6;830;1;2;2;2;94
201400044474;14;5;6;1730;1;2;1;6;94
201400044475;14;5;10;2245;5;2;1;6;94
201400044476;14;5;11;50;5;2;1;3;94
201400044477;14;5;14;1150;1;2;1;2;94
201400044478;14;5;15;1155;1;2;1;3;94
201400044479;14;5;16;1230;1;2;1;6;94
201400044480;14;5;21;1030;1;2;3;6;94
201400044481;14;5;21;1214;1;2;2;6;94
201400044482;14;5;22;840;1;2;1;3;94
201400044483;14;5;23;2055;2;2;8;6;94
201400044484;14;5;26;835;1;2;2;3;94
201400044485;14;5;26;1440;1;2;2;6;94
201400044486;14;5;29;1451;1;2;1;6;94
201400044487;14;5;31;1500;1;2;1;6;94
201400044488;14;6;4;830;1;2;2;3;94
201400044489;14;6;5;935;1;2;1;3;94
201400044490;14;6;7;1620;1;2;1;3;94
201400044491;14;6;8;1150;1;2;1;3;94
201400044492;14;6;10;750;1;2;1;3;94
201400044493;14;6;12;835;1;2;1;3;94
201400044494;14;6;12;1900;1;2;1;6;94
201400044495;14;6;18;1755;1;2;1;3;94
201400044496;14;6;20;1010;1;2;1;6;94
201400044497;14;6;21;1655;1;2;1;2;94
201400044498;14;6;24;935;1;2;1;3;94
201400044499;14;6;24;2117;1;2;1;1;94
201400044500;14;6;25;1110;1;2;1;2;94
201400044501;14;6;25;2000;1;2;1;3;94
201400044502;14;6;26;1225;1;2;1;3;94
201400044503;14;6;26;1555;1;2;1;6;94
201400044504;14;6;30;1550;1;2;1;6;94
201400044505;14;6;30;2145;1;2;1;3;94
201400044506;14;7;1;705;1;1;8;3;94
201400044507;14;7;1;1345;1;2;1;2;94
201400044508;14;7;3;1115;1;2;1;3;94
201400044509;14;7;3;1800;1;2;1;2;94
201400044510;14;7;3;1910;1;2;7;2;94
201400044511;14;7;8;410;5;2;2;3;94
201400044512;14;7;13;1900;1;2;2;6;94
201400044513;14;7;15;1835;1;2;1;6;94
201400044514;14;7;17;715;1;1;1;7;94
201400044515;14;7;17;2135;5;2;1;6;94
201400044516;14;7;20;210;5;2;1;3;94
201400044517;14;7;26;2220;5;2;1;3;94
201400044518;14;7;30;830;1;2;1;3;94
201400044519;14;7;31;1545;1;2;1;6;94
201400044520;14;8;1;730;1;2;1;3;94
201400044521;14;8;5;1820;1;2;1;2;94
201400044522;14;8;8;2154;2;2;2;6;94
201400044523;14;8;11;2200;5;2;2;3;94
201400044524;14;8;12;1915;1;2;1;1;94
201400044525;14;8;24;1250;1;2;1;3;94
201400044526;14;8;25;815;1;2;2;4;94
201400044527;14;8;25;1000;1;2;2;3;94
201400044528;14;8;25;1700;1;2;3;6;94
201400044529;14;8;26;1245;1;2;2;3;94
201400044530;14;9;1;2020;2;2;1;1;94
201400044531;14;9;6;1035;1;2;1;6;94
201400044532;14;9;7;1105;1;1;1;3;94
201400044533;14;9;10;730;2;2;1;6;94
201400044534;14;9;10;930;1;2;1;6;94
201400044535;14;9;10;1650;1;2;1;3;94
201400044536;14;9;10;2315;5;2;1;6;94
201400044537;14;9;11;800;1;2;1;3;94
201400044538;14;9;17;2045;5;2;1;2;94
201400044539;14;9;22;1850;1;2;8;1;94
201400044540;14;9;25;830;1;2;1;2;94
201400044541;14;9;26;135;5;2;1;3;94
201400044542;14;9;29;800;1;2;2;6;94
201400044543;14;9;30;1900;1;2;1;3;94
201400044605;14;5;28;145;5;2;1;3;94
201400044606;14;1;1;1905;5;2;2;6;94
201400044607;14;1;3;1800;5;2;1;6;94
201400044608;14;1;8;855;1;2;1;2;94
201400044609;14;1;10;1145;1;1;8;2;94
201400044610;14;1;10;1730;5;1;1;3;94
201400044611;14;1;12;125;5;2;5;2;94
201400044612;14;1;13;810;2;2;8;6;94
201400044613;14;1;17;750;1;2;1;2;94
201400044614;14;1;17;850;1;2;1;3;94
201400044615;14;1;19;1735;2;2;1;2;94
201400044616;14;1;22;850;1;2;1;6;94
201400044617;14;1;22;1500;1;2;2;3;94
201400044618;14;1;22;1945;5;2;2;6;94
201400044619;14;1;25;700;5;1;2;1;94
201400044620;14;1;28;710;5;2;1;3;94
201400044621;14;1;28;1730;2;2;2;6;94
201400044622;14;1;29;1405;1;2;2;2;94
201400044623;14;1;31;1940;5;2;1;3;94
201400044624;14;2;1;915;1;1;2;6;94
201400044625;14;2;2;2045;5;2;1;3;94
201400044626;14;2;4;2130;5;2;1;3;94
201400044627;14;2;5;800;1;2;1;1;94
201400044628;14;2;5;1000;1;2;2;6;94
201400044629;14;2;7;1715;1;2;1;2;94
201400044630;14;2;10;1455;1;2;1;6;94
201400044631;14;2;12;800;1;2;1;7;94
201400044632;14;2;14;2020;5;2;1;6;94
201400044633;14;2;15;550;5;2;1;6;94
201400044634;14;2;17;1215;1;1;1;6;94
201400044635;14;2;19;1125;1;2;1;6;94
201400044636;14;2;20;655;5;2;2;3;94
201400044637;14;2;20;1455;1;2;2;2;94
201400044638;14;2;25;1000;1;2;1;6;94
201400044639;14;2;26;2322;5;2;1;2;94
201400044640;14;3;6;750;1;1;1;6;94
201400044641;14;3;11;1455;1;2;1;3;94
201400044642;14;3;13;745;1;1;1;3;94
201400044643;14;3;13;1650;1;2;1;2;94
201400044644;14;3;14;840;1;2;1;6;94
201400044645;14;3;23;1630;1;2;1;3;94
201400044646;14;3;27;1640;1;2;1;6;94
201400044647;14;3;28;15;5;2;1;3;94
201400044648;14;3;28;1630;1;2;1;6;94
201400044649;14;3;29;1340;1;2;1;2;94
201400044650;14;3;30;1035;1;1;1;3;94
201400044651;14;4;2;1139;1;2;1;6;94
201400044652;14;4;2;2225;5;1;1;1;94
201400044653;14;4;3;1108;1;2;1;6;94
201400044654;14;4;3;1750;1;1;1;6;94
201400044655;14;4;4;1640;1;2;1;6;94
201400044656;14;4;5;1750;1;2;1;2;94
201400044657;14;4;6;1944;2;2;1;6;94
201400044658;14;4;8;750;1;2;1;2;94
201400044659;14;4;8;1830;1;2;1;3;94
201400044660;14;4;10;1610;1;2;1;3;94
201400044661;14;4;12;1345;1;2;1;3;94
201400044662;14;4;15;1100;1;2;1;3;94
201400044663;14;4;15;1625;1;1;1;2;94
201400044664;14;4;15;1845;1;2;1;1;94
201400044665;14;4;18;2110;5;2;1;1;94
201400044666;14;4;27;2245;5;2;1;7;94
201400044667;14;4;28;1730;1;2;1;3;94
201400044668;14;4;30;1050;1;2;7;2;94
201400044669;14;4;30;1200;1;2;1;3;94
201400044670;14;5;1;2300;5;1;2;3;94
201400044671;14;5;2;2100;5;2;1;3;94
201400044672;14;5;3;1650;1;2;1;1;94
201400044673;14;5;3;2215;5;2;1;3;94
201400044674;14;5;5;1530;1;2;1;2;94
201400044675;14;5;6;1100;1;2;1;3;94
201400044676;14;5;6;1925;1;2;1;6;94
201400044677;14;5;12;1740;1;2;1;3;94
201400044678;14;5;14;2145;5;2;1;3;94
201400044679;14;5;16;1805;1;2;1;6;94
201400044680;14;5;17;1430;1;2;1;2;94
201400044681;14;5;18;815;1;2;7;1;94
201400044682;14;5;19;855;1;2;1;3;94
201400044683;14;5;19;1810;1;2;1;2;94
201400044684;14;5;22;1800;1;2;1;2;94
201400044685;14;5;22;1815;1;1;1;3;94
201400044686;14;5;24;1550;1;1;2;6;94
201400044687;14;5;26;1700;1;2;2;2;94
201400044688;14;5;27;1130;1;2;1;3;94
201400044689;14;5;28;2150;5;2;2;6;94
201400044690;14;6;3;1310;1;2;1;6;94
201400044691;14;6;3;2005;1;2;1;3;94
201400044692;14;6;4;1000;1;2;2;7;94
201400044693;14;6;4;2020;2;2;1;3;94
201400044694;14;6;7;1642;1;2;1;4;94
201400044695;14;6;8;1355;1;2;1;6;94
201400044696;14;6;13;945;1;2;1;6;94
201400044697;14;6;13;1220;1;2;1;3;94
201400044698;14;6;16;1130;1;2;1;3;94
201400044699;14;6;18;1345;1;2;1;6;94
201400044700;14;6;18;1700;1;2;1;6;94
201400044701;14;6;19;1115;1;2;1;2;94
201400044702;14;6;19;1655;1;2;1;3;94
201400044703;14;6;23;715;1;2;1;3;94
201400044704;14;6;27;1710;1;2;1;3;94
201400044705;14;6;28;1655;1;2;2;5;94
201400044706;14;6;29;1715;1;2;1;7;94
201400044707;14;6;30;1340;1;2;1;6;94
201400044708;14;7;5;550;2;2;2;6;94
201400044709;14;7;8;1650;1;2;2;2;94
201400044710;14;7;16;830;1;1;1;7;94
201400044711;14;7;16;1810;1;2;1;3;94
201400044712;14;7;18;905;1;2;1;3;94
201400044713;14;7;20;2030;2;2;1;3;94
201400044714;14;7;21;753;1;2;1;3;94
201400044715;14;7;21;1225;1;2;1;3;94
201400044716;14;7;21;2030;1;2;1;3;94
201400044717;14;7;24;1450;1;2;1;2;94
201400044718;14;7;31;1915;1;2;1;3;94
201400044719;14;8;2;2045;2;2;1;6;94
201400044720;14;8;3;1420;1;2;1;3;94
201400044721;14;8;7;1530;1;2;2;3;94
201400044722;14;8;9;400;5;1;2;6;94
201400044723;14;8;10;2145;3;2;1;3;94
201400044724;14;8;12;1928;2;2;2;3;94
201400044725;14;8;21;920;1;2;1;3;94
201400044726;14;8;22;615;2;2;1;6;94
201400044727;14;8;23;150;5;1;2;6;94
201400044728;14;8;23;1040;1;1;1;6;94
201400044729;14;8;23;1510;1;2;1;6;94
201400044730;14;8;25;715;1;2;2;4;94
201400044731;14;8;25;2125;5;2;3;3;94
201400044732;14;8;29;745;2;2;1;2;94
201400044733;14;9;1;2240;5;2;1;1;94
201400044734;14;9;4;1910;2;2;1;7;94
201400044735;14;9;8;1250;1;1;1;3;94
201400044736;14;9;8;1625;1;2;1;6;94
201400044737;14;9;10;610;2;2;1;6;94
201400044738;14;9;11;1000;1;2;1;3;94
201400044739;14;9;12;1650;1;1;1;3;94
201400044740;14;9;13;1600;1;2;1;6;94
201400044741;14;9;13;1625;1;2;1;3;94
201400044742;14;9;15;845;1;2;1;2;94
201400044743;14;9;16;1420;1;2;1;2;94
201400044744;14;9;16;1910;1;2;1;3;94
201400044745;14;9;17;2015;5;1;1;3;94
201400044746;14;9;18;630;2;1;1;3;94
201400044747;14;9;19;845;1;2;1;6;94
201400044748;14;9;19;1400;1;2;1;5;94
201400044749;14;9;21;1140;1;2;2;3;94
201400044750;14;9;24;750;1;2;1;6;94
201400044751;14;9;24;1130;1;2;1;6;94
201400044752;14;9;29;1030;1;2;1;2;94
201400044765;14;11;9;1200;1;1;2;7;94
201400044779;14;11;30;1630;2;1;1;6;94
201400044782;14;12;6;1730;5;2;1;1;94
201400044783;14;12;7;1500;1;1;2;6;94
201400044799;14;1;10;805;2;2;1;3;94
201400044800;14;1;10;1445;1;2;1;3;94
201400044801;14;1;7;25;5;2;2;7;94
201400044802;14;1;9;630;3;2;8;7;94
201400044803;14;1;21;1720;5;2;1;6;94
201400044804;14;1;10;1015;1;2;1;7;94
201400044805;14;1;29;925;1;2;2;2;94
201400044806;14;8;11;2351;5;2;1;3;94
201400044807;14;2;1;2150;5;2;1;3;94
201400044808;14;2;3;2250;5;2;1;3;94
201400044809;14;2;5;720;5;2;8;6;94
201400044810;14;2;5;1410;1;2;1;3;94
201400044811;14;2;11;1725;2;2;2;6;94
201400044812;14;2;12;940;1;2;1;3;94
201400044813;14;2;14;830;1;2;2;6;94
201400044814;14;2;14;1515;1;2;1;2;94
201400044815;14;2;25;138;3;2;1;3;94
201400044816;14;1;23;1130;1;2;8;2;94
201400044817;14;8;24;1310;1;2;1;3;94
201400044818;14;3;2;1340;1;2;1;3;94
201400044819;14;3;7;1;5;2;1;2;94
201400044820;14;3;8;30;5;1;1;2;94
201400044821;14;8;28;1800;1;2;1;3;94
201400044822;14;3;13;740;1;2;1;6;94
201400044824;14;3;19;2010;5;2;1;6;94
201400044827;14;1;31;1445;1;2;1;3;94
201400044828;14;3;21;1010;1;2;2;2;94
201400044830;14;3;25;1700;1;2;2;6;94
201400044831;14;9;4;940;1;2;1;3;94
201400044832;14;3;28;1750;1;1;9;3;94
201400044833;14;2;4;2000;5;2;1;3;94
201400044834;14;3;28;1715;1;2;1;6;94
201400044835;14;3;31;2305;5;2;1;3;94
201400044836;14;9;7;1;5;2;1;3;94
201400044837;14;2;7;920;1;2;1;6;94
201400044838;14;4;5;1350;1;2;1;6;94
201400044839;14;9;9;830;1;2;1;3;94
201400044840;14;4;9;2320;5;2;1;6;94
201400044841;14;4;8;810;1;2;1;7;94
201400044842;14;2;11;1855;5;2;2;6;94
201400044843;14;4;26;1820;1;2;2;2;94
201400044844;14;9;15;1345;1;2;1;3;94
201400044845;14;9;17;1400;1;2;1;2;94
201400044846;14;5;8;2010;2;2;2;3;94
201400044847;14;5;7;1510;1;2;3;6;94
201400044848;14;5;12;2200;5;1;1;7;94
201400044849;14;9;19;1745;1;2;1;3;94
201400044850;14;5;18;810;1;2;1;3;94
201400044851;14;5;16;1020;1;2;1;3;94
201400044852;14;9;20;1915;2;2;2;6;94
201400044853;14;5;19;1810;1;2;1;3;94
201400044854;14;9;21;405;5;2;2;3;94
201400044855;14;9;24;1750;1;2;1;6;94
201400044856;14;2;26;800;1;2;8;6;94
201400044857;14;2;26;1340;1;2;1;1;94
201400044858;14;2;28;1740;1;2;2;2;94
201400044859;14;9;27;1925;1;2;1;3;94
201400044860;14;6;12;2045;2;2;7;1;94
201400044861;14;3;2;1004;1;2;1;6;94
201400044863;14;7;16;1025;1;2;1;6;94
201400044864;14;7;18;1620;1;2;7;6;94
201400044865;14;7;18;2045;1;2;1;6;94
201400044866;14;7;19;1120;1;2;1;3;94
201400044867;14;7;30;1505;1;2;1;3;94
201400044869;14;8;1;1745;1;2;1;2;94
201400044871;14;8;14;925;1;2;1;6;94
201400044875;14;9;18;2310;5;2;1;6;94
201400044879;14;4;12;2010;2;2;1;3;94
201400044881;14;4;14;1528;1;2;1;1;94
201400044886;14;4;28;1735;1;2;1;6;94
201400044890;14;5;3;1430;1;2;1;6;94
201400044896;14;5;22;1840;1;2;8;6;94
201400044897;14;5;22;1805;1;2;1;6;94
201400044898;14;5;23;1225;1;2;2;6;94
201400044899;14;5;23;2100;1;2;1;6;94
201400044903;14;6;6;1800;1;2;1;3;94
201400044904;14;6;9;420;3;2;1;2;94
201400044905;14;6;16;1230;1;2;1;3;94
201400044906;14;6;20;2015;1;2;1;3;94
201400044907;14;6;28;2015;1;2;3;3;94
201400044908;14;7;2;1700;1;2;1;3;94
201400044909;14;7;9;1820;1;2;2;3;94
201400044910;14;7;9;2320;5;2;2;3;94
201400044911;14;7;12;1200;1;2;1;2;94
201400044912;14;7;24;1737;1;2;1;2;94
201400044913;14;7;24;2100;1;2;1;2;94
201400044914;14;7;25;1325;1;2;1;3;94
201400044915;14;7;27;1930;1;2;1;6;94
201400044916;14;3;24;1200;1;2;1;3;94
201400044919;14;2;11;1830;5;2;3;3;94
201400044920;14;1;22;1830;2;2;2;3;94
201400044921;14;8;21;1030;1;2;1;3;94
201400044922;14;6;19;1620;1;2;1;6;94
201400044923;14;6;20;1920;1;2;1;3;94
201400044924;14;6;28;1045;1;2;1;6;94
201400044926;14;1;16;725;2;2;2;6;94
201400044928;14;1;27;1745;1;2;2;2;94
201400044932;14;4;5;1730;1;2;1;3;94
201400044933;14;4;4;1615;1;2;1;6;94
201400044934;14;4;9;1730;1;2;1;3;94
201400044935;14;2;26;1730;1;2;1;3;94
201400044936;14;4;30;1635;1;2;1;6;94
201400044938;14;5;16;1730;1;2;1;2;94
201400044939;14;6;6;1035;1;2;1;6;94
201400044940;14;9;1;1510;1;2;1;3;94
201400044941;14;7;7;2050;1;2;2;2;94
201400044942;14;4;7;1800;1;2;1;3;94
201400044943;14;4;7;2340;3;2;1;3;94
201400044944;14;7;19;1730;1;2;1;6;94
201400044945;14;2;24;1210;1;1;1;6;94
201400044946;14;7;11;850;1;2;1;2;94
201400044947;14;8;5;2320;5;2;1;6;94
201400044948;14;1;16;1025;1;2;2;3;94
201400044950;14;4;9;1245;1;2;1;6;94
201400044951;14;5;23;1050;1;2;1;6;94
201400044952;14;7;21;2130;2;2;1;3;94
201400044953;14;2;17;850;1;2;1;3;94
201400044955;14;9;28;1020;1;2;1;6;94
201400044957;14;1;20;1840;5;2;2;6;94
201400044959;14;4;12;1940;2;2;1;3;94
201400044960;14;7;16;1055;1;2;1;1;94
201400044962;14;4;15;1930;2;2;1;3;94
201400044964;14;7;4;1330;1;2;2;7;94
201400044965;14;1;18;1805;2;2;1;6;94
201400044966;14;6;4;2120;2;2;1;3;94
201400044971;14;3;6;1310;1;1;1;3;94
201400044972;14;6;13;10;3;2;1;3;94
201400044973;14;3;26;1230;1;2;1;3;94
201400044974;14;9;27;1740;1;2;1;3;94
201400044976;14;1;26;1035;1;2;1;6;94
201400044977;14;6;6;1035;1;2;1;6;94
201400044978;14;6;9;1550;1;2;2;3;94
201400044979;14;6;10;1550;1;2;1;6;94
201400044980;14;9;16;1005;1;2;1;3;94
201400044981;14;4;21;1515;1;2;1;2;94
201400044982;14;3;12;1450;1;2;1;3;94
201400044983;14;9;27;2115;5;2;1;2;94
201400044984;14;8;7;1900;1;2;1;6;94
201400044985;14;5;2;1315;1;2;1;6;94
201400044987;14;9;11;1020;1;2;1;6;94
201400044989;14;6;24;1950;1;2;1;3;94
201400044990;14;6;20;1905;1;2;1;3;94
201400044996;14;6;11;1150;1;2;1;3;94
201400044997;14;6;11;2110;1;2;1;2;94
201400044998;14;1;3;1310;1;2;1;3;94
201400044999;14;6;12;1940;1;2;1;6;94
201400045000;14;6;13;5;5;2;1;3;94
201400045002;14;2;8;1525;1;2;1;2;94
201400045004;14;1;11;100;5;2;2;6;94
201400045009;14;5;22;2240;5;2;1;3;94
201400045010;14;1;15;1450;1;2;2;6;94
201400045012;14;6;24;1745;1;2;1;6;94
201400045013;14;6;25;1325;1;2;1;2;94
201400045014;14;6;27;640;1;2;1;6;94
201400045015;14;1;18;1100;1;2;1;3;94
201400045017;14;6;27;1915;1;2;1;3;94
201400045018;14;6;28;1650;1;2;2;2;94
201400045021;14;6;29;1710;1;2;1;1;94
201400045023;14;1;22;2010;5;2;2;4;94
201400045025;14;7;3;325;5;2;1;2;94
201400045026;14;7;3;1222;1;2;1;3;94
201400045027;14;9;1;1350;1;2;1;3;94
201400045029;14;7;4;1930;1;1;1;6;94
201400045030;14;1;27;1520;1;2;1;1;94
201400045031;14;1;29;740;2;2;2;1;94
201400045032;14;7;8;1655;1;2;1;6;94
201400045033;14;1;30;825;1;2;1;6;94
201400045035;14;7;14;2110;1;2;1;6;94
201400045036;14;7;15;935;1;2;1;2;94
201400045037;14;2;4;1735;1;2;1;6;94
201400045038;14;2;4;2010;5;2;1;6;94
201400045039;14;2;4;1915;5;2;1;2;94
201400045040;14;7;18;1545;1;2;1;3;94
201400045041;14;2;12;1220;1;2;1;3;94
201400045042;14;2;15;1720;1;2;8;2;94
201400045043;14;2;16;1345;1;2;1;6;94
201400045044;14;2;22;11;5;2;1;3;94
201400045045;14;2;23;1430;1;2;1;3;94
201400045046;14;2;24;1215;1;2;1;6;94
201400045047;14;8;14;1600;1;2;1;3;94
201400045048;14;3;4;1315;1;2;1;6;94
201400045049;14;3;5;1125;1;2;1;6;94
201400045050;14;8;20;1620;1;2;8;3;94
201400045051;14;8;24;1440;1;2;1;2;94
201400045052;14;3;10;1705;1;2;1;6;94
201400045053;14;3;10;2150;5;2;1;3;94
201400045054;14;8;27;1100;1;2;1;1;94
201400045055;14;9;1;910;1;2;1;3;94
201400045056;14;3;17;850;1;2;1;6;94
201400045057;14;3;18;1300;1;2;1;2;94
201400045058;14;9;3;1750;1;2;1;3;94
201400045059;14;3;19;1245;1;2;1;2;94
201400045060;14;3;20;1850;2;2;1;6;94
201400045061;14;9;8;1305;1;2;1;4;94
201400045062;14;3;25;1300;1;2;2;1;94
201400045063;14;9;10;700;2;2;1;6;94
201400045064;14;3;25;1855;2;2;9;3;94
201400045065;14;3;26;1640;1;2;1;6;94
201400045066;14;9;12;1225;1;2;1;3;94
201400045067;14;3;28;1500;1;2;1;3;94
201400045068;14;3;28;1700;1;2;1;6;94
201400045069;14;3;29;2100;5;2;1;3;94
201400045070;14;9;16;1740;1;2;1;3;94
201400045071;14;9;18;1330;1;2;1;5;94
201400045072;14;4;3;825;1;2;1;3;94
201400045073;14;4;4;1155;1;2;1;3;94
201400045074;14;4;4;1605;1;2;1;3;94
201400045075;14;9;21;1440;1;2;8;2;94
201400045076;14;9;22;745;1;2;1;3;94
201400045077;14;4;5;1550;1;2;1;3;94
201400045078;14;9;23;815;1;2;1;3;94
201400045079;14;4;8;800;1;2;1;6;94
201400045080;14;4;8;1810;1;2;1;6;94
201400045081;14;9;26;1145;1;2;1;6;94
201400045082;14;9;27;1210;1;2;1;6;94
201400045083;14;4;10;1505;1;2;1;3;94
201400045084;14;9;28;1140;1;2;1;2;94
201400045085;14;4;14;1720;1;2;1;3;94
201400045086;14;4;18;2130;5;2;1;1;94
201400045087;14;4;19;2305;5;2;1;3;94
201400045088;14;4;20;1715;1;2;1;3;94
201400045095;14;5;16;1148;1;2;1;3;94
201400045096;14;4;30;1325;1;2;1;3;94
201400045097;14;5;1;2015;5;2;2;2;94
201400045103;14;5;6;320;5;2;1;3;94
201400045104;14;5;6;820;1;2;2;6;94
201400045105;14;5;12;1145;1;2;1;3;94
201400045109;14;5;16;1750;1;2;1;3;94
201400045113;14;5;22;906;1;2;1;3;94
201400045115;14;5;22;1800;1;2;1;3;94
201400045116;14;11;6;920;1;2;1;2;94
201400045117;14;5;23;2230;5;2;2;4;94
201400045118;14;5;26;845;1;2;2;2;94
201400045119;14;5;30;935;1;2;1;3;94
201400045120;14;5;30;1805;1;2;1;3;94
201400045121;14;6;1;1830;1;2;1;6;94
201400045122;14;6;4;945;1;2;3;3;94
201400045123;14;6;5;1630;1;2;1;6;94
201400045124;14;6;7;655;1;2;1;4;94
201400045125;14;1;8;800;1;2;1;6;94
201400045126;14;1;11;605;5;2;8;3;94
201400045127;14;1;14;1820;5;2;1;2;94
201400045128;14;1;16;1730;5;2;2;3;94
201400045129;14;1;17;740;5;2;1;3;94
201400045130;14;1;20;1250;1;1;1;3;94
201400045131;14;1;21;1010;1;2;1;3;94
201400045132;14;1;22;1330;1;2;1;5;94
201400045133;14;1;23;1050;1;2;1;6;94
201400045134;14;1;23;1940;5;2;2;6;94
201400045135;14;2;10;1400;1;2;1;3;94
201400045136;14;2;12;1855;5;2;2;6;94
201400045137;14;2;17;955;1;2;1;3;94
201400045138;14;3;1;2320;5;2;2;3;94
201400045139;14;3;4;1645;1;2;1;6;94
201400045140;14;3;6;1228;1;2;1;3;94
201400045141;14;3;8;915;1;2;1;3;94
201400045142;14;3;11;955;1;2;1;2;94
201400045143;14;3;11;1845;5;2;1;3;94
201400045144;14;3;11;1925;5;2;1;3;94
201400045145;14;3;12;1640;1;2;1;2;94
201400045146;14;3;14;1845;1;2;1;3;94
201400045147;14;3;19;1850;5;2;1;3;94
201400045148;14;3;21;835;1;2;1;3;94
201400045149;14;4;2;1355;1;2;1;3;94
201400045150;14;4;5;1438;1;2;1;3;94
201400045151;14;4;8;1640;1;2;1;6;94
201400045152;14;4;11;1800;1;2;1;3;94
201400045153;14;4;12;1954;5;2;1;6;94
201400045154;14;4;12;1715;1;2;1;6;94
201400045155;14;4;22;1215;1;2;1;3;94