Num_Acc;an;mois;jour;hrmn;lum;agg;atm;col;dep
201400045156;14;4;26;1235;1;2;2;3;94
201400045157;14;5;4;1825;1;2;1;6;94
201400045158;14;4;26;2205;5;2;2;3;94
201400045159;14;5;15;1345;1;2;1;2;94
201400045160;14;5;17;1730;1;2;1;3;94
201400045161;14;5;18;1855;1;2;1;3;94
201400045162;14;5;22;2044;2;2;1;3;94
201400045163;14;5;24;1840;1;2;1;3;94
201400045164;14;6;2;1845;1;2;1;2;94
201400045165;14;6;12;1650;1;2;1;6;94
201400045166;14;6;13;1415;1;2;1;3;94
201400045167;14;6;17;1555;1;2;1;6;94
201400045168;14;6;18;1740;1;2;1;6;94
201400045169;14;6;19;1615;1;2;1;2;94
201400045170;14;6;27;1330;1;2;1;3;94
201400045171;14;6;27;2245;5;2;1;3;94
201400045172;14;7;4;1350;1;2;2;3;94
201400045173;14;7;4;1455;1;2;1;3;94
201400045174;14;7;10;925;1;2;3;2;94
201400045175;14;7;12;1625;1;2;1;3;94
201400045176;14;7;18;1310;1;2;1;3;94
201400045177;14;7;22;1710;1;2;1;3;94
201400045178;14;7;24;1200;1;2;1;3;94
201400045179;14;8;1;1720;1;2;1;3;94
201400045180;14;8;15;1448;1;2;1;6;94
201400045181;14;8;17;45;5;2;1;3;94
201400045182;14;8;23;1825;1;2;2;3;94
201400045183;14;8;28;1242;1;2;1;6;94
201400045184;14;8;31;945;1;2;1;3;94
201400045185;14;9;1;1500;1;2;1;3;94
201400045186;14;9;1;1915;1;2;1;3;94
201400045187;14;9;5;1325;1;2;1;3;94
201400045188;14;9;12;1625;1;2;1;3;94
201400045189;14;9;12;1905;1;2;1;3;94
201400045190;14;9;14;1700;1;2;1;6;94
201400045191;14;9;16;1100;1;2;1;3;94
201400045192;14;9;18;1000;1;2;1;3;94
201400045193;14;9;19;1950;5;2;1;5;94
201400045194;14;9;21;1240;1;2;2;3;94
201400045195;14;9;22;1130;1;2;1;3;94
201400045196;14;9;22;1120;1;2;1;6;94
201400045197;14;9;26;1810;1;2;1;3;94
201400045198;14;9;27;30;5;2;1;6;94
201400045234;14;1;16;1640;1;2;1;3;94
201400045235;14;1;20;1645;2;2;1;3;94
201400045236;14;1;22;2000;5;2;2;5;94
201400045237;14;1;26;225;5;2;1;3;94
201400045238;14;3;15;100;5;2;1;3;94
201400045239;14;3;22;15;5;2;1;3;94
201400045240;14;5;8;1;5;2;1;3;94
201400045241;14;5;9;1745;1;2;1;2;94
201400045242;14;6;6;2330;5;2;1;3;94
201400045243;14;7;7;1650;1;2;1;3;94
201400045244;14;7;12;1120;1;2;1;6;94
201400045245;14;7;16;1800;1;2;1;3;94
201400045246;14;7;25;1820;1;2;1;1;94
201400045247;14;8;3;1700;1;2;9;6;94
201400045248;14;8;20;935;1;2;1;4;94
201400045249;14;8;23;1605;1;2;1;3;94
201400045250;14;9;20;2335;5;2;1;6;94
201400045251;14;9;24;135;5;2;1;6;94
201400045261;14;1;2;1950;5;2;1;3;94
201400045264;14;12;24;1135;1;2;8;7;94
201400045265;14;4;7;900;1;2;8;7;94
201400045266;14;1;10;1808;5;2;1;3;94
201400045267;14;4;25;1900;1;2;1;6;94
201400045268;14;8;3;700;5;2;1;2;94
201400045269;14;5;23;730;1;2;1;6;94
201400045270;14;1;15;1630;5;2;2;3;94
201400045271;14;1;15;2100;5;2;2;6;94
201400045272;14;1;16;1805;3;2;2;6;94
201400045273;14;6;29;600;1;2;2;4;94
201400045274;14;1;19;14;5;2;2;6;94
201400045275;14;7;13;1245;1;2;2;2;94
201400045276;14;1;21;850;1;2;2;3;94
201400045277;14;1;25;935;1;2;2;5;94
201400045278;14;6;19;922;1;2;1;3;94
201400045279;14;11;1;630;5;2;1;2;94
201400045280;14;1;31;1640;1;2;1;7;94
201400045281;14;2;2;550;5;2;1;6;94
201400045283;14;1;28;940;1;2;1;3;94
201400045284;14;1;28;1220;1;2;1;3;94
201400045285;14;2;3;1635;1;1;1;1;94
201400045286;14;2;6;720;4;2;1;5;94
201400045287;14;2;7;930;1;2;1;6;94
201400045288;14;6;28;40;5;2;1;5;94
201400045289;14;2;18;1405;1;2;1;6;94
201400045290;14;2;21;1840;2;2;1;6;94
201400045291;14;2;22;820;1;2;2;6;94
201400045292;14;3;4;1340;1;2;1;3;94
201400045293;14;3;6;955;1;2;1;2;94
201400045294;14;3;14;30;5;2;1;6;94
201400045295;14;3;14;1650;1;2;1;6;94
201400045296;14;3;15;1850;2;2;1;1;94
201400045297;14;3;18;700;1;2;1;6;94
201400045298;14;3;19;1730;1;2;1;6;94
201400045299;14;3;20;840;1;2;1;3;94
201400045300;14;3;22;2115;5;2;1;7;94
201400045301;14;3;22;2055;5;2;1;4;94
201400045302;14;3;24;1010;1;2;1;2;94
201400045303;14;3;25;1608;1;2;2;2;94
201400045304;14;3;28;1300;1;2;1;6;94
201400045305;14;4;1;1105;1;2;1;4;94
201400045306;14;4;10;1050;1;2;1;6;94
201400045307;14;4;10;1340;1;2;1;6;94
201400045308;14;4;11;1150;1;2;1;2;94
201400045309;14;4;11;1645;1;2;1;2;94
201400045310;14;4;14;1135;1;2;1;2;94
201400045311;14;4;17;1839;1;2;1;3;94
201400045312;14;4;20;1750;1;2;1;6;94
201400045313;14;4;24;50;5;2;1;6;94
201400045314;14;4;26;1300;1;2;2;3;94
201400045315;14;4;26;1635;1;2;2;2;94
201400045316;14;4;27;510;5;2;1;1;94
201400045317;14;4;29;650;1;2;1;2;94
201400045318;14;5;1;1800;1;2;2;3;94
201400045319;14;3;5;1050;1;2;1;7;94
201400045320;14;5;5;2040;2;2;1;3;94
201400045321;14;5;6;635;2;2;2;6;94
201400045322;14;5;10;2135;5;2;1;2;94
201400045323;14;5;12;1911;1;2;1;5;94
201400045324;14;5;13;1015;1;2;8;2;94
201400045325;14;5;13;2005;1;2;1;6;94
201400045326;14;5;14;1145;1;2;1;6;94
201400045327;14;5;15;1420;1;2;1;2;94
201400045328;14;5;16;821;1;2;1;2;94
201400045329;14;5;19;1315;1;2;1;2;94
201400045330;14;5;24;1550;1;2;2;6;94
201400045331;14;5;26;700;1;2;8;6;94
201400045332;14;5;29;1930;1;2;1;2;94
201400045333;14;6;10;235;4;2;2;3;94
201400045334;14;6;5;1915;1;2;1;5;94
201400045335;14;6;14;1420;1;2;1;6;94
201400045336;14;6;14;2050;1;2;1;2;94
201400045337;14;6;15;1500;1;2;1;6;94
201400045338;14;6;19;1740;1;2;1;2;94
201400045339;14;6;21;1640;1;2;1;7;94
201400045340;14;6;24;1730;1;2;1;2;94
201400045341;14;6;30;1245;1;2;1;2;94
201400045342;14;7;1;1645;1;2;1;6;94
201400045343;14;7;1;1850;1;2;1;1;94
201400045344;14;7;3;940;1;2;9;3;94
201400045345;14;7;5;545;2;2;2;2;94
201400045346;14;7;9;1750;1;2;3;6;94
201400045347;14;7;9;1650;1;2;3;7;94
201400045348;14;7;19;1120;1;2;1;2;94
201400045349;14;7;28;1715;1;2;1;5;94
201400045350;14;7;30;1540;1;2;1;2;94
201400045351;14;7;31;945;1;2;1;2;94
201400045352;14;7;31;1825;1;2;1;3;94
201400045353;14;7;31;2015;1;2;1;2;94
201400045354;14;8;1;2300;5;2;1;2;94
201400045355;14;8;6;1245;1;2;2;5;94
201400045356;14;8;9;15;5;2;2;3;94
201400045357;14;8;13;1525;1;2;1;3;94
201400045358;14;8;30;2215;5;2;1;4;94
201400045359;14;9;1;1620;1;2;1;3;94
201400045360;14;9;2;1450;1;1;1;2;94
201400045361;14;9;3;822;1;2;1;6;94
201400045362;14;9;4;855;1;2;1;3;94
201400045363;14;9;7;1105;1;2;1;2;94
201400045364;14;9;10;1415;1;2;1;6;94
201400045365;14;9;22;1645;1;2;1;3;94
201400045366;14;9;23;2300;5;2;1;2;94
201400045367;14;9;24;1050;1;2;1;3;94
201400045370;14;10;6;605;2;2;1;6;94
201400045374;14;10;8;915;1;2;3;3;94
201400045376;14;10;12;355;5;2;1;2;94
201400045378;14;10;14;800;1;2;1;4;94
201400045379;14;10;15;1650;1;2;2;5;94
201400045381;14;10;26;2200;5;2;1;3;94
201400045383;14;11;11;555;5;2;9;6;94
201400045384;14;11;12;745;1;2;1;6;94
201400045391;14;11;26;1025;1;2;1;2;94
201400045396;14;12;4;1650;1;2;1;6;94
201400045397;14;12;16;900;1;2;2;2;94
201400045398;14;12;17;5;5;2;1;5;94
201400045401;14;1;6;703;5;2;2;3;94
201400045402;14;1;12;815;5;2;8;2;94
201400045403;14;1;13;2000;5;2;2;3;94
201400045404;14;1;16;955;1;2;2;6;94
201400045405;14;1;16;1315;1;2;8;2;94
201400045406;14;1;21;850;1;2;2;3;94
201400045407;14;1;22;725;5;2;1;3;94
201400045408;14;1;23;1745;5;2;2;6;94
201400045409;14;1;25;1900;5;2;1;3;94
201400045410;14;2;12;1925;5;2;2;6;94
201400045411;14;2;19;145;5;2;1;3;94
201400045412;14;3;5;735;1;2;1;6;94
201400045413;14;3;5;1610;1;2;1;6;94
201400045414;14;3;6;920;1;2;1;2;94
201400045415;14;3;14;1830;1;2;1;2;94
201400045416;14;3;24;1400;1;2;1;6;94
201400045417;14;4;2;840;1;2;1;3;94
201400045418;14;4;6;1055;1;2;1;6;94
201400045419;14;4;8;920;1;2;1;3;94
201400045420;14;4;12;1600;1;2;1;3;94
201400045421;14;4;14;1725;1;2;1;6;94
201400045422;14;4;14;1830;1;2;1;2;94
201400045423;14;4;15;2000;2;2;1;3;94
201400045424;14;4;22;150;5;2;1;6;94
201400045425;14;5;6;1750;1;2;1;4;94
201400045426;14;5;9;1840;1;2;1;6;94
201400045427;14;5;12;250;5;2;1;2;94
201400045428;14;5;15;2110;1;2;1;3;94
201400045429;14;5;16;1910;1;2;1;6;94
201400045430;14;5;20;2005;1;2;8;2;94
201400045431;14;6;5;1520;1;2;1;3;94
201400045432;14;6;12;1145;1;2;1;3;94
201400045433;14;6;12;1820;1;2;1;1;94
201400045434;14;6;14;1805;1;2;1;6;94
201400045435;14;6;15;1745;1;2;1;6;94
201400045436;14;6;16;1905;1;2;1;3;94
201400045437;14;6;20;1820;1;2;1;3;94
201400045438;14;6;25;1305;1;2;1;6;94
201400045439;14;6;29;15;5;2;2;3;94
201400045440;14;7;2;1010;1;2;1;6;94
201400045441;14;7;6;2250;5;2;1;6;94
201400045442;14;7;10;1630;1;2;8;3;94
201400045443;14;7;11;1810;1;2;1;3;94
201400045444;14;7;12;1520;1;2;1;3;94
201400045445;14;7;27;2005;2;2;1;3;94
201400045446;14;7;29;1945;1;2;8;3;94
201400045447;14;6;15;1130;1;2;1;3;94
201400045448;14;6;19;2015;1;2;1;6;94
201400045449;14;8;7;1815;1;2;1;1;94
201400045450;14;8;21;55;5;2;1;3;94
201400045451;14;8;24;2345;5;2;1;3;94
201400045452;14;8;29;1308;1;2;1;3;94
201400045453;14;8;31;1325;1;2;1;6;94
201400045454;14;9;2;1705;1;2;1;2;94
201400045455;14;9;14;2315;5;2;1;1;94
201400045456;14;9;17;1750;1;2;1;3;94
201400045457;14;9;17;1840;1;2;1;6;94
201400045458;14;9;18;1755;1;2;1;2;94
201400045459;14;9;19;1750;1;2;1;6;94
201400045460;14;9;20;630;5;2;1;6;94
201400045461;14;9;23;1705;1;2;1;5;94
201400045462;14;9;25;1620;1;2;1;6;94
201400045463;14;9;28;350;5;2;1;1;94
201400045464;14;9;29;1845;1;2;1;3;94
201400045470;14;11;7;1520;1;2;1;6;94
201400045484;14;1;6;1810;4;2;2;6;94
201400045485;14;1;7;1415;1;1;1;3;94
201400045486;14;1;8;610;5;2;1;6;94
201400045487;14;1;9;1200;1;2;8;3;94
201400045488;14;1;10;1825;5;2;1;5;94
201400045489;14;1;14;1120;1;2;2;3;94
201400045490;14;1;16;635;4;2;2;6;94
201400045491;14;1;20;1030;1;2;1;3;94
201400045492;14;1;20;1300;1;2;1;3;94
201400045493;14;1;21;1550;1;2;1;2;94
201400045494;14;1;24;2230;5;2;1;5;94
201400045495;14;1;27;1850;5;2;1;2;94
201400045496;14;1;17;1540;1;2;1;6;94
201400045497;14;2;11;1215;1;2;1;6;94
201400045498;14;2;12;325;5;2;2;3;94
201400045499;14;2;13;745;3;2;3;6;94
201400045500;14;2;17;1215;1;2;1;3;94
201400045501;14;2;28;2100;5;2;1;3;94
201400045502;14;3;5;2000;5;2;1;3;94
201400045503;14;3;6;1510;1;2;1;3;94
201400045504;14;3;9;1220;1;2;7;6;94
201400045505;14;3;8;1715;1;2;1;3;94
201400045506;14;3;12;2355;5;2;1;3;94
201400045507;14;3;14;500;5;2;1;6;94
201400045508;14;3;19;1640;1;2;1;3;94
201400045509;14;3;20;1205;1;2;1;6;94
201400045510;14;3;20;1720;1;2;1;3;94
201400045511;14;3;21;835;1;2;2;6;94
201400045512;14;3;28;2240;5;2;1;6;94
201400045513;14;3;31;1505;1;2;8;6;94
201400045514;14;4;1;1145;1;2;1;6;94
201400045515;14;4;4;2350;5;2;1;6;94
201400045516;14;4;8;855;1;2;1;3;94
201400045517;14;4;9;805;1;2;1;6;94
201400045518;14;3;22;1955;3;2;1;6;94
201400045519;14;3;21;2140;5;2;1;6;94
201400045520;14;4;10;1715;1;2;1;1;94
201400045521;14;4;11;830;1;2;1;6;94
201400045522;14;4;14;920;1;2;1;6;94
201400045523;14;4;16;1935;1;2;1;3;94
201400045524;14;4;18;1430;1;2;1;6;94
201400045525;14;4;20;555;5;2;1;2;94
201400045526;14;4;24;1615;1;2;1;3;94
201400045527;14;4;29;740;1;2;1;3;94
201400045528;14;4;29;810;1;2;1;6;94
201400045529;14;4;29;1720;1;2;2;6;94
201400045530;14;4;30;1540;1;2;1;3;94
201400045531;14;5;2;930;1;2;1;3;94
201400045532;14;5;3;1440;1;2;1;5;94
201400045533;14;5;3;1610;1;2;1;6;94
201400045534;14;5;4;1718;1;2;1;2;94
201400045535;14;5;7;1120;1;2;1;5;94
201400045536;14;5;12;1810;1;2;1;2;94
201400045537;14;5;13;1650;1;2;1;1;94
201400045538;14;5;14;1440;1;2;1;4;94
201400045539;14;5;17;1900;1;2;1;3;94
201400045540;14;5;18;1950;1;2;1;3;94
201400045541;14;5;20;805;1;2;1;6;94
201400045542;14;5;22;2025;1;2;1;3;94
201400045543;14;5;27;1100;1;2;1;3;94
201400045544;14;6;5;1810;1;2;1;6;94
201400045545;14;6;10;1623;1;1;1;4;94
201400045546;14;6;11;1030;1;1;1;4;94
201400045547;14;6;12;1450;1;2;1;3;94
201400045548;14;6;13;1600;1;2;1;3;94
201400045549;14;6;18;1050;1;2;1;3;94
201400045550;14;6;19;1750;1;2;1;6;94
201400045551;14;6;21;1200;1;2;1;3;94
201400045552;14;6;21;1830;1;2;1;6;94
201400045553;14;6;23;840;1;2;1;3;94
201400045554;14;6;25;1800;1;1;1;2;94
201400045555;14;6;26;1400;1;2;1;3;94
201400045556;14;7;1;715;1;2;8;6;94
201400045557;14;7;2;1035;1;2;1;6;94
201400045558;14;7;3;1745;1;1;1;3;94
201400045559;14;7;6;2100;1;2;1;5;94
201400045560;14;7;9;1040;1;1;1;4;94
201400045561;14;7;12;1600;1;2;8;1;94
201400045562;14;7;15;130;5;2;1;7;94
201400045563;14;7;21;1820;1;2;1;6;94
201400045564;14;7;23;1700;1;2;1;3;94
201400045565;14;8;2;1800;1;2;2;2;94
201400045566;14;8;5;1835;1;2;1;3;94
201400045567;14;8;6;1920;1;1;2;4;94
201400045568;14;8;7;1040;1;2;1;3;94
201400045569;14;8;14;130;4;2;1;6;94
201400045570;14;8;17;955;1;2;1;3;94
201400045571;14;8;22;1630;1;2;1;3;94
201400045572;14;9;1;1435;1;2;1;3;94
201400045573;14;9;11;930;1;2;1;3;94
201400045574;14;9;11;1145;1;1;1;6;94
201400045575;14;9;11;1400;1;2;1;3;94
201400045576;14;9;12;1750;1;2;1;5;94
201400045577;14;7;10;1820;1;2;8;1;94
201400045578;14;9;26;1815;1;2;1;6;94
201400045579;14;9;26;1820;1;2;1;6;94
201400045580;14;9;30;1340;1;2;1;3;94
201400045583;14;9;7;1640;1;2;1;3;94
201400045584;14;9;8;1415;1;2;1;3;94
201400045597;14;10;25;1510;1;1;8;4;94
201400045599;14;11;1;340;5;2;1;6;94
201400045614;14;12;7;1540;1;1;2;2;94
201400045617;14;12;18;1809;5;2;1;6;94
201400045621;14;7;19;1825;1;2;1;3;94
201400045622;14;1;14;2315;5;2;2;1;95
201400045623;14;1;18;2300;5;2;1;2;95
201400045624;14;1;23;940;1;2;1;3;95
201400045625;14;1;22;1425;1;2;2;2;95
201400045626;14;1;24;940;1;2;1;3;95
201400045627;14;1;26;1840;5;2;1;6;95
201400045628;14;1;29;1745;2;2;2;3;95
201400045629;14;1;31;2245;5;2;2;6;95
201400045630;14;2;4;1655;1;2;1;6;95
201400045631;14;2;5;1410;1;2;1;3;95
201400045632;14;2;8;1545;1;2;2;6;95
201400045633;14;2;11;1310;1;2;1;3;95
201400045634;14;2;11;1955;5;2;2;7;95
201400045635;14;2;14;815;1;2;2;2;95
201400045636;14;2;21;2335;5;2;1;3;95
201400045637;14;2;23;1500;1;2;1;7;95
201400045638;14;2;22;1940;2;2;1;1;95
201400045639;14;2;25;855;1;2;2;3;95
201400045640;14;3;1;2100;5;2;1;3;95
201400045641;14;3;3;830;1;2;2;3;95
201400045642;14;2;24;1810;1;2;1;6;95
201400045643;14;3;6;825;1;2;1;6;95
201400045644;14;3;5;1618;1;2;1;3;95
201400045645;14;3;18;1140;1;2;1;3;95
201400045646;14;3;11;750;1;2;1;3;95
201400045647;14;3;10;505;4;2;2;6;95
201400045648;14;3;16;2220;3;2;1;6;95
201400045649;14;3;21;30;5;2;1;7;95
201400045650;14;3;23;715;1;2;1;6;95
201400045651;14;3;23;305;5;2;1;7;95
201400045652;14;3;24;855;1;2;1;6;95
201400045653;14;3;26;1055;1;2;1;3;95
201400045654;14;3;25;910;1;2;1;2;95
201400045655;14;3;28;1330;1;2;1;4;95
201400045656;14;3;29;1710;2;2;1;2;95
201400045657;14;4;4;1930;1;2;1;6;95
201400045658;14;4;4;2135;5;2;1;7;95
201400045659;14;4;9;1930;5;2;1;3;95
201400045660;14;4;5;920;1;2;1;2;95
201400045661;14;4;5;1957;1;2;1;3;95
201400045662;14;4;12;55;5;2;1;3;95
201400045663;14;4;8;2035;5;2;1;3;95
201400045664;14;4;10;1955;1;2;1;3;95
201400045665;14;4;14;1946;1;1;1;3;95
201400045666;14;4;22;1645;1;2;1;4;95
201400045667;14;4;16;1600;1;2;1;6;95
201400045668;14;4;21;1355;1;2;1;3;95
201400045669;14;4;26;1240;1;2;1;6;95
201400045670;14;4;24;2011;1;1;8;1;95
201400045671;14;4;28;2250;5;2;1;1;95
201400045672;14;4;28;1620;1;2;1;2;95
201400045673;14;4;29;1700;1;2;1;6;95
201400045674;14;4;30;800;1;2;1;6;95
201400045675;14;5;2;30;3;1;3;6;95
201400045676;14;5;4;1655;1;2;1;6;95
201400045677;14;4;30;1800;1;2;1;2;95
201400045678;14;5;6;1635;1;2;1;1;95
201400045679;14;5;9;1850;1;1;1;4;95
201400045680;14;5;11;1200;1;2;1;2;95
201400045681;14;5;16;1236;1;2;1;3;95
201400045682;14;5;20;1557;1;2;2;2;95
201400045683;14;5;21;545;2;2;1;6;95
201400045684;14;5;23;1732;1;2;2;6;95
201400045685;14;5;24;1820;1;2;1;6;95
201400045686;14;5;24;1310;1;2;2;7;95
201400045687;14;5;26;1454;1;2;1;6;95
201400045688;14;5;28;1406;1;2;1;2;95
201400045689;14;5;30;1345;1;2;1;6;95
201400045690;14;5;29;2130;2;2;1;6;95
201400045691;14;5;31;1525;1;2;1;7;95
201400045692;14;6;2;1720;1;2;1;6;95
201400045693;14;6;5;1810;1;2;1;4;95
201400045694;14;6;6;2140;2;2;1;6;95
201400045695;14;6;4;1020;1;2;2;3;95
201400045696;14;6;6;2250;5;2;1;3;95
201400045697;14;6;4;839;1;2;1;5;95
201400045698;14;6;9;1900;1;2;1;6;95
201400045699;14;6;12;900;1;2;1;3;95
201400045700;14;6;12;1825;1;2;1;3;95
201400045701;14;6;13;1105;1;2;1;3;95
201400045702;14;6;13;1550;1;2;1;6;95
201400045703;14;6;14;1115;1;2;1;6;95
201400045704;14;6;15;1605;1;2;1;2;95
201400045705;14;6;18;1750;1;2;1;6;95
201400045706;14;6;18;2000;1;2;1;6;95
201400045707;14;6;19;1815;1;1;1;6;95
201400045708;14;6;28;1750;1;2;2;7;95
201400045709;14;6;29;1750;1;2;1;6;95
201400045710;14;7;2;2110;1;2;1;3;95
201400045711;14;7;6;130;5;2;1;2;95
201400045712;14;7;6;1320;1;2;3;6;95
201400045713;14;7;6;1600;1;2;2;3;95
201400045714;14;7;8;945;1;1;1;6;95
201400045715;14;7;9;1410;1;2;2;3;95
201400045716;14;7;11;825;1;2;2;6;95
201400045717;14;7;12;1030;1;2;1;6;95
201400045718;14;7;18;105;5;2;1;6;95
201400045719;14;7;22;1820;1;2;1;3;95
201400045720;14;7;23;2020;1;2;2;7;95
201400045721;14;7;24;1615;1;2;1;2;95
201400045722;14;7;26;2000;1;2;1;3;95
201400045723;14;7;28;1805;1;2;1;6;95
201400045724;14;8;1;605;2;2;1;2;95
201400045725;14;8;1;700;1;2;1;5;95
201400045726;14;8;1;1300;1;2;1;2;95
201400045727;14;8;14;1800;1;2;2;6;95
201400045728;14;8;21;2015;1;2;1;3;95
201400045729;14;8;18;1505;1;2;1;3;95
201400045730;14;8;29;1900;1;2;1;6;95
201400045731;14;9;1;1840;1;2;1;6;95
201400045732;14;9;6;2000;2;2;1;3;95
201400045733;14;9;5;745;1;2;1;3;95
201400045734;14;9;6;1250;1;2;1;6;95
201400045735;14;9;8;1220;1;2;1;3;95
201400045736;14;9;12;930;1;2;1;6;95
201400045737;14;9;13;1950;1;2;1;6;95
201400045738;14;9;14;1640;1;2;1;6;95
201400045739;14;9;17;40;5;2;1;6;95
201400045740;14;9;22;2105;5;2;1;6;95
201400045741;14;9;30;1720;1;2;1;3;95
201400045742;14;10;3;950;1;2;1;1;95
201400045743;14;10;3;926;1;2;1;3;95
201400045744;14;10;10;2020;5;2;1;3;95
201400045745;14;10;15;1455;1;2;1;6;95
201400045746;14;10;18;130;5;2;1;2;95
201400045747;14;10;18;1815;1;2;1;3;95
201400045748;14;10;20;140;5;2;1;7;95
201400045749;14;10;17;820;1;2;1;4;95
201400045750;14;10;16;2100;5;2;2;1;95
201400045751;14;10;21;1820;2;2;2;2;95
201400045752;14;10;22;1155;1;2;1;3;95
201400045753;14;10;26;1655;1;2;1;6;95
201400045754;14;10;28;645;1;2;2;1;95
201400045755;14;10;31;835;1;2;1;6;95
201400045756;14;10;30;1530;1;2;1;1;95
201400045757;14;10;30;1340;1;2;1;3;95
201400045758;14;10;31;1325;1;2;1;1;95
201400045759;14;11;7;1111;1;2;2;6;95
201400045760;14;11;7;1330;1;2;2;2;95
201400045761;14;11;6;1700;1;2;1;6;95
201400045762;14;11;7;754;1;2;1;6;95
201400045763;14;11;8;1340;1;2;1;3;95
201400045764;14;11;6;1410;1;2;1;2;95
201400045765;14;11;13;845;4;2;1;2;95
201400045766;14;11;14;1405;1;2;2;6;95
201400045767;14;11;16;921;1;2;2;3;95
201400045768;14;11;19;1750;5;1;2;3;95
201400045769;14;11;21;1640;1;2;1;6;95
201400045770;14;11;19;1535;1;2;1;6;95
201400045771;14;11;23;1035;1;2;1;3;95
201400045772;14;11;24;1125;1;2;2;7;95
201400045773;14;11;24;1220;1;2;1;6;95
201400045774;14;11;24;820;1;1;2;2;95
201400045775;14;11;25;750;2;2;2;6;95
201400045776;14;11;26;1534;1;2;1;6;95
201400045777;14;11;27;1345;1;2;1;6;95
201400045778;14;12;1;1930;5;2;2;3;95
201400045779;14;12;4;755;2;2;1;3;95
201400045780;14;12;13;1215;1;2;1;6;95
201400045781;14;12;16;1730;3;2;1;6;95
201400045782;14;12;17;1739;5;2;1;6;95
201400045783;14;12;18;845;1;2;8;3;95
201400045784;14;12;21;1700;5;2;1;2;95
201400045785;14;12;21;1910;5;2;1;5;95
201400045786;14;12;18;950;1;1;1;4;95
201400045787;14;12;24;1430;1;2;1;3;95
201400045788;14;12;26;2010;5;2;2;2;95
201400045789;14;12;27;610;5;2;2;3;95
201400045790;14;12;31;2000;5;2;1;2;95
201400045791;14;3;2;700;2;2;1;2;95
201400045792;14;2;7;2015;5;2;1;3;95
201400045793;14;3;26;1504;1;2;1;6;95
201400045794;14;3;28;1150;1;2;1;6;95
201400045795;14;4;7;1930;1;2;1;3;95
201400045796;14;4;10;1540;1;2;1;3;95
201400045797;14;3;20;1640;1;2;1;6;95
201400045798;14;5;19;2010;1;2;1;3;95
201400045799;14;6;2;1820;1;2;1;2;95
201400045800;14;5;30;1720;1;2;1;3;95
201400045801;14;7;20;1630;1;2;1;3;95
201400045802;14;8;6;1215;1;2;2;1;95
201400045803;14;8;18;2140;5;2;1;3;95
201400045804;14;7;15;2050;1;2;1;3;95
201400045805;14;9;30;1540;1;2;1;3;95
201400045806;14;9;10;1325;1;2;1;1;95
201400045807;14;7;19;840;1;2;1;1;95
201400045808;14;10;21;625;2;2;1;3;95
201400045809;14;11;8;605;5;2;8;6;95
201400045810;14;11;21;55;5;2;1;2;95
201400045811;14;11;6;800;1;2;1;3;95
201400045812;14;1;1;40;5;2;2;3;95
201400045813;14;1;1;607;5;2;1;6;95
201400045814;14;1;13;1656;1;2;1;6;95
201400045815;14;1;19;2200;5;2;8;6;95
201400045816;14;1;21;2100;5;1;1;3;95
201400045817;14;1;15;1850;5;2;2;6;95
201400045819;14;1;27;1034;1;2;2;6;95
201400045820;14;1;28;810;1;2;1;6;95
201400045821;14;2;2;135;3;1;1;4;95
201400045822;14;2;16;2315;5;2;1;6;95
201400045823;14;2;15;2240;3;1;8;6;95
201400045824;14;2;18;748;2;2;1;6;95
201400045825;14;3;3;2000;3;1;1;6;95
201400045826;14;3;2;1240;1;2;1;3;95
201400045827;14;3;16;840;1;2;1;6;95
201400045828;14;3;10;2055;5;2;1;6;95
201400045829;14;3;16;1343;1;2;1;1;95
201400045830;14;3;18;1650;1;2;1;3;95
201400045831;14;3;26;2145;5;1;1;6;95
201400045832;14;4;7;15;5;2;1;6;95
201400045833;14;4;8;1850;1;2;1;3;95
201400045834;14;4;5;1815;1;2;1;1;95
201400045835;14;4;17;1355;1;2;1;2;95
201400045836;14;4;11;1845;1;2;1;1;95
201400045837;14;4;24;955;1;2;1;3;95
201400045838;14;5;4;250;5;2;1;6;95
201400045839;14;5;13;2030;1;2;1;2;95
201400045840;14;5;14;1850;1;2;1;2;95
201400045841;14;5;29;1455;1;2;8;3;95
201400045842;14;5;31;1900;1;2;1;6;95
201400045844;14;5;27;945;1;2;1;6;95
201400045845;14;6;5;1250;1;2;1;6;95
201400045846;14;6;6;1943;1;2;1;5;95
201400045847;14;6;7;1545;1;1;1;3;95
201400045848;14;7;3;1520;1;1;1;3;95
201400045849;14;7;28;1820;1;1;1;3;95
201400045850;14;7;30;1521;1;1;1;3;95
201400045851;14;8;6;1045;1;2;3;3;95
201400045853;14;8;16;230;5;2;1;6;95
201400045854;14;8;22;1215;1;1;1;4;95
201400045855;14;8;31;1900;1;2;1;6;95
201400045856;14;9;16;625;5;2;1;1;95
201400045857;14;9;19;1200;1;2;1;2;95
201400045858;14;9;22;2320;5;2;1;2;95
201400045859;14;9;26;1200;1;1;1;3;95
201400045860;14;10;1;1200;1;2;1;6;95
201400045861;14;9;27;1510;1;2;1;6;95
201400045862;14;10;13;1240;1;2;1;6;95
201400045863;14;10;16;930;1;2;1;1;95
201400045864;14;11;5;636;3;1;8;6;95
201400045865;14;11;19;1910;5;2;1;6;95
201400045866;14;11;29;2146;5;2;1;6;95