Num_Acc;an;mois;jour;hrmn;lum;agg;atm;col;dep
201400045867;14;12;4;1415;1;2;1;3;95
201400045868;14;12;5;2145;4;1;1;6;95
201400045869;14;12;9;1815;5;2;1;6;95
201400045870;14;12;18;1727;5;2;1;6;95
201400045871;14;4;4;2240;5;2;1;3;95
201400045872;14;5;11;930;1;2;8;2;95
201400045873;14;11;30;1520;1;2;1;1;95
201400045874;14;11;28;815;1;2;1;3;95
201400045875;14;1;3;1335;1;2;1;4;95
201400045876;14;1;14;835;1;2;2;2;95
201400045877;14;12;9;750;3;2;1;6;95
201400045878;14;12;14;1135;1;2;1;6;95
201400045879;14;1;2;950;1;2;1;3;95
201400045880;14;1;6;1450;1;2;1;6;95
201400045881;14;2;19;1120;1;2;2;1;95
201400045882;14;3;3;1950;5;2;1;6;95
201400045883;14;3;11;1830;1;2;1;6;95
201400045884;14;3;19;1430;1;2;1;3;95
201400045885;14;3;20;1515;1;2;1;3;95
201400045886;14;3;24;1520;1;2;1;6;95
201400045887;14;4;2;1000;1;2;1;3;95
201400045888;14;4;25;1915;2;2;1;1;95
201400045889;14;5;13;950;1;2;1;2;95
201400045890;14;5;19;1200;1;2;1;2;95
201400045891;14;5;9;1150;1;2;1;6;95
201400045892;14;5;26;820;1;2;1;3;95
201400045893;14;5;21;1420;1;2;1;6;95
201400045894;14;5;26;1655;1;2;1;6;95
201400045895;14;6;12;755;1;2;1;6;95
201400045896;14;7;1;810;1;2;2;2;95
201400045897;14;6;6;845;1;2;1;6;95
201400045898;14;7;9;1710;1;2;2;4;95
201400045899;14;7;25;1600;1;2;1;2;95
201400045900;14;8;13;1620;1;2;2;6;95
201400045901;14;7;11;1550;1;2;2;3;95
201400045902;14;7;29;1130;1;2;1;6;95
201400045903;14;9;9;910;1;2;1;6;95
201400045904;14;8;7;1750;1;2;1;6;95
201400045905;14;9;26;820;1;2;1;3;95
201400045906;14;9;24;1520;1;2;1;2;95
201400045907;14;9;29;1710;1;2;1;3;95
201400045908;14;10;4;1509;1;2;1;6;95
201400045909;14;10;9;1700;1;2;1;6;95
201400045910;14;10;28;1835;2;2;1;3;95
201400045911;14;10;24;1930;5;2;9;3;95
201400045912;14;11;18;1120;1;2;1;2;95
201400045913;14;10;4;1250;1;2;1;3;95
201400045914;14;10;10;1558;1;2;1;6;95
201400045915;14;11;5;730;1;2;1;2;95
201400045916;14;12;1;1600;1;2;1;6;95
201400045917;14;12;5;2035;5;2;1;2;95
201400045918;14;11;30;1900;5;2;2;6;95
201400045919;14;12;1;850;1;2;1;3;95
201400045920;14;11;13;1745;3;1;1;2;95
201400045921;14;11;13;1430;1;2;1;1;95
201400045922;14;2;19;2220;5;2;1;3;95
201400045923;14;3;5;1330;1;2;1;6;95
201400045924;14;1;15;815;2;2;2;6;95
201400045925;14;3;18;140;5;2;1;7;95
201400045926;14;4;29;1950;1;2;2;2;95
201400045927;14;5;18;1100;1;2;1;6;95
201400045928;14;5;30;1345;1;2;1;6;95
201400045929;14;4;5;1350;1;2;1;3;95
201400045930;14;7;18;1400;1;2;9;1;95
201400045931;14;5;30;1800;1;2;1;3;95
201400045932;14;7;27;1230;1;2;1;3;95
201400045933;14;7;24;1605;1;2;1;3;95
201400045934;14;7;27;1620;1;2;1;6;95
201400045935;14;7;24;1947;1;2;1;1;95
201400045936;14;9;7;1957;1;2;1;6;95
201400045937;14;9;26;1930;3;2;1;2;95
201400045938;14;7;28;2052;1;2;1;6;95
201400045939;14;11;24;930;1;2;2;2;95
201400045940;14;10;1;1317;1;2;1;2;95
201400045941;14;10;8;755;1;2;2;6;95
201400045942;14;11;24;1325;1;2;1;6;95
201400045943;14;12;5;1920;5;2;2;6;95
201400045944;14;12;28;1805;5;2;1;6;95
201400045945;14;4;8;2210;5;2;1;3;95
201400045946;14;12;10;100;5;2;1;3;95
201400045947;14;1;5;915;1;2;1;3;95
201400045948;14;1;8;730;5;2;1;6;95
201400045949;14;1;8;1540;1;2;1;2;95
201400045950;14;1;16;1120;1;2;2;3;95
201400045951;14;1;22;2005;5;2;2;6;95
201400045952;14;1;25;1800;5;2;1;3;95
201400045953;14;1;30;1415;1;2;1;6;95
201400045954;14;2;3;835;1;2;1;6;95
201400045955;14;2;3;1225;1;2;1;6;95
201400045956;14;2;5;2000;5;2;1;6;95
201400045957;14;2;11;1700;1;2;2;6;95
201400045958;14;2;15;900;1;2;1;3;95
201400045959;14;2;16;325;5;2;1;6;95
201400045960;14;3;1;125;3;1;2;3;95
201400045961;14;3;9;1010;1;2;1;3;95
201400045962;14;3;14;1655;1;2;1;3;95
201400045963;14;3;25;905;1;2;2;3;95
201400045964;14;3;26;1550;1;2;1;6;95
201400045965;14;3;27;1100;1;2;1;6;95
201400045966;14;3;28;1530;1;2;1;6;95
201400045967;14;4;1;945;1;2;1;6;95
201400045968;14;4;1;1645;1;2;1;4;95
201400045969;14;4;1;1745;1;2;1;6;95
201400045970;14;4;7;1725;1;2;1;3;95
201400045971;14;4;12;1450;1;2;1;1;95
201400045972;14;4;12;1945;1;2;1;6;95
201400045973;14;4;15;1940;1;2;1;3;95
201400045974;14;4;26;1300;1;2;2;6;95
201400045975;14;4;27;935;1;2;2;3;95
201400045976;14;5;1;1325;1;2;2;6;95
201400045977;14;5;2;1200;1;2;1;2;95
201400045978;14;5;8;1225;1;2;1;4;95
201400045979;14;5;9;815;1;2;1;7;95
201400045980;14;5;11;1035;1;2;1;6;95
201400045981;14;5;11;1350;1;2;1;6;95
201400045982;14;5;13;1950;1;2;1;2;95
201400045983;14;5;18;120;5;2;1;6;95
201400045984;14;5;24;1850;1;2;1;2;95
201400045985;14;5;29;1815;1;2;1;3;95
201400045986;14;6;7;600;1;2;1;6;95
201400045987;14;6;7;1510;1;2;1;3;95
201400045988;14;6;7;1745;1;2;1;6;95
201400045989;14;6;11;1920;1;2;1;6;95
201400045990;14;6;14;1655;1;2;1;6;95
201400045991;14;6;16;1730;1;2;1;3;95
201400045992;14;6;20;1645;1;2;1;6;95
201400045993;14;6;25;1905;1;2;1;3;95
201400045994;14;7;1;1910;1;2;1;6;95
201400045995;14;7;4;1632;1;2;1;2;95
201400045996;14;7;6;1920;1;2;1;6;95
201400045997;14;7;11;1105;1;2;2;3;95
201400045998;14;7;14;2230;5;2;1;3;95
201400045999;14;7;28;1720;1;1;1;1;95
201400046000;14;7;29;1225;1;2;1;1;95
201400046001;14;7;30;1135;1;1;1;3;95
201400046002;14;7;30;1950;1;2;1;6;95
201400046003;14;8;2;1530;1;2;1;1;95
201400046004;14;8;4;850;1;2;1;6;95
201400046005;14;8;5;1810;1;2;1;3;95
201400046006;14;8;8;1513;1;2;2;3;95
201400046007;14;8;18;2035;1;2;1;6;95
201400046008;14;8;19;945;1;2;1;1;95
201400046009;14;8;21;1415;1;2;1;6;95
201400046010;14;8;31;1410;1;2;1;3;95
201400046011;14;9;1;730;1;2;1;6;95
201400046012;14;9;2;1430;1;2;1;6;95
201400046013;14;9;4;1425;1;2;1;3;95
201400046014;14;9;7;1540;1;2;1;6;95
201400046015;14;9;6;1950;1;2;1;1;95
201400046016;14;9;11;845;1;2;1;3;95
201400046017;14;9;11;1910;1;2;1;6;95
201400046018;14;9;12;1730;1;2;1;2;95
201400046019;14;9;18;950;1;2;1;1;95
201400046020;14;9;15;2000;4;2;1;6;95
201400046021;14;9;26;2320;5;2;1;7;95
201400046022;14;10;2;1525;1;2;1;3;95
201400046023;14;10;4;1330;1;2;1;3;95
201400046024;14;10;6;1650;1;2;2;6;95
201400046025;14;10;10;930;1;2;1;6;95
201400046026;14;10;13;2055;5;2;1;1;95
201400046027;14;10;25;2330;5;2;1;2;95
201400046028;14;10;30;1807;5;2;1;1;95
201400046029;14;11;3;1015;1;2;1;6;95
201400046030;14;11;3;1800;5;2;3;6;95
201400046031;14;11;6;700;2;2;1;3;95
201400046032;14;11;6;810;1;2;1;3;95
201400046033;14;11;6;1400;1;2;1;6;95
201400046034;14;11;6;1910;5;2;1;6;95
201400046035;14;11;9;205;5;2;1;6;95
201400046036;14;11;10;1420;1;2;1;7;95
201400046037;14;11;14;1305;1;2;2;5;95
201400046038;14;11;17;1840;5;2;2;6;95
201400046039;14;11;18;1815;5;2;1;3;95
201400046040;14;11;21;810;1;2;2;1;95
201400046041;14;11;28;800;1;2;1;3;95
201400046042;14;11;29;1240;1;2;1;3;95
201400046043;14;12;5;800;5;2;1;6;95
201400046044;14;12;8;1945;5;2;2;6;95
201400046045;14;12;10;1600;1;2;2;3;95
201400046046;14;12;16;1725;5;2;1;3;95
201400046047;14;12;17;820;1;2;2;6;95
201400046048;14;12;17;1150;1;2;2;2;95
201400046049;14;12;17;1850;5;2;2;6;95
201400046050;14;12;31;1745;2;2;1;6;95
201400046051;14;3;6;938;1;2;1;3;95
201400046052;14;6;14;2220;5;2;1;3;95
201400046053;14;7;19;1845;1;2;2;2;95
201400046054;14;7;14;1120;1;2;1;3;95
201400046055;14;11;25;1620;1;2;1;6;95
201400046056;14;4;2;1735;1;2;1;3;95
201400046057;14;4;5;1600;1;2;1;6;95
201400046058;14;7;21;1605;1;2;1;2;95
201400046059;14;7;25;1505;1;2;7;3;95
201400046060;14;11;29;1800;5;2;1;1;95
201400046061;14;12;3;1420;1;2;1;2;95
201400046062;14;1;3;1200;1;2;1;2;95
201400046063;14;6;10;1108;1;2;2;6;95
201400046064;14;1;7;1040;1;2;1;6;95
201400046065;14;9;13;1015;1;2;1;6;95
201400046066;14;1;8;2153;5;2;2;6;95
201400046067;14;1;9;1330;1;2;2;3;95
201400046068;14;10;16;1950;5;2;8;3;95
201400046069;14;4;27;1500;1;2;1;3;95
201400046070;14;5;4;1658;1;2;1;3;95
201400046071;14;6;5;1035;1;2;1;3;95
201400046072;14;6;12;1750;1;2;1;1;95
201400046073;14;3;5;1650;1;2;1;6;95
201400046074;14;3;15;1525;1;2;1;6;95
201400046075;14;7;22;1200;1;1;1;2;95
201400046076;14;7;28;723;1;1;8;3;95
201400046077;14;8;7;1839;1;2;1;3;95
201400046078;14;9;29;1400;1;1;1;1;95
201400046079;14;10;10;1100;1;2;1;3;95
201400046080;14;1;29;845;1;2;8;3;95
201400046081;14;1;29;1030;1;2;1;6;95
201400046082;14;5;9;2130;5;2;1;6;95
201400046083;14;2;5;1420;1;2;1;2;95
201400046084;14;2;6;1615;1;2;8;2;95
201400046085;14;2;8;730;5;2;2;5;95
201400046086;14;2;8;2036;5;2;1;6;95
201400046087;14;2;10;538;3;2;1;3;95
201400046088;14;2;15;2015;5;2;2;1;95
201400046089;14;2;20;1630;1;2;3;7;95
201400046090;14;2;27;935;1;1;3;3;95
201400046091;14;3;1;1940;5;2;1;4;95
201400046092;14;3;7;1330;1;2;1;6;95
201400046093;14;9;25;1720;1;2;1;6;95
201400046094;14;4;5;1515;1;2;1;3;95
201400046095;14;4;13;1050;1;2;1;3;95
201400046096;14;4;15;645;2;2;1;3;95
201400046097;14;12;5;1345;1;2;1;6;95
201400046098;14;12;7;1830;5;2;2;6;95
201400046099;14;4;19;2037;5;1;1;3;95
201400046100;14;12;16;1650;2;2;1;6;95
201400046101;14;4;21;1245;1;2;1;6;95
201400046102;14;5;16;1100;1;2;1;3;95
201400046103;14;5;19;1110;1;2;1;3;95
201400046104;14;5;22;830;1;2;1;6;95
201400046105;14;5;22;1910;1;2;1;3;95
201400046106;14;5;23;1925;1;2;1;6;95
201400046107;14;5;26;1700;1;2;1;6;95
201400046108;14;6;16;1835;1;2;1;3;95
201400046109;14;6;18;1610;1;2;1;3;95
201400046110;14;6;26;845;1;2;1;6;95
201400046111;14;6;26;1840;1;1;1;3;95
201400046112;14;7;12;1550;1;2;1;3;95
201400046113;14;7;13;2053;1;2;1;6;95
201400046114;14;7;23;2025;1;2;2;2;95
201400046115;14;7;25;1535;1;2;1;6;95
201400046116;14;8;25;205;5;2;1;2;95
201400046117;14;8;26;1930;2;2;1;6;95
201400046118;14;9;6;235;5;2;1;7;95
201400046119;14;10;18;706;5;2;1;6;95
201400046120;14;11;5;1428;1;2;1;6;95
201400046121;14;11;11;625;2;2;1;3;95
201400046122;14;11;21;1350;1;2;1;2;95
201400046123;14;11;25;1556;1;2;1;3;95
201400046124;14;11;29;1137;1;2;1;6;95
201400046125;14;12;4;1950;5;2;1;1;95
201400046126;14;12;4;2046;5;1;2;6;95
201400046127;14;12;12;1450;1;2;2;1;95
201400046128;14;1;8;1415;1;2;1;6;95
201400046129;14;1;17;2015;5;2;1;6;95
201400046130;14;1;23;1140;1;2;1;6;95
201400046131;14;1;27;1545;1;2;1;2;95
201400046132;14;2;22;2345;3;2;1;6;95
201400046133;14;3;12;1540;1;2;1;6;95
201400046134;14;4;23;1115;1;2;1;2;95
201400046135;14;4;23;1815;1;1;1;3;95
201400046136;14;4;25;925;1;2;1;3;95
201400046137;14;4;25;2130;2;2;2;2;95
201400046138;14;4;29;1630;1;2;1;6;95
201400046139;14;5;3;1145;1;2;1;6;95
201400046140;14;5;6;1810;1;2;1;6;95
201400046141;14;5;22;1715;1;2;1;6;95
201400046142;14;6;7;1445;1;2;1;6;95
201400046143;14;7;27;1550;1;2;1;3;95
201400046144;14;8;14;1445;1;2;1;3;95
201400046145;14;8;16;2005;1;2;1;3;95
201400046146;14;9;10;1705;1;2;1;6;95
201400046147;14;9;29;2010;3;2;3;1;95
201400046148;14;10;19;1031;1;2;1;1;95
201400046149;14;10;31;1820;5;2;1;6;95
201400046150;14;11;29;1615;1;2;1;6;95
201400046151;14;12;12;645;2;2;1;1;95
201400046152;14;12;24;1629;2;1;1;1;95
201400046153;14;12;29;1455;1;1;1;5;95
201400046154;14;7;14;1915;1;1;1;1;95
201400046156;14;8;16;2350;5;1;1;6;95
201400046158;14;1;13;1335;1;1;1;6;95
201400046159;14;12;1;655;5;1;2;6;95
201400046160;14;1;14;630;5;1;2;2;95
201400046164;14;8;4;1915;5;1;1;6;77
201400046165;14;12;5;1600;1;1;1;7;95
201400046166;14;5;11;1059;1;1;1;4;95
201400046168;14;8;25;1817;1;1;3;2;95
201400046180;14;2;19;1300;1;1;1;6;95
201400046181;14;7;3;1530;1;2;1;2;95
201400046184;14;11;10;1146;1;2;1;3;95
201400046185;14;2;12;1740;2;2;2;3;95
201400046186;14;3;12;730;2;2;1;4;95
201400046189;14;4;7;1840;1;1;1;3;95
201400046190;14;6;28;1412;1;2;3;2;95
201400046191;14;6;30;1010;1;1;1;6;93
201400046197;14;4;13;2327;5;1;1;2;95
201400046200;14;2;17;735;2;1;1;2;95
201400046201;14;7;24;55;5;1;1;6;95
201400046203;14;10;1;1840;1;1;1;3;95
201400046204;14;10;30;1400;1;2;1;3;95
201400046206;14;11;26;1720;5;1;1;3;95
201400046210;14;6;9;300;5;1;1;6;95
201400046211;14;1;16;550;5;2;2;6;95
201400046213;14;12;2;1600;1;2;1;2;95
201400046214;14;2;1;1805;2;1;8;3;95
201400046215;14;2;28;1910;4;2;1;1;95
201400046216;14;3;16;1550;1;2;7;2;95
201400046217;14;3;24;1405;1;2;1;1;95
201400046218;14;4;9;2015;1;2;1;3;95
201400046219;14;4;11;2300;3;1;1;6;95
201400046220;14;4;17;1350;1;2;1;3;95
201400046221;14;5;7;830;1;2;8;3;95
201400046222;14;6;3;809;1;2;1;6;95
201400046223;14;6;4;1623;1;2;3;6;95
201400046224;14;6;6;1710;1;1;1;3;95
201400046225;14;6;20;1210;1;2;1;6;95
201400046226;14;7;11;1200;1;2;2;3;95
201400046227;14;7;16;1545;1;2;1;6;95
201400046228;14;7;16;2130;1;2;1;3;95
201400046229;14;9;26;1630;1;2;7;3;95
201400046230;14;10;4;2050;3;2;2;5;95
201400046231;14;10;7;720;2;2;3;3;95
201400046232;14;10;17;1400;1;2;1;6;95
201400046233;14;10;23;150;5;2;1;3;95
201400046234;14;10;31;1755;5;2;1;6;95
201400046235;14;11;4;1140;1;2;1;3;95
201400046236;14;11;5;1630;1;2;1;3;95
201400046237;14;11;3;1825;5;2;3;6;95
201400046238;14;11;6;1300;1;2;1;6;95
201400046239;14;12;6;1400;1;2;1;6;95
201400046240;14;12;6;1750;2;2;1;6;95
201400046241;14;12;14;1735;3;1;2;6;95
201400046242;14;7;23;2100;1;2;2;6;95
201400046243;14;1;14;1610;1;2;1;6;95
201400046244;14;1;14;1540;1;2;1;4;95
201400046245;14;1;24;1700;1;2;1;3;95
201400046246;14;1;27;1600;1;2;8;3;95
201400046247;14;3;6;1625;1;2;1;3;95
201400046248;14;3;27;1130;1;2;1;3;95
201400046249;14;4;25;1020;1;2;1;5;95
201400046250;14;5;29;1845;1;1;1;3;95
201400046251;14;6;1;1135;1;2;1;1;95
201400046252;14;6;8;1730;1;2;1;3;95
201400046253;14;6;18;855;1;1;1;3;95
201400046254;14;6;24;920;1;2;1;3;95
201400046255;14;6;28;2140;5;2;2;3;95
201400046256;14;7;9;1320;1;2;2;3;95
201400046257;14;9;13;1255;1;2;1;2;95
201400046258;14;10;1;100;5;1;1;3;95
201400046259;14;10;17;1110;1;2;1;1;95
201400046260;14;10;23;620;5;2;2;7;95
201400046261;14;10;23;1655;1;2;1;6;95
201400046262;14;10;31;1235;1;2;1;5;95
201400046263;14;11;17;1915;5;2;2;6;95
201400046264;14;12;7;1750;3;2;2;6;95
201400046265;14;12;12;825;4;2;2;3;95
201400046266;14;3;10;2150;5;2;1;3;95
201400046267;14;3;13;1720;1;2;1;3;95
201400046268;14;4;2;1805;1;2;1;3;95
201400046269;14;6;10;1720;1;2;1;4;95
201400046270;14;6;1;730;1;2;1;6;95
201400046271;14;6;5;1720;1;2;1;3;95
201400046272;14;7;10;1035;1;2;2;3;95
201400046273;14;12;17;1520;1;2;1;6;95
201400046274;14;1;9;1220;1;2;1;6;2A
201400046275;14;1;22;700;2;2;1;6;2A
201400046276;14;1;24;730;2;2;2;7;2A
201400046277;14;1;25;1535;1;2;1;4;2A
201400046278;14;1;25;2018;5;2;1;6;2A
201400046279;14;1;31;2030;5;2;1;2;2A
201400046280;14;2;7;1310;1;2;1;6;2A
201400046281;14;2;14;2222;3;1;1;6;2A
201400046282;14;2;14;2330;5;2;1;6;2A
201400046283;14;2;15;1840;5;2;1;3;2A
201400046284;14;2;19;745;1;2;1;6;2A
201400046285;14;3;11;900;1;2;1;3;2A
201400046286;14;3;15;735;1;2;1;6;2A
201400046287;14;3;21;2300;5;2;1;6;2A
201400046288;14;3;28;1210;1;2;1;6;2A
201400046289;14;3;28;1535;1;2;1;1;2A
201400046290;14;4;13;200;5;1;1;7;2A
201400046291;14;4;14;45;5;2;1;3;2A
201400046292;14;4;11;1225;1;2;1;6;2A
201400046293;14;4;17;1450;1;2;1;1;2A
201400046294;14;4;30;2115;5;2;1;3;2A
201400046295;14;5;1;1300;1;2;1;3;2A
201400046296;14;5;6;1600;1;2;1;3;2A
201400046297;14;5;8;825;1;1;1;2;2A
201400046298;14;5;11;645;1;2;1;3;2A
201400046299;14;5;27;1354;1;2;1;6;2A
201400046300;14;6;4;30;5;2;1;6;2A
201400046301;14;6;14;2050;1;2;1;6;2A
201400046302;14;6;20;455;2;2;1;6;2A
201400046303;14;6;20;1430;1;2;1;5;2A
201400046304;14;6;18;1200;1;2;1;7;2A
201400046305;14;6;19;1820;1;2;2;6;2A
201400046306;14;6;29;2150;5;2;1;3;2A
201400046307;14;7;15;1817;1;2;1;3;2A
201400046308;14;7;26;140;5;2;1;6;2A
201400046309;14;7;26;2345;5;2;1;6;2A
201400046310;14;8;3;300;5;1;1;1;2A
201400046311;14;8;3;1150;1;2;1;6;2A
201400046312;14;8;3;2305;5;2;1;6;2A
201400046313;14;8;6;2145;5;2;1;3;2A
201400046314;14;8;11;27;5;2;1;6;2A
201400046315;14;8;19;2350;3;1;1;6;2A
201400046316;14;8;18;1944;1;2;1;5;2A
201400046317;14;8;30;1210;1;2;1;6;2A
201400046318;14;8;30;1;5;2;1;3;2A
201400046319;14;9;3;2000;2;1;1;1;2A
201400046320;14;9;5;1510;1;2;1;3;2A
201400046321;14;9;9;1820;1;2;1;6;2A
201400046322;14;9;11;730;1;2;2;3;2A
201400046323;14;9;14;30;5;2;1;6;2A
201400046324;14;9;14;300;5;2;1;6;2A
201400046325;14;9;16;2040;5;2;1;1;2A
201400046326;14;9;18;2105;5;2;1;7;2A
201400046327;14;9;21;140;5;2;1;6;2A
201400046328;14;9;21;720;1;2;1;3;2A
201400046329;14;9;22;1722;1;2;1;1;2A
201400046330;14;9;28;2300;5;2;1;3;2A
201400046331;14;9;29;930;1;2;1;6;2A
201400046332;14;10;3;2310;5;2;1;6;2A
201400046333;14;10;10;820;1;2;1;1;2A
201400046334;14;10;15;2215;5;2;1;6;2A
201400046335;14;10;23;2235;5;2;1;2;2A
201400046336;14;10;30;215;5;2;1;6;2A
201400046337;14;11;7;2130;3;1;1;2;2A
201400046338;14;11;22;839;1;2;1;3;2A
201400046339;14;11;24;1910;5;2;1;6;2A
201400046340;14;12;5;1410;1;2;8;6;2A
201400046341;14;12;7;1450;1;1;1;7;2A
201400046342;14;12;13;2310;5;2;1;6;2A
201400046343;14;12;17;1305;1;2;1;6;2A
201400046371;14;1;2;1800;5;1;1;5;94
201400046372;14;1;3;1800;5;1;1;2;94
201400046373;14;1;4;1930;3;1;1;4;94
201400046375;14;1;6;857;1;1;1;5;94
201400046377;14;1;7;1915;3;1;2;5;77
201400046378;14;1;11;1040;1;1;2;6;94
201400046381;14;1;12;1900;3;1;1;2;94
201400046384;14;1;13;1030;1;1;1;4;94
201400046386;14;1;15;920;1;1;2;6;94
201400046387;14;1;15;1115;1;1;2;6;94
201400046388;14;1;15;1125;1;1;2;2;94
201400046390;14;1;15;1505;1;1;2;6;94
201400046391;14;1;15;1625;1;1;2;3;94
201400046394;14;1;16;950;1;1;2;3;94
201400046396;14;1;18;1930;4;1;1;5;94
201400046398;14;1;20;10;5;1;1;3;94
201400046407;14;1;23;2205;5;1;2;6;94
201400046408;14;1;25;1010;1;1;2;3;94
201400046409;14;1;25;1255;1;1;1;4;94
201400046410;14;1;28;736;3;1;1;2;94
201400046411;14;1;28;1420;1;1;1;2;94
201400046412;14;1;29;2010;5;1;1;4;94
201400046416;14;2;1;1330;1;1;1;5;93
201400046417;14;2;2;505;4;1;1;2;94
201400046420;14;2;5;830;1;1;1;3;94
201400046421;14;2;5;2300;3;1;1;5;94
201400046422;14;2;7;900;1;1;1;4;94
201400046423;14;2;7;1802;1;1;1;2;94
201400046424;14;2;8;915;2;1;2;3;94
201400046425;14;2;10;810;1;1;1;2;94
201400046426;14;2;10;1515;1;1;1;6;94
201400046428;14;2;11;910;1;1;1;3;94
201400046429;14;2;12;900;1;1;1;2;93
201400046431;14;2;13;840;2;1;3;3;94
201400046432;14;2;15;1715;1;1;1;3;94
201400046433;14;2;16;2020;3;1;2;2;94
201400046437;14;2;19;1735;1;1;1;7;94
201400046440;14;2;22;1130;1;1;2;6;94
201400046444;14;2;26;1930;3;1;1;7;94
201400046446;14;3;1;1440;1;1;1;7;77
201400046452;14;3;3;840;1;1;8;3;94
201400046453;14;3;4;845;1;1;1;3;94
201400046454;14;3;4;1115;1;1;1;2;94
201400046456;14;3;5;1915;3;1;1;2;94
201400046457;14;3;6;855;1;1;1;3;94
201400046458;14;3;8;1101;1;1;1;5;94
201400046459;14;3;8;1445;1;1;1;4;94
201400046461;14;3;9;550;3;1;1;4;77
201400046463;14;3;10;1145;1;1;1;4;94
201400046466;14;3;12;1740;1;1;1;4;94
201400046467;14;3;13;920;1;1;1;4;94
201400046468;14;3;14;1600;1;1;1;5;94
201400046469;14;3;14;1635;1;1;1;2;94
201400046472;14;3;20;1640;1;1;1;6;93
201400046473;14;3;21;700;5;1;1;6;94
201400046475;14;3;24;830;1;1;1;2;94
201400046476;14;3;24;845;1;1;1;2;94
201400046478;14;3;25;1940;5;1;1;4;94
201400046479;14;3;26;620;1;1;1;4;94
201400046480;14;3;28;430;5;1;1;2;94
201400046481;14;3;28;915;1;1;1;2;94
201400046482;14;3;28;1815;1;1;1;3;94
201400046483;14;3;28;1950;4;1;1;3;94
201400046484;14;3;29;1500;1;1;1;2;94
201400046485;14;3;30;1240;1;1;1;2;94
201400046486;14;3;31;655;1;1;1;2;94
201400046488;14;4;1;200;5;1;1;2;94
201400046489;14;4;5;1830;1;1;1;2;94
201400046490;14;4;7;1125;1;1;1;6;94
201400046493;14;4;9;850;1;1;1;4;94
201400046494;14;4;9;930;1;1;1;3;94
201400046498;14;4;10;810;1;1;1;2;94
201400046499;14;4;11;1540;1;1;1;3;94
201400046501;14;4;12;1600;1;1;1;6;94
201400046502;14;4;12;1940;1;1;1;2;94
201400046503;14;4;13;1930;1;1;1;6;94
201400046504;14;4;14;745;1;1;1;3;94
201400046505;14;4;14;850;1;1;1;4;94
201400046506;14;4;14;1550;1;1;1;3;94
201400046507;14;4;14;1940;1;1;1;4;94
201400046508;14;4;15;1215;1;1;1;5;94
201400046510;14;4;18;1230;1;1;1;5;94
201400046511;14;4;18;1745;1;1;1;2;94
201400046512;14;4;19;340;3;1;1;2;94
201400046513;14;4;20;2035;1;1;1;7;94
201400046514;14;4;20;2010;1;1;1;4;94
201400046516;14;4;22;1900;1;1;1;2;94
201400046521;14;4;28;1235;1;1;2;5;94
201400046522;14;4;28;1545;1;1;1;7;94
201400046523;14;4;29;600;3;1;1;6;94
201400046524;14;4;29;1325;1;1;1;4;94
201400046525;14;4;29;2020;2;1;2;5;94
201400046526;14;4;30;535;3;1;1;7;94
201400046534;14;5;7;815;1;1;2;2;94
201400046535;14;5;7;1515;1;1;8;5;94
201400046536;14;5;7;1915;1;1;1;2;94
201400046539;14;5;9;1830;1;1;1;5;94
201400046540;14;5;10;1700;1;1;1;2;94
201400046543;14;5;14;800;1;1;1;7;94
201400046544;14;5;14;1435;1;1;1;6;94
201400046546;14;5;15;1640;1;1;1;3;93
201400046547;14;5;15;1845;1;1;1;2;94
201400046551;14;5;16;900;1;1;1;5;94
201400046552;14;5;16;1830;1;1;1;5;94
201400046553;14;5;17;1350;1;1;1;2;94
201400046554;14;5;17;1445;1;1;1;2;94
201400046557;14;5;18;2030;1;1;1;5;94
201400046558;14;5;19;835;1;1;1;3;94
201400046559;14;5;19;900;1;1;1;5;94
201400046560;14;5;20;1646;1;1;3;2;94
201400046561;14;5;21;750;2;1;2;2;94
201400046564;14;5;21;2250;5;1;3;6;94
201400046567;14;5;22;1330;1;1;1;2;94
201400046568;14;5;24;135;3;1;8;3;94
201400046569;14;5;24;2030;1;1;1;6;94
201400046570;14;5;25;10;5;1;1;2;94
201400046571;14;5;25;1010;1;1;1;6;94
201400046572;14;5;26;600;2;1;2;3;94
201400046573;14;5;27;915;1;1;1;2;94
201400046576;14;5;29;1541;1;1;1;4;94
201400046577;14;5;31;1815;1;1;1;4;94
201400046578;14;6;3;1000;1;1;1;2;94
201400046580;14;6;4;830;1;1;3;6;94
201400046582;14;6;5;720;1;1;1;3;94
201400046584;14;6;5;1825;1;1;1;2;94
201400046585;14;6;5;2050;2;1;1;6;94
201400046590;14;6;8;1602;1;1;1;2;94
201400046592;14;6;27;135;5;1;2;6;94
201400046593;14;6;11;815;1;1;1;5;94
201400046594;14;6;12;800;1;1;1;5;94
201400046595;14;6;12;1410;1;1;1;2;94
201400046596;14;6;12;1745;1;1;1;7;94
201400046598;14;6;13;715;1;1;1;5;94
201400046601;14;6;13;2250;3;1;1;2;94
201400046603;14;6;15;1815;1;1;1;3;94
201400046606;14;6;16;910;1;1;1;6;94
201400046607;14;6;16;940;1;1;1;3;94
201400046608;14;6;16;1610;1;1;1;2;94
201400046609;14;6;17;1500;1;1;1;2;94
201400046610;14;6;18;1645;1;1;1;5;94
201400046612;14;6;20;230;5;1;1;6;94
201400046613;14;6;20;1420;1;1;1;2;94
201400046617;14;6;23;1900;1;1;1;2;94
201400046619;14;6;25;830;1;1;1;2;94