Num_Acc;an;mois;jour;hrmn;lum;agg;atm;col;dep
201400046620;14;6;25;1100;1;1;1;3;94
201400046621;14;6;25;1230;1;1;1;3;94
201400046622;14;6;26;900;1;1;1;4;94
201400046627;14;7;1;1655;1;1;1;4;94
201400046628;14;7;2;655;1;1;1;5;94
201400046632;14;7;3;940;1;1;1;4;94
201400046633;14;7;3;1030;1;1;1;3;94
201400046638;14;7;7;1800;1;1;2;2;94
201400046639;14;7;7;2145;5;1;2;6;94
201400046641;14;7;8;1340;1;1;2;3;94
201400046643;14;7;10;2020;2;1;2;6;94
201400046644;14;7;10;15;3;1;2;6;77
201400046646;14;7;10;945;1;1;2;7;94
201400046647;14;7;11;905;1;1;2;5;94
201400046648;14;7;11;1400;1;1;2;3;94
201400046649;14;7;11;1620;1;1;2;3;94
201400046650;14;7;11;1600;1;1;1;4;94
201400046651;14;7;12;350;5;1;1;6;94
201400046652;14;7;12;1500;1;1;1;5;94
201400046656;14;7;15;1815;1;1;1;3;94
201400046659;14;7;18;1600;1;1;1;7;94
201400046661;14;7;19;520;3;1;1;4;93
201400046662;14;7;19;1500;1;1;1;4;94
201400046663;14;7;21;940;1;1;1;2;94
201400046664;14;7;22;600;2;1;1;6;94
201400046668;14;7;26;1000;1;1;1;3;94
201400046669;14;7;26;1650;1;1;1;3;94
201400046670;14;7;29;1124;1;1;1;3;94
201400046672;14;7;30;1315;1;1;1;6;94
201400046673;14;8;1;1005;1;1;1;3;94
201400046674;14;8;1;1130;1;1;1;3;94
201400046676;14;8;2;621;5;1;1;2;94
201400046678;14;8;6;1750;1;1;2;5;94
201400046679;14;8;6;1915;1;1;1;2;94
201400046680;14;8;9;1918;1;1;2;4;94
201400046681;14;8;7;1830;1;1;1;4;94
201400046682;14;8;8;1320;1;1;2;4;94
201400046683;14;8;9;800;1;1;1;6;94
201400046684;14;8;10;200;5;1;3;2;94
201400046685;14;8;10;715;2;1;2;2;94
201400046688;14;8;17;1925;1;1;1;3;94
201400046690;14;8;20;920;1;1;1;3;94
201400046691;14;8;20;2055;2;1;1;7;94
201400046692;14;8;21;906;1;1;1;5;94
201400046694;14;8;25;100;5;1;1;3;94
201400046696;14;8;25;2140;5;1;1;5;94
201400046697;14;8;26;1345;1;1;2;6;94
201400046698;14;8;27;830;1;1;1;3;94
201400046700;14;8;30;250;5;1;1;6;94
201400046703;14;8;31;1335;1;1;1;3;94
201400046704;14;9;1;515;5;1;1;7;94
201400046706;14;9;2;1015;1;1;1;3;94
201400046707;14;9;2;1123;1;1;1;2;94
201400046711;14;9;6;510;3;1;1;6;94
201400046712;14;9;6;1805;1;1;1;5;94
201400046713;14;9;7;220;5;1;1;3;94
201400046716;14;9;9;1230;1;1;1;6;94
201400046717;14;9;9;2015;2;1;1;7;94
201400046718;14;9;10;2135;3;1;1;7;94
201400046719;14;9;11;900;1;1;1;2;94
201400046720;14;9;11;1000;1;1;1;2;94
201400046721;14;9;11;1200;1;1;1;6;94
201400046723;14;9;12;1520;1;1;1;3;94
201400046724;14;9;12;1845;1;1;1;3;94
201400046725;14;9;13;1000;1;1;1;2;94
201400046726;14;9;14;1430;1;1;1;5;94
201400046727;14;9;15;220;4;1;1;6;94
201400046728;14;9;15;850;1;1;1;5;94
201400046730;14;9;15;1115;1;1;1;5;94
201400046731;14;9;15;1300;1;1;1;4;94
201400046733;14;9;16;905;1;1;1;5;94
201400046734;14;9;16;845;1;1;1;3;94
201400046735;14;9;16;945;1;1;1;3;94
201400046738;14;9;18;1715;1;1;1;6;94
201400046739;14;9;18;2015;3;1;1;3;94
201400046740;14;9;20;150;4;1;1;5;94
201400046741;14;9;21;1800;1;1;1;3;94
201400046744;14;9;22;1800;1;1;1;2;94
201400046745;14;9;23;1740;1;1;1;4;94
201400046746;14;9;23;1840;1;1;1;2;94
201400046749;14;9;26;930;1;1;1;2;94
201400046750;14;9;26;1020;1;1;1;4;93
201400046752;14;9;28;1815;1;1;1;3;94
201400046753;14;9;29;1300;1;1;1;7;94
201400046754;14;9;29;1520;1;1;9;7;94
201400046757;14;10;3;1020;1;1;1;2;94
201400046758;14;10;3;2000;5;1;1;2;94
201400046760;14;10;7;930;1;1;2;7;94
201400046761;14;10;7;1040;1;1;1;2;94
201400046764;14;10;8;1950;5;1;3;6;94
201400046765;14;10;9;50;3;1;2;6;94
201400046766;14;10;8;1715;1;1;1;3;94
201400046767;14;10;10;1630;1;1;1;7;94
201400046773;14;10;14;715;5;1;1;5;94
201400046776;14;10;15;1900;2;1;2;6;94
201400046778;14;10;16;1014;1;1;2;6;94
201400046779;14;10;16;1920;3;1;2;3;94
201400046781;14;10;18;1230;1;1;1;5;94
201400046782;14;10;20;930;1;1;1;2;94
201400046783;14;10;21;930;1;1;1;3;94
201400046784;14;10;21;1915;5;1;2;2;94
201400046785;14;10;22;2330;5;1;1;2;94
201400046787;14;10;25;25;5;1;1;6;94
201400046788;14;10;28;1500;1;1;1;2;94
201400046790;14;10;28;1815;4;1;1;3;94
201400046796;14;11;1;45;5;1;1;7;94
201400046798;14;11;3;20;3;1;2;2;94
201400046800;14;11;4;805;1;1;2;2;94
201400046802;14;11;6;1145;1;1;1;3;94
201400046805;14;11;8;700;4;1;1;6;94
201400046806;14;11;8;1045;1;1;1;5;94
201400046807;14;11;8;1245;1;1;1;6;94
201400046808;14;11;10;1020;1;1;1;4;94
201400046810;14;11;12;1630;1;1;1;5;94
201400046811;14;11;13;618;3;1;1;4;77
201400046814;14;11;15;350;3;1;3;2;94
201400046815;14;11;16;2240;5;1;1;6;94
201400046817;14;11;18;1255;1;1;1;3;94
201400046818;14;11;18;1552;1;1;1;5;94
201400046820;14;11;20;700;3;1;1;5;94
201400046822;14;11;20;920;1;1;1;2;94
201400046823;14;11;21;1815;3;1;1;7;94
201400046824;14;11;21;1900;4;1;1;3;94
201400046825;14;11;23;450;5;1;1;6;94
201400046826;14;11;24;915;1;1;1;5;94
201400046828;14;11;25;830;1;1;1;7;94
201400046831;14;11;26;1940;5;1;1;2;94
201400046832;14;11;27;915;1;1;1;4;94
201400046833;14;11;27;1550;1;1;1;4;94
201400046834;14;11;27;1830;3;1;1;5;94
201400046837;14;11;28;1735;3;1;1;2;94
201400046840;14;12;5;850;1;1;1;7;94
201400046841;14;12;5;2125;3;1;1;2;94
201400046842;14;12;7;2320;3;1;3;6;94
201400046843;14;12;8;900;1;1;1;3;94
201400046845;14;12;9;1715;3;1;1;4;94
201400046848;14;12;11;745;2;1;1;2;94
201400046850;14;12;12;540;3;1;2;5;94
201400046851;14;12;12;1740;3;1;2;2;94
201400046852;14;12;12;1800;3;1;1;7;94
201400046854;14;12;13;410;5;1;1;3;94
201400046855;14;12;13;1150;1;1;2;5;94
201400046857;14;12;13;1645;1;1;2;7;94
201400046859;14;12;15;1420;1;1;1;2;94
201400046861;14;12;16;750;1;1;2;5;94
201400046862;14;12;16;802;2;1;2;7;94
201400046863;14;12;16;900;1;1;2;3;94
201400046864;14;12;17;1310;1;1;2;5;94
201400046865;14;12;17;1700;3;1;2;2;94
201400046866;14;12;18;545;3;1;2;5;94
201400046867;14;12;18;1310;1;1;1;4;94
201400046868;14;12;12;500;5;1;1;2;94
201400046870;14;12;19;1830;3;1;1;3;94
201400046871;14;12;20;110;3;1;1;5;94
201400046875;14;12;27;515;3;1;1;6;94
201400046878;14;12;29;1820;3;1;1;7;94
201400046879;14;1;29;620;3;1;2;2;93
201400046880;14;1;1;1;3;1;1;5;93
201400046881;14;1;1;23;3;1;2;7;93
201400046883;14;1;1;240;4;1;2;2;93
201400046884;14;1;1;600;4;1;1;7;93
201400046885;14;1;2;840;1;1;1;6;93
201400046888;14;1;2;1000;1;1;2;6;95
201400046890;14;1;3;900;1;1;1;3;93
201400046896;14;1;7;1230;1;1;1;4;93
201400046897;14;1;8;700;3;1;1;6;93
201400046898;14;1;8;2150;4;1;1;6;93
201400046899;14;1;9;700;3;1;1;7;93
201400046901;14;1;10;2350;3;1;1;3;93
201400046902;14;1;11;805;1;1;2;3;93
201400046903;14;1;11;940;1;1;2;6;93
201400046904;14;1;11;1157;1;1;2;3;93
201400046907;14;1;13;939;1;1;1;2;93
201400046910;14;1;14;1057;1;1;2;6;93
201400046916;14;1;16;815;1;1;2;4;93
201400046917;14;1;16;1300;1;1;1;6;93
201400046918;14;1;16;1410;1;1;1;7;93
201400046919;14;1;16;1735;5;1;1;2;93
201400046922;14;1;18;1845;4;1;1;4;93
201400046930;14;1;23;1010;1;1;1;6;93
201400046931;14;1;23;1600;2;1;2;5;93
201400046932;14;1;24;501;3;1;1;6;93
201400046934;14;1;25;135;4;1;1;2;93
201400046937;14;1;29;1755;2;1;1;2;93
201400046939;14;1;30;400;4;1;1;7;93
201400046941;14;1;30;1535;1;1;1;3;93
201400046943;14;1;31;650;3;1;1;2;93
201400046944;14;1;31;1245;1;1;1;2;93
201400046946;14;3;5;850;1;1;1;2;93
201400046950;14;2;1;1030;1;1;2;6;93
201400046951;14;2;1;1110;1;1;1;2;93
201400046952;14;2;1;1135;1;1;1;5;93
201400046953;14;2;1;1720;1;1;1;4;93
201400046955;14;2;2;1315;1;1;1;1;93
201400046956;14;2;2;2245;4;1;1;6;93
201400046957;14;2;4;1500;1;1;1;3;93
201400046958;14;2;5;205;5;1;1;6;93
201400046960;14;2;5;808;2;1;1;2;93
201400046963;14;2;9;1325;1;1;1;4;93
201400046966;14;2;9;2140;4;1;1;2;93
201400046967;14;2;7;1030;1;1;1;3;93
201400046968;14;2;7;1200;1;1;1;2;93
201400046969;14;2;7;1650;1;1;1;4;93
201400046970;14;2;10;1340;1;1;1;7;93
201400046974;14;2;11;1000;1;1;1;7;93
201400046975;14;2;11;1750;4;1;2;7;93
201400046978;14;2;12;605;3;1;1;3;93
201400046985;14;2;14;1456;1;1;1;7;93
201400046987;14;2;14;1930;3;1;1;1;93
201400046989;14;2;15;1330;1;1;1;6;93
201400046991;14;2;17;1645;1;1;1;2;93
201400046992;14;2;18;2250;3;1;1;5;93
201400046994;14;2;19;1615;1;1;1;4;93
201400046995;14;2;19;2140;3;1;1;4;93
201400046996;14;2;20;925;1;1;2;6;93
201400046997;14;2;20;1150;1;1;2;4;93
201400047000;14;2;21;1040;1;1;1;3;93
201400047001;14;2;21;2106;3;1;1;2;93
201400047002;14;2;22;1244;1;1;1;3;95
201400047005;14;2;24;1920;3;1;1;6;93
201400047007;14;2;25;1200;1;1;1;2;93
201400047008;14;2;27;1650;1;1;1;6;93
201400047009;14;2;26;2020;3;1;1;2;93
201400047010;14;2;27;1210;1;1;2;3;93
201400047011;14;2;27;1530;1;1;1;4;93
201400047012;14;2;27;1630;1;1;1;2;93
201400047013;14;2;27;1730;1;1;1;2;93
201400047015;14;2;28;940;1;1;2;6;93
201400047018;14;3;2;1650;1;1;1;6;93
201400047019;14;3;2;1930;3;1;1;2;93
201400047021;14;3;3;815;1;1;1;2;93
201400047023;14;3;3;1840;3;1;1;3;93
201400047029;14;3;4;2030;3;1;1;3;93
201400047030;14;3;5;850;1;1;1;2;93
201400047033;14;3;7;1815;1;1;1;2;93
201400047035;14;3;8;650;2;1;1;6;93
201400047036;14;3;8;1154;1;1;1;4;93
201400047037;14;3;9;525;5;1;1;6;93
201400047038;14;3;9;1840;3;1;1;2;93
201400047039;14;3;10;820;1;1;1;6;93
201400047040;14;3;10;900;1;1;1;3;93
201400047046;14;3;13;1000;1;1;1;3;93
201400047048;14;3;13;1910;1;1;1;6;93
201400047049;14;3;13;2015;3;1;1;6;93
201400047051;14;3;15;1530;1;1;1;2;93
201400047053;14;3;16;630;2;1;1;6;95
201400047054;14;3;16;1605;1;1;1;2;93
201400047055;14;3;16;2000;4;1;1;2;93
201400047056;14;3;17;900;1;1;1;7;93
201400047058;14;3;18;850;1;1;1;7;93
201400047059;14;3;18;1810;1;1;1;2;95
201400047060;14;3;18;1646;1;1;1;3;93
201400047062;14;3;19;1400;1;1;1;6;93
201400047063;14;3;20;730;1;1;1;2;93
201400047066;14;3;20;1730;1;1;1;4;93
201400047068;14;3;21;1440;1;1;1;2;93
201400047069;14;3;22;1200;1;1;1;6;93
201400047071;14;3;24;820;1;1;1;7;93
201400047072;14;3;24;1540;1;1;1;2;93
201400047073;14;3;25;915;1;1;2;4;93
201400047074;14;3;25;945;1;1;2;3;93
201400047075;14;3;29;1000;1;1;1;5;93
201400047076;14;3;26;1230;1;1;1;3;93
201400047078;14;3;27;1227;1;1;1;6;93
201400047080;14;3;28;10;5;1;1;6;93
201400047081;14;3;28;700;1;1;1;6;93
201400047082;14;3;28;1000;1;1;1;4;93
201400047085;14;3;30;540;5;1;1;6;93
201400047087;14;3;30;1748;1;1;1;6;93
201400047088;14;3;30;2130;3;1;1;5;93
201400047089;14;3;30;2045;4;1;1;2;93
201400047090;14;3;31;2030;3;1;1;6;93
201400047091;14;3;31;2200;5;1;1;7;93
201400047092;14;7;20;1330;1;1;1;2;93
201400047100;14;4;4;740;1;1;1;3;93
201400047102;14;4;4;1830;1;1;1;3;93
201400047104;14;4;5;1230;1;1;1;4;93
201400047107;14;4;8;850;1;1;1;2;93
201400047108;14;4;8;2315;3;1;1;3;95
201400047110;14;4;9;740;1;1;1;7;93
201400047111;14;4;9;840;1;1;1;6;93
201400047112;14;4;9;1100;1;1;1;6;93
201400047113;14;4;9;1325;1;1;1;6;93
201400047117;14;4;11;1400;1;1;1;2;93
201400047118;14;4;11;1510;1;1;1;5;93
201400047120;14;4;11;2000;1;1;1;5;93
201400047121;14;4;12;535;3;1;1;6;93
201400047122;14;4;12;600;5;1;1;6;93
201400047124;14;4;13;900;1;1;1;6;93
201400047125;14;4;13;1615;1;1;1;6;95
201400047127;14;4;15;910;1;1;1;2;95
201400047129;14;4;16;1915;1;1;1;5;93
201400047132;14;4;16;1330;1;1;1;6;95
201400047134;14;4;17;2000;1;1;1;2;93
201400047136;14;4;18;620;5;1;1;5;93
201400047137;14;4;18;1200;1;1;1;2;95
201400047139;14;4;19;905;1;1;1;3;93
201400047141;14;4;20;2040;2;1;1;6;93
201400047143;14;4;21;2300;4;1;1;6;93
201400047149;14;4;23;1515;1;1;1;4;93
201400047151;14;4;25;5;3;1;1;7;93
201400047154;14;4;25;1900;1;1;1;3;93
201400047155;14;4;26;1305;1;1;2;6;93
201400047159;14;4;26;2335;4;1;2;7;93
201400047161;14;7;9;1110;1;1;1;5;93
201400047163;14;7;25;1530;1;1;1;4;93
201400047166;14;7;29;1840;1;1;2;7;93
201400047168;14;5;1;1600;1;1;8;2;93
201400047169;14;5;1;2220;4;1;3;7;93
201400047170;14;5;2;335;3;1;1;7;93
201400047172;14;5;4;1455;1;1;1;4;93
201400047173;14;5;5;815;1;1;1;6;93
201400047175;14;5;5;1518;1;1;1;2;93
201400047176;14;5;6;1445;1;1;1;6;93
201400047177;14;5;6;1755;1;1;1;6;95
201400047180;14;5;7;2000;1;1;1;3;93
201400047181;14;5;8;1856;1;1;2;4;93
201400047182;14;5;8;2215;3;1;9;7;93
201400047183;14;5;8;2245;3;1;1;6;93
201400047185;14;5;9;1630;1;1;1;5;93
201400047187;14;5;10;1430;1;1;2;4;93
201400047188;14;5;10;1530;1;1;2;6;93
201400047189;14;5;10;1630;1;1;3;6;93
201400047191;14;5;10;2215;3;1;1;6;93
201400047192;14;5;11;1315;1;1;1;6;95
201400047193;14;5;11;1830;1;1;2;2;93
201400047194;14;5;12;1445;1;1;3;7;93
201400047195;14;5;14;615;1;1;1;3;93
201400047197;14;5;15;740;1;1;1;3;93
201400047199;14;5;15;1715;1;1;1;6;93
201400047200;14;5;15;1745;1;1;1;2;93
201400047201;14;5;15;2045;1;1;1;2;93
201400047202;14;5;16;900;1;1;1;2;93
201400047204;14;5;16;1930;1;1;1;4;93
201400047205;14;5;16;2030;1;1;1;7;93
201400047208;14;5;18;2020;1;1;1;2;93
201400047209;14;5;20;1630;1;1;2;3;93
201400047210;14;5;20;1730;1;1;1;2;93
201400047211;14;5;20;1735;1;1;2;3;93
201400047212;14;5;20;1915;1;1;2;2;93
201400047215;14;5;21;730;1;1;2;2;93
201400047216;14;5;21;1245;1;1;2;6;93
201400047217;14;5;21;1930;1;1;3;4;93
201400047218;14;5;21;1930;1;1;2;2;93
201400047219;14;5;22;2245;4;1;3;6;93
201400047221;14;5;22;820;1;1;1;4;93
201400047222;14;5;22;830;1;1;1;6;93
201400047223;14;5;22;925;1;1;1;2;93
201400047224;14;5;22;950;1;1;1;6;93
201400047225;14;5;22;1300;1;1;9;7;93
201400047226;14;5;23;540;2;1;1;3;93
201400047229;14;5;23;1730;1;1;1;5;93
201400047230;14;5;23;1720;1;1;2;4;93
201400047231;14;5;23;1835;1;1;2;7;93
201400047233;14;5;25;1730;1;1;1;2;93
201400047235;14;5;26;2300;3;1;1;2;93
201400047237;14;5;28;830;1;1;2;6;93
201400047239;14;5;28;2315;3;1;2;6;95
201400047240;14;5;29;350;3;1;1;2;93
201400047243;14;5;30;1915;1;1;1;6;93
201400047244;14;5;30;2000;1;1;1;2;93
201400047247;14;9;16;1000;1;1;1;6;95
201400047248;14;9;21;930;1;1;1;3;93
201400047249;14;6;1;105;3;1;1;2;93
201400047251;14;6;1;2140;3;1;1;7;93
201400047253;14;6;2;620;1;1;1;2;93
201400047255;14;6;23;1050;1;1;1;2;93
201400047256;14;6;3;1445;1;1;1;2;93
201400047258;14;6;3;2050;2;1;1;3;93
201400047259;14;6;4;815;1;1;1;2;93
201400047261;14;6;4;1030;1;1;1;3;95
201400047262;14;6;4;1200;1;1;1;6;93
201400047267;14;6;4;2050;1;1;1;3;93
201400047268;14;6;5;920;1;1;1;6;93
201400047269;14;6;6;1815;1;1;1;3;93
201400047270;14;6;6;925;1;1;1;6;93
201400047272;14;6;6;1500;1;1;1;6;93
201400047273;14;6;6;1900;1;1;1;3;93
201400047274;14;6;6;2125;1;1;1;2;93
201400047275;14;6;8;330;5;1;1;5;93
201400047276;14;6;8;440;3;1;3;5;93
201400047277;14;6;8;600;2;1;2;7;93
201400047278;14;6;8;1625;1;1;1;6;93
201400047281;14;6;9;1330;1;1;1;2;93
201400047283;14;6;9;1820;1;1;1;4;93
201400047286;14;6;10;840;1;1;8;6;93
201400047287;14;6;10;1230;1;1;2;2;93
201400047288;14;6;10;1300;1;1;3;4;93
201400047291;14;6;10;1700;1;1;3;6;93
201400047292;14;6;10;1800;1;1;1;2;93
201400047293;14;6;10;1930;1;1;2;6;93
201400047294;14;6;11;900;1;1;1;6;93
201400047296;14;6;11;1830;1;1;1;3;93
201400047297;14;6;12;835;1;1;1;3;95
201400047298;14;6;12;930;1;1;1;7;95
201400047299;14;6;12;845;1;1;1;2;93
201400047301;14;6;13;630;1;1;1;2;93
201400047303;14;6;13;830;1;1;1;6;93
201400047304;14;6;13;915;1;1;1;3;93
201400047307;14;6;13;1400;1;1;1;2;93
201400047308;14;6;13;1800;1;1;1;5;93
201400047312;14;6;14;1745;1;1;1;2;93
201400047318;14;6;17;1330;1;1;1;4;93
201400047319;14;6;17;1800;1;1;1;5;93
201400047322;14;6;19;910;1;1;1;3;93
201400047323;14;6;19;1315;1;1;1;7;93
201400047325;14;6;19;1430;1;1;1;6;93
201400047326;14;6;19;1600;1;1;1;2;93
201400047327;14;6;19;1700;1;1;1;4;93
201400047328;14;6;19;1725;1;1;1;3;93
201400047330;14;6;20;715;1;1;1;6;93
201400047331;14;6;20;730;1;1;1;6;93
201400047333;14;6;20;1000;1;1;1;5;93
201400047334;14;6;20;1330;1;1;1;6;93
201400047335;14;6;20;1930;1;1;1;2;93
201400047336;14;6;21;2205;3;1;1;7;93
201400047338;14;6;21;1330;1;1;1;2;93
201400047339;14;6;21;1430;1;1;1;2;93
201400047341;14;6;22;430;4;1;1;7;93
201400047343;14;6;23;850;1;1;1;3;93
201400047344;14;6;23;930;1;1;1;5;93
201400047346;14;6;23;1515;1;1;1;4;93
201400047347;14;6;23;1615;1;1;1;3;93
201400047348;14;6;24;1720;1;1;1;6;93
201400047349;14;6;25;106;3;1;1;7;93
201400047350;14;6;25;1015;1;1;1;2;93
201400047353;14;6;25;1830;1;1;1;3;93
201400047356;14;6;26;1540;1;1;1;2;93
201400047357;14;6;27;730;1;1;1;2;93
201400047358;14;6;27;1418;1;1;1;2;93
201400047361;14;6;27;1815;1;1;1;2;93
201400047363;14;6;27;2015;1;1;1;7;93
201400047364;14;6;28;1045;1;1;1;2;93
201400047365;14;6;28;1230;1;1;1;6;93
201400047366;14;6;28;1630;1;1;2;4;93
201400047367;14;6;28;1850;1;1;2;6;93
201400047368;14;6;28;2030;3;1;2;2;93
201400047370;14;6;29;1009;1;1;2;6;93
201400047376;14;10;6;1120;1;1;1;7;93
201400047377;14;10;6;1710;1;1;3;5;93
201400047379;14;10;12;1605;1;1;2;6;93
201400047380;14;10;12;1730;1;1;2;5;93
201400047383;14;7;1;2110;1;1;1;7;93
201400047385;14;7;2;1350;1;1;1;3;93
201400047386;14;7;2;1915;1;1;1;3;93
201400047388;14;7;3;1020;1;1;1;4;93
201400047389;14;7;3;1120;1;1;1;7;93
201400047391;14;7;3;2140;3;1;1;3;93
201400047392;14;7;4;655;2;1;1;6;93
201400047394;14;7;4;1840;1;1;1;5;93
201400047396;14;7;5;1030;1;1;1;7;93
201400047400;14;7;6;1345;1;1;3;3;95
201400047401;14;7;6;1430;1;1;3;6;93
201400047402;14;7;6;1600;1;1;2;7;93
201400047403;14;7;6;1800;1;1;1;7;95
201400047405;14;7;7;130;3;1;1;7;93
201400047406;14;7;7;1315;1;1;1;6;93
201400047408;14;7;7;1445;1;1;1;4;93
201400047409;14;7;7;1850;1;1;1;3;93
201400047412;14;7;8;830;1;1;2;6;93
201400047414;14;7;8;2100;1;1;2;2;93
201400047416;14;7;9;800;1;1;1;2;93
201400047420;14;7;8;2015;3;1;3;7;93
201400047422;14;7;10;900;1;1;2;4;93
201400047425;14;7;11;1400;1;1;2;2;93
201400047426;14;7;11;1410;1;1;2;6;93
201400047427;14;7;11;2338;3;1;1;7;93
201400047428;14;7;12;1500;1;1;1;6;93
201400047434;14;7;14;1410;1;1;1;7;93
201400047435;14;7;15;745;1;1;1;1;93
201400047436;14;7;15;930;1;1;1;7;93
201400047438;14;7;15;2340;3;1;1;3;93
201400047442;14;7;17;1900;1;1;1;3;93
201400047443;14;7;17;920;1;1;1;6;93
201400047448;14;7;22;2000;1;1;1;2;93
201400047449;14;7;21;1025;1;1;1;2;93
201400047452;14;7;22;1700;1;1;1;7;93
201400047453;14;7;23;1700;1;1;1;2;93
201400047454;14;7;23;1900;1;1;1;5;93
201400047458;14;7;24;1530;1;1;1;3;93
201400047459;14;7;24;1935;1;1;1;4;93
201400047460;14;7;25;815;1;1;1;4;93
201400047462;14;7;25;1345;1;1;1;3;93
201400047464;14;7;28;900;1;1;1;2;93
201400047466;14;7;28;1345;1;1;1;5;93
201400047469;14;7;30;1430;1;1;1;2;93
201400047471;14;7;30;540;3;1;1;6;93
201400047474;14;11;21;2135;4;1;1;2;93
201400047476;14;11;29;620;5;1;1;3;93
201400047478;14;8;1;550;2;1;1;3;93
201400047479;14;8;1;1600;1;1;1;4;93
201400047480;14;8;2;1145;1;1;1;2;93
201400047484;14;8;6;1540;1;1;2;6;93
201400047486;14;8;6;1640;1;1;1;6;93
201400047495;14;8;10;545;4;1;1;6;93
201400047498;14;8;10;1715;1;1;2;6;93
201400047503;14;8;12;1820;1;1;1;1;93
201400047506;14;8;13;1535;1;1;1;7;93
201400047509;14;8;14;1909;1;1;1;6;95
201400047510;14;8;14;2030;1;1;3;5;95
201400047512;14;8;17;2300;3;1;1;2;93
201400047515;14;8;21;910;1;1;1;2;93
201400047517;14;8;22;1315;1;1;1;5;93
201400047521;14;8;23;715;1;1;1;6;93
201400047522;14;8;24;915;1;1;1;7;93
201400047523;14;8;24;1435;1;1;1;3;93
201400047529;14;8;25;2340;3;1;2;7;93
201400047530;14;8;26;725;1;1;2;6;93
201400047531;14;8;26;925;1;1;1;4;93
201400047533;14;8;26;1800;1;1;1;2;93
201400047534;14;8;26;2050;3;1;2;6;93
201400047535;14;8;26;2050;3;1;9;6;93
201400047538;14;8;27;815;1;1;2;7;95
201400047540;14;8;27;950;1;1;1;3;93
201400047541;14;8;27;1000;1;1;1;5;93
201400047542;14;8;27;1602;1;1;1;5;93
201400047543;14;8;27;1900;1;1;1;2;93
201400047544;14;8;28;1100;1;1;1;3;93
201400047545;14;8;28;1545;1;1;1;6;93
201400047548;14;8;31;1415;1;1;1;6;93
201400047554;14;9;1;1250;1;1;1;6;93
201400047555;14;9;1;1750;1;1;1;5;93
201400047556;14;9;1;1835;1;1;1;3;93
201400047557;14;9;2;605;2;1;1;2;93
201400047559;14;9;3;900;1;1;1;2;95
201400047560;14;9;3;1500;1;1;1;4;93
201400047562;14;9;3;1845;1;1;1;5;93
201400047564;14;9;5;850;1;1;1;4;93
201400047568;14;9;8;515;3;1;1;2;93
201400047569;14;9;8;515;3;1;1;7;93
201400047571;14;9;9;910;1;1;1;4;93
201400047572;14;9;10;845;1;1;1;7;93
201400047573;14;9;10;1700;1;1;1;6;93
201400047574;14;9;10;1710;1;1;1;2;93
201400047575;14;9;10;2000;1;1;1;6;93
201400047576;14;9;11;820;1;1;1;6;93
201400047579;14;9;11;910;1;1;1;3;93
201400047580;14;9;11;1900;1;1;1;3;93
201400047581;14;9;12;1700;1;1;1;4;93
201400047584;14;9;15;1000;1;1;1;7;93
201400047588;14;9;16;1230;1;1;1;7;93
201400047589;14;9;16;2115;4;1;1;7;93
201400047591;14;9;16;2303;5;1;1;6;93
201400047593;14;9;18;2215;3;1;1;2;93
201400047596;14;9;20;2135;3;1;1;2;93
201400047601;14;9;23;915;1;1;1;2;93
201400047605;14;9;25;930;1;1;1;3;93
201400047608;14;9;27;1020;1;1;1;4;93
201400047617;14;10;1;805;2;1;1;3;93
201400047620;14;10;1;1840;1;1;1;4;93
201400047621;14;10;2;1428;5;1;1;6;93
201400047622;14;10;2;1430;5;1;1;6;93
201400047623;14;10;2;1630;1;1;1;7;93
201400047624;14;10;3;740;1;1;1;3;93
201400047625;14;10;3;1830;1;1;1;5;93
201400047626;14;10;3;2120;3;1;1;2;93
201400047629;14;10;5;515;3;1;9;7;93
201400047634;14;10;6;2140;3;1;2;2;93
201400047637;14;10;7;1030;1;1;1;6;93
201400047639;14;10;8;730;1;1;3;2;93
201400047640;14;10;7;1430;1;1;1;3;93
201400047641;14;10;7;1920;2;1;1;6;93
201400047647;14;10;8;1934;4;1;3;5;93
201400047648;14;10;8;2210;4;1;2;6;93
201400047649;14;10;9;34;4;1;2;3;93
201400047650;14;10;9;640;2;1;1;4;93
201400047651;14;10;9;1045;1;1;1;3;93
201400047654;14;10;13;1314;1;1;1;6;93
201400047656;14;10;11;1150;1;1;2;3;93
201400047658;14;10;12;1315;1;1;1;7;93
201400047659;14;10;15;1800;1;1;1;6;95
201400047665;14;10;13;945;1;1;1;2;93
201400047666;14;10;13;1640;1;1;1;2;93
201400047668;14;10;13;1815;1;1;1;2;93
201400047670;14;10;15;610;3;1;1;2;93
201400047672;14;10;15;1115;1;1;1;7;93
201400047673;14;10;15;1530;1;1;2;6;95
201400047674;14;10;16;610;3;1;1;3;93
201400047675;14;10;16;950;1;1;1;6;93
201400047677;14;10;17;1710;1;1;1;3;93
201400047678;14;10;17;2150;4;1;1;4;93
201400047680;14;10;17;740;2;1;1;6;93
201400047682;14;10;18;2150;3;1;1;1;93
201400047684;14;10;18;2150;3;1;1;6;93
201400047686;14;10;19;2040;3;1;1;3;93
201400047687;14;10;20;1050;1;1;1;4;93
201400047689;14;10;21;2025;5;1;1;3;93
201400047690;14;10;21;2226;4;1;1;6;93