Num_Acc;an;mois;jour;hrmn;lum;agg;atm;col;dep
201400047694;14;10;23;1700;1;1;1;4;93
201400047695;14;10;23;1415;1;1;1;4;93
201400047696;14;10;23;1430;1;1;1;3;93
201400047697;14;10;23;1550;1;1;1;4;93
201400047699;14;10;26;750;1;1;1;3;93
201400047701;14;10;28;900;1;1;1;3;93
201400047706;14;10;29;915;1;1;1;6;93
201400047707;14;10;29;2125;4;1;1;7;93
201400047708;14;10;30;645;3;1;1;6;93
201400047710;14;10;30;1925;3;1;1;5;93
201400047711;14;10;31;1530;1;1;1;6;93
201400047712;14;10;31;1805;3;1;1;4;93
201400047715;14;10;31;2120;3;1;1;1;93
201400047725;14;11;3;2120;3;1;2;5;93
201400047728;14;11;4;1920;3;1;1;2;93
201400047729;14;11;5;400;3;1;1;6;93
201400047730;14;11;5;800;1;1;1;3;93
201400047732;14;11;5;1750;4;1;1;5;93
201400047733;14;11;5;1440;1;1;1;2;93
201400047734;14;11;6;730;1;1;1;3;93
201400047737;14;11;6;1750;3;1;1;3;93
201400047739;14;11;7;1700;1;1;1;2;93
201400047742;14;11;9;2040;4;1;1;6;93
201400047743;14;11;8;1250;1;1;1;4;93
201400047744;14;11;10;630;4;1;1;2;93
201400047747;14;11;12;1540;1;1;1;3;93
201400047748;14;11;12;1815;3;1;1;2;93
201400047749;14;11;12;1830;3;1;1;5;93
201400047750;14;11;12;2030;3;1;1;7;93
201400047753;14;11;14;250;3;1;1;2;95
201400047755;14;11;14;1500;1;1;1;3;93
201400047756;14;11;15;1610;1;1;1;2;93
201400047759;14;11;14;2000;4;1;2;3;93
201400047763;14;11;16;654;4;1;1;6;93
201400047765;14;11;16;1620;3;1;2;6;93
201400047768;14;11;17;830;1;1;2;7;93
201400047769;14;11;17;900;1;1;2;7;93
201400047770;14;11;17;1730;3;1;2;3;93
201400047771;14;11;17;1945;3;1;2;4;93
201400047777;14;11;18;1820;2;1;2;6;93
201400047779;14;11;19;1940;3;1;1;3;93
201400047781;14;11;19;1840;3;1;1;4;93
201400047787;14;11;24;800;1;1;1;5;93
201400047788;14;11;22;1315;1;1;1;5;93
201400047789;14;11;22;1640;2;1;1;6;93
201400047791;14;11;22;2055;4;1;1;2;93
201400047792;14;11;23;1130;1;1;1;7;93
201400047794;14;11;24;905;1;1;2;2;93
201400047795;14;11;24;1025;1;1;1;5;93
201400047797;14;11;26;600;3;1;2;2;93
201400047800;14;11;27;1130;1;1;1;2;93
201400047802;14;11;27;2000;3;1;1;5;93
201400047806;14;11;28;800;1;1;1;4;93
201400047807;14;11;28;840;1;1;1;6;93
201400047808;14;11;28;900;1;1;1;2;93
201400047811;14;11;28;1930;3;1;1;6;93
201400047833;14;12;7;2120;3;1;2;6;95
201400047853;14;12;13;1535;1;1;3;6;95
201400047890;14;12;27;1115;1;1;1;6;95
201400047903;14;12;31;2200;3;1;1;2;95
201400047904;14;7;21;15;3;1;1;4;93
201400047907;14;10;7;435;3;1;2;7;93
201400047908;14;10;19;2200;3;1;1;2;93
201400048483;14;1;6;535;3;1;1;6;94
201400048492;14;1;12;145;5;1;1;6;94
201400048494;14;1;11;1235;1;1;1;3;94
201400048497;14;1;13;1320;1;1;1;4;94
201400048504;14;1;15;2040;4;1;1;2;94
201400048505;14;1;19;1050;1;1;1;7;94
201400048507;14;1;20;1125;1;1;8;6;94
201400048511;14;1;23;1843;3;1;3;3;94
201400048519;14;1;26;1850;3;1;1;2;94
201400048522;14;1;30;836;3;1;1;2;94
201400048523;14;1;30;1400;1;1;1;7;94
201400048524;14;1;30;2100;5;1;8;5;94
201400048529;14;2;3;809;2;1;1;3;94
201400048532;14;2;7;530;1;1;1;6;94
201400048542;14;2;11;2020;5;1;1;6;94
201400048546;14;2;14;950;1;1;2;5;94
201400048547;14;2;14;1709;1;1;1;3;94
201400048550;14;2;15;1938;5;1;1;5;94
201400048558;14;2;26;930;1;1;1;7;94
201400048569;14;3;2;2310;5;1;2;6;94
201400048570;14;3;3;1451;1;1;1;7;94
201400048571;14;3;4;655;2;1;1;7;94
201400048578;14;3;6;127;5;1;1;5;94
201400048582;14;3;7;1710;1;1;1;5;94
201400048583;14;3;7;1740;1;1;1;3;94
201400048589;14;3;9;2032;3;1;1;3;94
201400048590;14;3;11;951;1;1;1;3;94
201400048597;14;3;13;740;1;1;1;7;94
201400048599;14;3;13;1730;5;1;1;7;94
201400048603;14;3;16;615;5;1;1;2;94
201400048606;14;3;18;955;1;1;1;3;94
201400048621;14;3;27;1626;1;1;1;2;94
201400048622;14;3;27;1930;2;1;1;2;94
201400048634;14;4;6;737;2;1;1;7;94
201400048636;14;4;7;1055;1;1;1;4;94
201400048637;14;4;19;1213;1;1;1;2;94
201400048639;14;4;9;910;1;1;1;7;94
201400048644;14;4;10;1300;1;1;1;6;94
201400048645;14;4;12;1430;1;1;1;6;94
201400048654;14;4;18;1415;1;1;1;4;94
201400048655;14;4;19;1720;1;1;8;7;94
201400048660;14;4;25;657;2;1;1;2;94
201400048665;14;4;27;510;3;1;1;6;94
201400048667;14;4;27;1335;1;1;1;4;94
201400048672;14;4;29;1915;1;1;1;6;94
201400048677;14;5;1;2235;3;1;2;5;94
201400048679;14;5;3;1;5;1;1;5;94
201400048680;14;5;2;2343;5;1;1;6;94
201400048685;14;5;8;1454;1;1;2;4;94
201400048689;14;5;12;851;1;1;1;3;94
201400048694;14;5;14;1400;1;1;1;2;94
201400048705;14;5;18;1900;1;1;1;4;94
201400048706;14;5;19;1430;1;1;1;2;94
201400048707;14;5;19;1830;1;1;1;2;94
201400048709;14;5;20;2035;1;1;2;4;94
201400048710;14;5;20;2135;5;1;2;4;94
201400048718;14;5;30;645;1;1;1;7;94
201400048720;14;5;27;2027;1;1;1;6;94
201400048722;14;5;31;1505;1;1;1;2;94
201400048730;14;6;4;1115;1;1;1;5;94
201400048738;14;6;9;250;3;1;1;6;94
201400048739;14;6;9;1100;1;1;2;6;94
201400048752;14;6;13;1810;1;1;1;3;94
201400048754;14;6;14;620;1;1;1;2;94
201400048757;14;6;17;854;1;1;1;7;94
201400048761;14;6;18;1840;1;1;1;3;94
201400048765;14;6;20;1923;1;1;1;3;94
201400048768;14;6;23;1450;1;1;1;4;94
201400048779;14;6;27;1025;1;1;1;3;94
201400048781;14;6;27;1900;1;1;1;4;94
201400048790;14;6;29;130;4;1;2;6;94
201400048792;14;6;29;1340;1;1;2;2;94
201400048794;14;6;29;1405;1;1;2;2;94
201400048796;14;6;29;1920;1;1;2;7;94
201400048799;14;7;3;1145;1;1;1;2;94
201400048802;14;7;4;1351;1;1;2;4;94
201400048803;14;7;5;524;3;1;2;5;94
201400048804;14;7;5;630;2;1;3;6;94
201400048806;14;7;5;1045;1;1;2;6;94
201400048807;14;7;6;440;3;1;1;7;94
201400048810;14;7;6;1210;1;1;2;2;94
201400048811;14;7;6;1425;1;1;2;7;94
201400048812;14;7;6;1800;1;1;2;6;94
201400048813;14;7;6;1955;1;1;2;4;94
201400048814;14;7;6;2320;4;1;1;6;94
201400048815;14;7;7;2115;1;1;2;4;94
201400048818;14;7;10;730;1;1;2;7;94
201400048819;14;7;10;920;1;1;2;6;94
201400048824;14;7;11;940;1;1;2;7;94
201400048829;14;7;16;1620;1;1;1;3;94
201400048830;14;7;17;831;1;1;1;5;94
201400048832;14;7;17;1043;1;1;1;3;94
201400048834;14;7;17;1740;1;1;1;3;94
201400048843;14;7;22;1212;1;1;8;4;94
201400048844;14;7;22;1731;1;1;1;7;94
201400048849;14;7;23;1335;1;1;1;7;94
201400048852;14;7;25;910;1;1;1;7;94
201400048853;14;7;25;1100;1;1;1;3;94
201400048858;14;7;28;1550;1;1;1;6;94
201400048859;14;7;30;55;4;1;1;3;94
201400048864;14;7;31;1645;1;1;1;2;94
201400048872;14;8;6;1945;1;1;2;5;94
201400048880;14;8;14;1816;1;1;2;4;94
201400048885;14;8;18;1333;1;1;1;4;94
201400048886;14;8;18;1615;1;1;1;4;94
201400048891;14;8;25;1508;1;1;1;4;94
201400048894;14;8;26;1613;1;1;1;2;94
201400048895;14;8;27;330;3;1;1;6;94
201400048896;14;8;27;829;1;1;2;7;94
201400048898;14;8;28;928;1;1;1;2;94
201400048899;14;8;29;1650;1;1;1;5;94
201400048904;14;9;2;1523;1;1;1;7;94
201400048906;14;9;2;1730;1;1;1;2;94
201400048916;14;9;10;754;1;1;1;3;94
201400048917;14;9;10;2100;5;1;1;2;94
201400048918;14;9;12;2006;1;1;1;5;94
201400048929;14;9;18;1740;1;1;1;4;94
201400048930;14;9;18;1935;1;1;1;3;94
201400048932;14;9;20;2025;1;1;1;3;94
201400048940;14;9;21;1430;1;1;1;6;94
201400048949;14;9;29;845;1;1;2;7;94
201400048951;14;9;29;915;1;1;2;2;94
201400048953;14;10;3;1345;1;1;1;2;94
201400048954;14;10;6;630;5;1;2;2;94
201400048959;14;10;8;800;1;1;8;4;94
201400048960;14;10;8;905;1;1;3;7;94
201400048962;14;10;8;1100;1;1;3;7;94
201400048965;14;10;9;35;5;1;1;7;94
201400048968;14;10;12;1850;2;1;2;2;94
201400048969;14;10;12;2110;2;1;1;2;94
201400048979;14;10;17;2115;3;1;1;4;94
201400048984;14;10;21;753;2;1;1;3;94
201400048990;14;10;24;1820;2;1;2;6;94
201400048991;14;10;24;1930;2;1;1;3;94
201400048996;14;10;28;1900;5;1;1;3;94
201400048998;14;10;29;1630;1;1;1;7;94
201400049000;14;10;31;1350;1;1;1;2;94
201400049013;14;11;6;650;3;1;1;5;94
201400049014;14;11;7;1030;1;1;2;3;94
201400049015;14;11;7;830;2;1;1;3;94
201400049020;14;11;9;157;5;1;1;2;94
201400049024;14;11;11;537;5;1;1;2;94
201400049034;14;11;14;1600;1;1;2;6;94
201400049037;14;11;15;1835;5;1;1;1;94
201400049041;14;11;16;1645;2;1;2;6;94
201400049043;14;11;18;1;5;1;2;6;94
201400049045;14;11;18;1741;3;1;1;6;94
201400049048;14;11;19;1705;3;1;2;2;94
201400049049;14;11;20;740;2;1;8;3;94
201400049050;14;11;20;2225;3;1;2;7;94
201400049055;14;11;21;2100;3;1;1;4;94
201400049058;14;11;23;1856;5;1;1;4;94
201400049061;14;11;26;755;2;1;2;5;94
201400049063;14;11;28;500;3;1;1;2;94
201400049064;14;11;28;1620;1;1;1;3;94
201400049068;14;11;29;1340;1;1;1;2;94
201400049076;14;12;3;837;2;1;8;2;94
201400049086;14;12;11;1937;3;1;8;2;94
201400049087;14;12;12;1650;1;1;1;5;94
201400049092;14;12;16;740;2;1;8;3;94
201400049097;14;12;18;910;1;1;9;2;94
201400049098;14;12;18;830;1;1;2;3;94
201400049100;14;12;20;1615;1;1;1;5;94
201400049104;14;12;22;1800;3;1;1;3;94
201400049105;14;12;23;1800;3;1;1;3;94
201400049107;14;12;24;1921;3;1;8;4;94
201400049110;14;12;27;802;2;1;1;6;94
201400049111;14;12;30;1355;1;1;1;3;94
201400049112;14;1;2;1839;5;1;1;6;2B
201400049113;14;1;10;1200;1;2;1;5;2B
201400049114;14;1;13;1140;1;2;1;3;2B
201400049115;14;1;14;1320;1;2;1;3;2B
201400049116;14;1;16;1805;5;2;1;6;2B
201400049117;14;1;17;1727;5;2;2;1;2B
201400049118;14;1;19;1625;2;2;1;2;2B
201400049119;14;1;20;2310;5;2;2;6;2B
201400049120;14;1;21;759;1;1;2;4;2B
201400049121;14;1;24;745;1;2;2;6;2B
201400049122;14;1;25;1815;3;2;1;1;2B
201400049123;14;1;31;745;1;2;1;3;2B
201400049124;14;2;2;1915;5;2;1;4;2B
201400049125;14;2;10;1641;1;2;2;4;2B
201400049126;14;2;12;1415;1;2;1;3;2B
201400049127;14;2;12;1814;5;2;1;2;2B
201400049128;14;2;13;1835;2;2;1;3;2B
201400049129;14;2;14;1340;1;2;1;6;2B
201400049130;14;2;19;1918;5;2;2;2;2B
201400049131;14;2;21;1855;5;1;2;1;2B
201400049132;14;3;2;152;3;1;1;6;2B
201400049133;14;3;2;1945;5;2;1;2;2B
201400049134;14;3;7;1323;1;2;1;2;2B
201400049135;14;3;8;140;5;2;1;6;2B
201400049136;14;3;17;1655;1;2;1;2;2B
201400049137;14;3;19;1434;1;2;1;2;2B
201400049138;14;3;21;847;1;2;1;1;2B
201400049139;14;3;21;1618;1;2;1;6;2B
201400049140;14;3;24;1556;1;2;1;6;2B
201400049141;14;3;25;1905;5;2;2;3;2B
201400049142;14;3;26;1235;1;2;2;7;2B
201400049143;14;3;28;930;1;2;1;2;2B
201400049144;14;3;29;1900;5;2;1;3;2B
201400049145;14;3;31;1228;1;2;1;4;2B
201400049146;14;4;1;1015;1;2;1;6;2B
201400049147;14;4;2;1134;1;2;1;6;2B
201400049148;14;4;3;2035;5;2;1;3;2B
201400049149;14;4;4;608;5;1;3;6;2B
201400049150;14;4;4;1405;1;2;1;3;2B
201400049151;14;4;4;1720;1;2;1;2;2B
201400049152;14;4;5;17;3;1;1;6;2B
201400049153;14;4;9;1622;1;1;1;1;2B
201400049154;14;4;11;1937;1;2;1;2;2B
201400049155;14;4;12;720;1;2;2;6;2B
201400049156;14;4;12;1803;1;2;1;6;2B
201400049157;14;4;19;155;5;2;1;6;2B
201400049158;14;4;20;1902;2;2;1;5;2B
201400049159;14;4;23;315;5;2;1;6;2B
201400049160;14;4;24;1900;1;2;2;3;2B
201400049161;14;4;30;106;5;2;1;7;2B
201400049162;14;5;1;2103;3;1;1;7;2B
201400049163;14;5;2;330;5;2;2;2;2B
201400049164;14;5;1;1805;1;2;1;1;2B
201400049165;14;5;2;1100;1;2;1;7;2B
201400049166;14;5;6;1640;1;2;1;4;2B
201400049167;14;5;10;130;5;2;1;6;2B
201400049168;14;5;11;223;5;2;1;6;2B
201400049169;14;5;12;955;1;2;1;6;2B
201400049170;14;5;12;1849;1;2;1;6;2B
201400049171;14;5;14;1606;1;2;1;3;2B
201400049172;14;5;16;842;1;2;1;6;2B
201400049173;14;5;16;1255;1;1;1;2;2B
201400049174;14;5;19;1816;1;1;2;2;2B
201400049175;14;5;21;905;1;1;1;6;2B
201400049176;14;5;22;1850;1;2;1;3;2B
201400049177;14;5;23;1600;1;2;1;1;2B
201400049178;14;5;23;1708;1;1;1;7;2B
201400049179;14;5;26;1727;1;2;1;6;2B
201400049180;14;5;27;2050;2;2;1;1;2B
201400049181;14;5;28;832;1;2;1;5;2B
201400049182;14;5;28;1740;1;2;1;6;2B
201400049183;14;5;29;2100;5;2;1;3;2B
201400049184;14;5;30;955;1;2;1;7;2B
201400049185;14;6;3;1348;1;2;1;4;2B
201400049186;14;6;4;1603;1;2;1;3;2B
201400049187;14;6;6;730;1;1;1;4;2B
201400049188;14;6;6;1650;1;2;1;6;2B
201400049189;14;6;9;2013;1;2;1;3;2B
201400049190;14;6;11;1155;1;2;1;3;2B
201400049191;14;6;11;1823;1;2;1;1;2B
201400049192;14;6;12;1540;1;2;1;1;2B
201400049193;14;6;15;1041;1;1;2;2;2B
201400049194;14;6;15;2105;5;1;2;6;2B
201400049195;14;6;16;1151;1;2;1;4;2B
201400049196;14;6;17;2004;1;2;1;3;2B
201400049197;14;6;20;1715;1;1;1;3;2B
201400049198;14;6;21;1710;1;1;1;6;2B
201400049199;14;6;23;927;1;1;1;2;2B
201400049200;14;6;26;1223;1;2;3;2;2B
201400049201;14;6;30;2125;5;1;1;6;2B
201400049202;14;7;8;1515;1;2;1;3;2B
201400049203;14;7;11;900;1;2;1;3;2B
201400049204;14;7;11;1505;1;2;1;6;2B
201400049205;14;7;15;1705;1;2;1;6;2B
201400049206;14;7;16;830;1;2;1;6;2B
201400049207;14;7;16;1712;1;2;1;1;2B
201400049208;14;7;18;1938;1;2;1;6;2B
201400049209;14;7;19;2210;5;2;1;6;2B
201400049210;14;7;21;1218;1;2;1;6;2B
201400049211;14;7;24;1120;1;2;1;3;2B
201400049212;14;7;26;1608;1;1;1;3;2B
201400049213;14;7;28;1100;1;1;1;3;2B
201400049214;14;7;29;1040;1;2;1;3;2B
201400049215;14;7;30;900;1;2;3;6;2B
201400049216;14;7;31;2020;1;2;1;3;2B
201400049217;14;8;2;344;5;2;1;7;2B
201400049218;14;8;3;1215;1;2;1;2;2B
201400049219;14;8;5;1625;1;2;1;3;2B
201400049220;14;8;7;1205;1;2;1;6;2B
201400049221;14;8;8;843;1;2;1;5;2B
201400049222;14;8;9;1102;1;2;1;4;2B
201400049223;14;8;11;1639;1;2;1;1;2B
201400049224;14;8;12;1248;1;1;1;3;2B
201400049225;14;8;13;1325;1;2;1;3;2B
201400049226;14;8;18;1108;1;2;1;6;2B
201400049227;14;8;20;130;5;2;1;1;2B
201400049228;14;8;19;1230;1;2;1;2;2B
201400049229;14;8;27;740;1;2;1;6;2B
201400049230;14;8;27;1415;1;2;1;2;2B
201400049231;14;8;28;1330;1;2;1;1;2B
201400049232;14;8;29;1000;1;2;1;1;2B
201400049233;14;8;29;1210;1;2;1;1;2B
201400049234;14;8;29;920;1;2;1;2;2B
201400049235;14;8;29;1830;1;2;1;3;2B
201400049236;14;8;31;1805;1;1;1;2;2B
201400049237;14;9;4;1704;1;2;1;2;2B
201400049238;14;9;7;545;5;2;1;6;2B
201400049239;14;9;8;1210;1;2;1;4;2B
201400049240;14;9;11;905;1;2;2;6;2B
201400049241;14;9;12;1325;1;2;1;6;2B
201400049242;14;9;12;1600;1;2;1;6;2B
201400049243;14;9;17;1350;1;1;2;6;2B
201400049244;14;9;17;1629;1;1;1;2;2B
201400049245;14;9;17;1855;1;1;1;6;2B
201400049246;14;9;22;817;1;2;1;6;2B
201400049247;14;9;23;742;1;2;1;2;2B
201400049248;14;9;25;1525;1;1;2;6;2B
201400049249;14;9;28;1300;1;2;1;2;2B
201400049250;14;9;29;1911;5;2;1;2;2B
201400049251;14;9;30;900;1;2;1;6;2B
201400049252;14;10;1;1845;5;2;1;3;2B
201400049253;14;10;2;1745;1;2;1;3;2B
201400049254;14;10;3;1350;1;2;1;4;2B
201400049255;14;10;6;1653;1;2;1;6;2B
201400049256;14;10;8;415;5;2;1;6;2B
201400049257;14;10;8;2116;5;2;1;7;2B
201400049258;14;10;8;1753;1;1;1;3;2B
201400049259;14;10;8;1815;1;2;1;6;2B
201400049260;14;10;8;1620;1;1;1;2;2B
201400049261;14;10;9;841;1;2;1;6;2B
201400049262;14;10;10;1434;1;1;1;1;2B
201400049263;14;10;11;1935;5;2;1;3;2B
201400049264;14;10;13;1630;1;2;1;4;2B
201400049265;14;10;16;1628;1;1;1;2;2B
201400049266;14;10;17;706;2;2;1;3;2B
201400049267;14;10;17;1732;1;2;1;3;2B
201400049268;14;10;18;1241;1;2;1;4;2B
201400049269;14;10;19;905;1;2;1;6;2B
201400049270;14;10;21;1558;1;2;1;3;2B
201400049271;14;10;22;645;2;2;1;3;2B
201400049272;14;10;23;1341;1;2;1;6;2B
201400049273;14;10;26;1935;5;2;1;5;2B
201400049274;14;10;26;2200;5;2;1;5;2B
201400049275;14;10;31;1210;1;2;1;1;2B
201400049276;14;11;1;1236;1;2;1;6;2B
201400049277;14;11;1;1517;1;2;1;3;2B
201400049278;14;11;2;1736;1;2;1;2;2B
201400049279;14;11;4;2105;5;2;1;1;2B
201400049280;14;11;5;1715;1;2;3;1;2B
201400049281;14;11;6;1511;1;2;3;6;2B
201400049282;14;11;10;1440;1;1;2;6;2B
201400049283;14;11;10;2143;5;2;3;6;2B
201400049284;14;11;11;112;5;2;1;6;2B
201400049285;14;11;11;425;5;2;1;3;2B
201400049286;14;11;12;1043;1;2;1;6;2B
201400049287;14;11;17;1050;1;2;1;3;2B
201400049288;14;11;17;1710;5;2;2;6;2B
201400049289;14;11;20;1340;1;2;1;6;2B
201400049290;14;11;24;1340;1;2;1;6;2B
201400049291;14;11;27;1400;1;2;1;6;2B
201400049292;14;11;30;505;5;2;3;1;2B
201400049293;14;12;1;1513;1;1;1;6;2B
201400049294;14;12;1;1705;5;2;2;2;2B
201400049295;14;12;3;1805;5;2;1;4;2B
201400049296;14;12;3;2120;3;2;1;6;2B
201400049297;14;12;5;2020;5;1;1;2;2B
201400049298;14;12;5;1350;1;2;2;6;2B
201400049299;14;12;6;1230;1;2;1;2;2B
201400049300;14;12;7;615;5;2;1;1;2B
201400049301;14;12;4;1005;1;2;1;4;2B
201400049302;14;12;8;1620;1;2;1;4;2B
201400049303;14;12;9;1320;1;2;1;2;2B
201400049304;14;12;10;1730;1;2;1;6;2B
201400049305;14;12;11;1240;1;2;1;6;2B
201400049306;14;12;11;1230;1;2;1;4;2B
201400049307;14;12;14;1920;5;2;1;3;2B
201400049308;14;12;13;1859;5;2;1;2;2B
201400049309;14;12;15;1240;1;2;1;6;2B
201400049310;14;12;15;1245;1;2;1;5;2B
201400049311;14;12;16;838;1;2;3;3;2B
201400049312;14;12;19;1712;1;2;1;5;2B
201400049313;14;12;19;1757;5;2;2;3;2B
201400049314;14;12;19;2023;5;2;1;1;2B
201400049315;14;12;21;1440;1;2;1;1;2B
201400049316;14;12;22;1755;5;2;1;6;2B
201400049317;14;12;23;920;1;2;1;6;2B
201400049318;14;12;24;1805;5;2;1;6;2B
201400049319;14;12;27;1748;5;2;3;6;2B
201400049415;14;1;31;355;3;1;1;7;62
201400049460;14;5;15;820;1;1;1;6;62
201400049497;14;7;8;2005;1;1;1;7;62
201400049927;14;5;2;1915;1;1;1;6;33
201400050162;14;1;27;833;1;1;2;2;54
201400050163;14;2;17;850;1;1;5;4;54
201400050164;14;2;8;2225;3;1;1;5;54
201400050165;14;2;28;1315;1;1;2;7;54
201400050166;14;3;6;1520;1;1;1;2;54
201400050167;14;2;5;740;2;1;2;7;54
201400050168;14;4;16;907;1;1;1;2;54
201400050169;14;5;5;710;1;1;1;6;54
201400050170;14;7;13;518;2;1;1;5;54
201400050171;14;7;3;1030;1;1;1;3;54
201400050172;14;7;30;930;1;1;2;6;54
201400050173;14;8;23;1235;1;1;1;4;54
201400050174;14;9;21;2030;3;1;8;4;54
201400050175;14;10;6;1112;1;1;2;7;54
201400050176;14;10;21;2030;3;1;2;3;54
201400050177;14;10;30;1400;1;1;1;2;54
201400050178;14;11;26;1755;3;1;1;2;54
201400050179;14;11;28;1745;3;1;8;4;54
201400050180;14;11;28;1841;3;1;1;2;54
201400050181;14;12;15;1620;2;1;8;3;54
201400050185;14;2;9;930;1;1;8;6;57
201400050501;14;1;15;800;1;1;5;4;42
201400050502;14;1;17;1920;3;1;1;3;42
201400050503;14;1;28;1420;1;1;1;3;42
201400050505;14;2;25;1745;1;1;1;3;42
201400050506;14;2;27;1330;1;1;1;6;42
201400050507;14;2;28;2140;3;1;1;3;42
201400050508;14;3;28;1615;1;1;1;3;69
201400050509;14;3;23;1110;1;1;1;3;42
201400050510;14;4;9;1525;1;1;1;2;69
201400050511;14;4;22;1920;1;1;1;7;42
201400050512;14;4;26;45;3;1;1;6;42
201400050513;14;4;28;405;3;1;3;6;42
201400050514;14;5;2;1935;1;1;2;5;42
201400050515;14;5;9;2340;3;1;1;6;42
201400050516;14;5;22;815;1;1;1;4;42
201400050517;14;5;31;1530;1;1;1;4;42
201400050518;14;5;31;2235;3;1;1;6;42
201400050519;14;6;1;210;3;1;1;2;42
201400050520;14;6;10;1920;1;1;3;6;42
201400050521;14;6;27;1630;1;1;1;6;42
201400050522;14;7;1;845;1;1;1;2;42
201400050523;14;7;7;1240;1;1;2;6;42
201400050524;14;7;7;2048;1;1;2;7;42
201400050525;14;7;13;1940;1;1;8;2;42
201400050526;14;7;15;925;1;1;1;4;42
201400050527;14;7;18;1810;1;1;1;3;42
201400050528;14;7;27;5;3;1;1;2;42
201400050529;14;8;13;845;1;1;8;2;42
201400050530;14;8;19;2025;1;1;1;6;42
201400050531;14;8;17;100;3;1;1;1;42
201400050532;14;9;13;625;3;1;1;6;42
201400050533;14;9;14;1445;1;1;1;7;42
201400050534;14;9;17;1415;1;1;1;2;42
201400050535;14;10;2;1930;1;1;1;6;42
201400050536;14;10;9;1330;1;1;1;6;42
201400050537;14;10;15;1330;1;1;1;4;42
201400050538;14;10;18;1235;1;1;1;6;42
201400050539;14;10;12;1545;1;1;3;2;42
201400050540;14;10;25;2130;5;1;2;6;42
201400050542;14;9;15;850;1;1;1;6;42
201400050543;14;11;6;1745;3;1;1;2;42
201400050544;14;11;6;1815;3;1;1;2;42
201400050545;14;11;8;1315;1;1;1;7;42
201400050546;14;11;18;1645;1;1;1;6;42
201400050547;14;9;29;1200;1;1;2;2;42
201400050548;14;11;30;10;3;1;5;6;42
201400050549;14;12;1;1810;3;1;1;2;42
201400050550;14;12;7;1520;1;1;8;6;42
201400050551;14;12;9;1205;1;1;1;6;42
201400050552;14;12;4;915;1;1;5;4;42
201400050553;14;12;25;1615;1;1;1;3;42
201400050554;14;12;30;615;3;1;1;3;42
201400050565;14;1;18;1345;1;1;1;7;38
201400050607;14;2;16;140;5;1;3;6;38
201400050637;14;3;15;940;1;1;1;3;38
201400050638;14;3;16;2200;4;1;1;4;38
201400050642;14;3;21;900;1;1;1;3;38
201400050663;14;4;4;2130;3;1;1;6;38
201400050691;14;4;12;2130;3;1;1;2;10
201400050707;14;5;31;1550;1;1;1;2;38
201400050725;14;6;21;1420;1;1;1;3;38
201400050742;14;7;7;1845;1;1;3;4;38
201400050743;14;7;7;1025;1;1;2;4;38
201400050801;14;7;29;1330;1;1;1;2;38
201400050806;14;8;26;1130;1;1;2;6;10
201400050808;14;8;22;1600;1;1;1;7;10
201400050811;14;8;29;1745;1;1;2;4;38
201400050814;14;9;6;35;3;1;1;7;38
201400050815;14;9;12;615;3;1;1;2;10
201400050820;14;9;14;1925;1;1;1;3;38
201400050839;14;9;15;1000;1;1;1;5;38
201400050854;14;10;4;750;1;1;1;5;38
201400050859;14;10;4;1525;1;1;1;2;38
201400050876;14;10;20;1220;1;1;1;6;10
201400050878;14;10;13;710;3;1;2;2;38
201400050957;14;12;16;245;5;1;1;6;69
201400050963;14;12;22;1155;1;1;5;3;38
201400050964;14;12;23;605;3;1;5;5;10
201400050969;14;12;23;420;3;1;5;4;10
201400051091;14;1;29;1945;3;1;1;5;83
201400051092;14;3;9;1040;1;1;1;3;83
201400051094;14;1;9;1800;3;1;1;2;83
201400051095;14;1;19;2113;3;1;8;6;83
201400051096;14;3;5;1530;1;1;1;2;83
201400051098;14;3;11;825;1;1;1;3;83
201400051099;14;3;12;1441;1;1;1;4;83
201400051100;14;3;15;1805;1;1;1;7;83
201400051101;14;3;28;1605;1;1;1;5;83
201400051102;14;3;31;1445;1;1;1;2;83
201400051104;14;4;9;1753;1;1;1;4;83
201400051105;14;4;11;1205;1;1;1;4;83
201400051106;14;4;14;805;1;1;1;4;83
201400051107;14;4;18;1750;1;1;1;4;83
201400051109;14;5;2;1150;1;1;1;6;83
201400051111;14;5;13;1618;1;1;1;3;83
201400051126;14;7;1;1908;1;1;1;3;83
201400051133;14;7;25;2220;3;1;1;7;83
201400051138;14;9;7;620;3;1;1;5;83
201400051139;14;9;11;610;3;1;1;2;83
201400051140;14;9;11;850;1;1;1;2;83
201400051142;14;9;12;800;1;1;1;2;83
201400051143;14;9;13;1930;1;1;1;2;83
201400051144;14;9;14;1025;1;1;1;6;83
201400051145;14;9;26;740;1;1;1;2;83
201400051147;14;10;6;1405;1;1;1;4;83
201400051160;14;11;4;802;1;1;2;3;83
201400051161;14;11;6;1745;3;1;2;2;83
201400051162;14;11;13;1210;1;1;3;6;83
201400051163;14;11;13;810;1;1;1;6;83
201400051164;14;11;13;1248;1;1;1;2;83
201400051173;14;12;4;735;5;1;2;7;83
201400051180;14;1;1;420;3;1;1;7;13
201400051182;14;1;2;1025;1;1;8;7;13
201400051183;14;1;4;30;3;1;1;3;13
201400051187;14;1;10;110;3;1;1;6;13
201400051188;14;1;9;1055;1;1;1;2;13
201400051189;14;1;12;1920;3;1;1;4;13
201400051293;14;4;17;1630;1;1;1;2;13
201400051609;14;2;23;1600;1;1;1;2;13
201400052059;14;10;8;1655;1;2;1;6;75
201400052062;14;10;20;10;5;2;1;2;75